season,team_id,team_name,off_rtg,def_rtg,net_rtg,pace,rest_days,ts_pct,tov_pct,oreb_pct,home,win_streak,srs,point_diff,fg3_rate,ftr,back_to_back,travel_km,prev_margin,label
2015-16,1610612739,Cleveland Cavaliers,110.2,103.9,6.3,93.82,5,0.557467824004789,0.143,0.294,1,-1,5.486,6.0,0.3523809523809524,0.2583333333333333,0,0.0,0.0,1
2015-16,1610612765,Detroit Pistons,105.3,104.9,0.3,95.75,5,0.5224339274738783,0.14,0.313,0,1,0.485,0.6,0.3032407407407407,0.2951388888888889,0,0.0,0.0,0
2015-16,1610612739,Cleveland Cavaliers,110.2,103.9,6.3,93.82,3,0.557467824004789,0.143,0.294,1,-1,5.486,6.0,0.3523809523809524,0.2583333333333333,0,0.0,5.0,1
2015-16,1610612765,Detroit Pistons,105.3,104.9,0.3,95.75,3,0.5224339274738783,0.14,0.313,0,1,0.485,0.6,0.3032407407407407,0.2951388888888889,0,0.0,-5.0,0
2015-16,1610612739,Cleveland Cavaliers,110.2,103.9,6.3,93.82,2,0.557467824004789,0.143,0.294,0,-1,5.486,6.0,0.3523809523809524,0.2583333333333333,0,147.0,17.0,1
2015-16,1610612765,Detroit Pistons,105.3,104.9,0.3,95.75,2,0.5224339274738783,0.14,0.313,1,1,0.485,0.6,0.3032407407407407,0.2951388888888889,0,147.0,-17.0,0
2015-16,1610612739,Cleveland Cavaliers,110.2,103.9,6.3,93.82,2,0.557467824004789,0.143,0.294,0,-1,5.486,6.0,0.3523809523809524,0.2583333333333333,0,0.0,10.0,1
2015-16,1610612765,Detroit Pistons,105.3,104.9,0.3,95.75,2,0.5224339274738783,0.14,0.313,1,1,0.485,0.6,0.3032407407407407,0.2951388888888889,0,0.0,-10.0,0
2015-16,1610612754,Indiana Pacers,103.8,102.2,1.6,97.35,5,0.5365843413978495,0.151,0.271,0,3,1.658,1.7,0.2699530516431925,0.2676056338028169,0,0.0,0.0,1
2015-16,1610612761,Toronto Raptors,109.3,104.8,4.4,93.35,5,0.5518657037228097,0.139,0.3,1,4,4.118,4.5,0.2878228782287823,0.3284132841328413,0,0.0,0.0,0
2015-16,1610612761,Toronto Raptors,109.3,104.8,4.4,93.35,2,0.5518657037228097,0.139,0.3,1,4,4.118,4.5,0.2878228782287823,0.3284132841328413,0,0.0,-10.0,1
2015-16,1610612754,Indiana Pacers,103.8,102.2,1.6,97.35,2,0.5365843413978495,0.151,0.271,0,3,1.658,1.7,0.2699530516431925,0.2676056338028169,0,0.0,10.0,0
2015-16,1610612761,Toronto Raptors,109.3,104.8,4.4,93.35,3,0.5518657037228097,0.139,0.3,0,4,4.118,4.5,0.2878228782287823,0.3284132841328413,0,708.5,11.0,1
2015-16,1610612754,Indiana Pacers,103.8,102.2,1.6,97.35,3,0.5365843413978495,0.151,0.271,1,3,1.658,1.7,0.2699530516431925,0.2676056338028169,0,708.5,-11.0,0
2015-16,1610612754,Indiana Pacers,103.8,102.2,1.6,97.35,2,0.5365843413978495,0.151,0.271,1,3,1.658,1.7,0.2699530516431925,0.2676056338028169,0,0.0,-16.0,1
2015-16,1610612761,Toronto Raptors,109.3,104.8,4.4,93.35,2,0.5518657037228097,0.139,0.3,0,4,4.118,4.5,0.2878228782287823,0.3284132841328413,0,0.0,16.0,0
2015-16,1610612761,Toronto Raptors,109.3,104.8,4.4,93.35,3,0.5518657037228097,0.139,0.3,1,4,4.118,4.5,0.2878228782287823,0.3284132841328413,0,708.5,-17.0,1
2015-16,1610612754,Indiana Pacers,103.8,102.2,1.6,97.35,3,0.5365843413978495,0.151,0.271,0,3,1.658,1.7,0.2699530516431925,0.2676056338028169,0,708.5,17.0,0
2015-16,1610612754,Indiana Pacers,103.8,102.2,1.6,97.35,3,0.5365843413978495,0.151,0.271,1,3,1.658,1.7,0.2699530516431925,0.2676056338028169,0,708.5,-3.0,1
2015-16,1610612761,Toronto Raptors,109.3,104.8,4.4,93.35,3,0.5518657037228097,0.139,0.3,0,4,4.118,4.5,0.2878228782287823,0.3284132841328413,0,708.5,3.0,0
2015-16,1610612761,Toronto Raptors,109.3,104.8,4.4,93.35,2,0.5518657037228097,0.139,0.3,1,4,4.118,4.5,0.2878228782287823,0.3284132841328413,0,708.5,-18.0,1
2015-16,1610612754,Indiana Pacers,103.8,102.2,1.6,97.35,2,0.5365843413978495,0.151,0.271,0,3,1.658,1.7,0.2699530516431925,0.2676056338028169,0,708.5,18.0,0
2015-16,1610612748,Miami Heat,105.5,103.7,1.7,94.14,5,0.5445436724025267,0.148,0.28,1,-1,1.539,1.6,0.2203182374541003,0.2815177478580171,0,0.0,0.0,1
2015-16,1610612766,Charlotte Hornets,106.4,103.7,2.7,96.24,5,0.5451976209558358,0.129,0.244,0,2,2.393,2.7,0.3483412322274881,0.2808056872037914,0,0.0,0.0,0
2015-16,1610612748,Miami Heat,105.5,103.7,1.7,94.14,3,0.5445436724025267,0.148,0.28,1,-1,1.539,1.6,0.2203182374541003,0.2815177478580171,0,0.0,32.0,1
2015-16,1610612766,Charlotte Hornets,106.4,103.7,2.7,96.24,3,0.5451976209558358,0.129,0.244,0,2,2.393,2.7,0.3483412322274881,0.2808056872037914,0,0.0,-32.0,0
2015-16,1610612766,Charlotte Hornets,106.4,103.7,2.7,96.24,3,0.5451976209558358,0.129,0.244,1,2,2.393,2.7,0.3483412322274881,0.2808056872037914,0,1052.0,-12.0,1
2015-16,1610612748,Miami Heat,105.5,103.7,1.7,94.14,3,0.5445436724025267,0.148,0.28,0,-1,1.539,1.6,0.2203182374541003,0.2815177478580171,0,1052.0,12.0,0
2015-16,1610612766,Charlotte Hornets,106.4,103.7,2.7,96.24,2,0.5451976209558358,0.129,0.244,1,2,2.393,2.7,0.3483412322274881,0.2808056872037914,0,0.0,16.0,1
2015-16,1610612748,Miami Heat,105.5,103.7,1.7,94.14,2,0.5445436724025267,0.148,0.28,0,-1,1.539,1.6,0.2203182374541003,0.2815177478580171,0,0.0,-16.0,0
2015-16,1610612766,Charlotte Hornets,106.4,103.7,2.7,96.24,2,0.5451976209558358,0.129,0.244,0,2,2.393,2.7,0.3483412322274881,0.2808056872037914,0,1052.0,4.0,1
2015-16,1610612748,Miami Heat,105.5,103.7,1.7,94.14,2,0.5445436724025267,0.148,0.28,1,-1,1.539,1.6,0.2203182374541003,0.2815177478580171,0,1052.0,-4.0,0
2015-16,1610612748,Miami Heat,105.5,103.7,1.7,94.14,2,0.5445436724025267,0.148,0.28,0,-1,1.539,1.6,0.2203182374541003,0.2815177478580171,0,1052.0,-2.0,1
2015-16,1610612766,Charlotte Hornets,106.4,103.7,2.7,96.24,2,0.5451976209558358,0.129,0.244,1,2,2.393,2.7,0.3483412322274881,0.2808056872037914,0,1052.0,2.0,0
2015-16,1610612748,Miami Heat,105.5,103.7,1.7,94.14,2,0.5445436724025267,0.148,0.28,1,-1,1.539,1.6,0.2203182374541003,0.2815177478580171,0,1052.0,7.0,1
2015-16,1610612766,Charlotte Hornets,106.4,103.7,2.7,96.24,2,0.5451976209558358,0.129,0.244,0,2,2.393,2.7,0.3483412322274881,0.2808056872037914,0,1052.0,-7.0,0
2015-16,1610612737,Atlanta Hawks,104.6,100.8,3.9,97.63,5,0.5515021459227467,0.152,0.234,1,-2,3.525,3.6,0.3364928909952606,0.2369668246445497,0,0.0,0.0,1
2015-16,1610612738,Boston Celtics,105.8,102.5,3.3,99.43,5,0.5309423347398031,0.138,0.29,0,1,2.871,3.2,0.2926008968609865,0.2634529147982062,0,0.0,0.0,0
2015-16,1610612737,Atlanta Hawks,104.6,100.8,3.9,97.63,3,0.5515021459227467,0.152,0.234,1,-2,3.525,3.6,0.3364928909952606,0.2369668246445497,0,0.0,1.0,1
2015-16,1610612738,Boston Celtics,105.8,102.5,3.3,99.43,3,0.5309423347398031,0.138,0.29,0,1,2.871,3.2,0.2926008968609865,0.2634529147982062,0,0.0,-1.0,0
2015-16,1610612738,Boston Celtics,105.8,102.5,3.3,99.43,3,0.5309423347398031,0.138,0.29,1,1,2.871,3.2,0.2926008968609865,0.2634529147982062,0,1506.5,-17.0,1
2015-16,1610612737,Atlanta Hawks,104.6,100.8,3.9,97.63,3,0.5515021459227467,0.152,0.234,0,-2,3.525,3.6,0.3364928909952606,0.2369668246445497,0,1506.5,17.0,0
2015-16,1610612738,Boston Celtics,105.8,102.5,3.3,99.43,2,0.5309423347398031,0.138,0.29,1,1,2.871,3.2,0.2926008968609865,0.2634529147982062,0,0.0,8.0,1
2015-16,1610612737,Atlanta Hawks,104.6,100.8,3.9,97.63,2,0.5515021459227467,0.152,0.234,0,-2,3.525,3.6,0.3364928909952606,0.2369668246445497,0,0.0,-8.0,0
2015-16,1610612737,Atlanta Hawks,104.6,100.8,3.9,97.63,2,0.5515021459227467,0.152,0.234,1,-2,3.525,3.6,0.3364928909952606,0.2369668246445497,0,1506.5,-9.0,1
2015-16,1610612738,Boston Celtics,105.8,102.5,3.3,99.43,2,0.5309423347398031,0.138,0.29,0,1,2.871,3.2,0.2926008968609865,0.2634529147982062,0,1506.5,9.0,0
2015-16,1610612737,Atlanta Hawks,104.6,100.8,3.9,97.63,2,0.5515021459227467,0.152,0.234,0,-2,3.525,3.6,0.3364928909952606,0.2369668246445497,0,1506.5,27.0,1
2015-16,1610612738,Boston Celtics,105.8,102.5,3.3,99.43,2,0.5309423347398031,0.138,0.29,1,1,2.871,3.2,0.2926008968609865,0.2634529147982062,0,1506.5,-27.0,0
2015-16,1610612744,Golden State Warriors,113.5,102.8,10.6,100.24,5,0.5929282087272427,0.15,0.267,1,4,10.521,10.8,0.3619702176403208,0.2497136311569301,0,0.0,0.0,1
2015-16,1610612745,Houston Rockets,107.3,107.3,0.0,98.42,5,0.5521796839354598,0.161,0.297,0,3,0.376,0.2,0.3700598802395209,0.3520958083832335,0,0.0,0.0,0
2015-16,1610612744,Golden State Warriors,113.5,102.8,10.6,100.24,2,0.5929282087272427,0.15,0.267,1,4,10.521,10.8,0.3619702176403208,0.2497136311569301,0,0.0,26.0,1
2015-16,1610612745,Houston Rockets,107.3,107.3,0.0,98.42,2,0.5521796839354598,0.161,0.297,0,3,0.376,0.2,0.3700598802395209,0.3520958083832335,0,0.0,-26.0,0
2015-16,1610612745,Houston Rockets,107.3,107.3,0.0,98.42,3,0.5521796839354598,0.161,0.297,1,3,0.376,0.2,0.3700598802395209,0.3520958083832335,0,2641.2,-9.0,1
2015-16,1610612744,Golden State Warriors,113.5,102.8,10.6,100.24,3,0.5929282087272427,0.15,0.267,0,4,10.521,10.8,0.3619702176403208,0.2497136311569301,0,2641.2,9.0,0
2015-16,1610612744,Golden State Warriors,113.5,102.8,10.6,100.24,3,0.5929282087272427,0.15,0.267,0,4,10.521,10.8,0.3619702176403208,0.2497136311569301,0,0.0,-1.0,1
2015-16,1610612745,Houston Rockets,107.3,107.3,0.0,98.42,3,0.5521796839354598,0.161,0.297,1,3,0.376,0.2,0.3700598802395209,0.3520958083832335,0,0.0,1.0,0
2015-16,1610612744,Golden State Warriors,113.5,102.8,10.6,100.24,3,0.5929282087272427,0.15,0.267,1,4,10.521,10.8,0.3619702176403208,0.2497136311569301,0,2641.2,27.0,1
2015-16,1610612745,Houston Rockets,107.3,107.3,0.0,98.42,3,0.5521796839354598,0.161,0.297,0,3,0.376,0.2,0.3700598802395209,0.3520958083832335,0,2641.2,-27.0,0
2015-16,1610612759,San Antonio Spurs,109.3,98.2,11.1,94.54,5,0.5632591754103357,0.138,0.266,1,2,10.313,10.6,0.2231604342581423,0.2460796139927623,0,0.0,0.0,1
2015-16,1610612763,Memphis Grizzlies,104.7,107.1,-2.4,93.95,5,0.5245162383029174,0.14,0.298,0,-4,-2.098,-2.2,0.2212918660287081,0.2954545454545454,0,0.0,0.0,0
2015-16,1610612759,San Antonio Spurs,109.3,98.2,11.1,94.54,2,0.5632591754103357,0.138,0.266,1,2,10.313,10.6,0.2231604342581423,0.2460796139927623,0,0.0,32.0,1
2015-16,1610612763,Memphis Grizzlies,104.7,107.1,-2.4,93.95,2,0.5245162383029174,0.14,0.298,0,-4,-2.098,-2.2,0.2212918660287081,0.2954545454545454,0,0.0,-32.0,0
2015-16,1610612759,San Antonio Spurs,109.3,98.2,11.1,94.54,3,0.5632591754103357,0.138,0.266,0,2,10.313,10.6,0.2231604342581423,0.2460796139927623,0,1011.6,26.0,1
2015-16,1610612763,Memphis Grizzlies,104.7,107.1,-2.4,93.95,3,0.5245162383029174,0.14,0.298,1,-4,-2.098,-2.2,0.2212918660287081,0.2954545454545454,0,1011.6,-26.0,0
2015-16,1610612759,San Antonio Spurs,109.3,98.2,11.1,94.54,2,0.5632591754103357,0.138,0.266,0,2,10.313,10.6,0.2231604342581423,0.2460796139927623,0,0.0,9.0,1
2015-16,1610612763,Memphis Grizzlies,104.7,107.1,-2.4,93.95,2,0.5245162383029174,0.14,0.298,1,-4,-2.098,-2.2,0.2212918660287081,0.2954545454545454,0,0.0,-9.0,0
2015-16,1610612760,Oklahoma City Thunder,112.1,104.8,7.4,97.54,5,0.565197767930412,0.162,0.347,1,-1,7.126,7.3,0.2743055555555555,0.2916666666666666,0,0.0,0.0,1
2015-16,1610612742,Dallas Mavericks,105.5,105.9,-0.4,95.34,5,0.5446588295425505,0.132,0.241,0,-1,0.018,-0.3,0.3400713436385256,0.2651605231866825,0,0.0,0.0,0
2015-16,1610612742,Dallas Mavericks,105.5,105.9,-0.4,95.34,2,0.5446588295425505,0.132,0.241,0,-1,0.018,-0.3,0.3400713436385256,0.2651605231866825,0,0.0,-38.0,1
2015-16,1610612760,Oklahoma City Thunder,112.1,104.8,7.4,97.54,2,0.565197767930412,0.162,0.347,1,-1,7.126,7.3,0.2743055555555555,0.2916666666666666,0,0.0,38.0,0
2015-16,1610612760,Oklahoma City Thunder,112.1,104.8,7.4,97.54,3,0.565197767930412,0.162,0.347,0,-1,7.126,7.3,0.2743055555555555,0.2916666666666666,0,304.2,-1.0,1
2015-16,1610612742,Dallas Mavericks,105.5,105.9,-0.4,95.34,3,0.5446588295425505,0.132,0.241,1,-1,0.018,-0.3,0.3400713436385256,0.2651605231866825,0,304.2,1.0,0
2015-16,1610612760,Oklahoma City Thunder,112.1,104.8,7.4,97.54,2,0.565197767930412,0.162,0.347,0,-1,7.126,7.3,0.2743055555555555,0.2916666666666666,0,0.0,29.0,1
2015-16,1610612742,Dallas Mavericks,105.5,105.9,-0.4,95.34,2,0.5446588295425505,0.132,0.241,1,-1,0.018,-0.3,0.3400713436385256,0.2651605231866825,0,0.0,-29.0,0
2015-16,1610612760,Oklahoma City Thunder,112.1,104.8,7.4,97.54,2,0.565197767930412,0.162,0.347,1,-1,7.126,7.3,0.2743055555555555,0.2916666666666666,0,304.2,11.0,1
2015-16,1610612742,Dallas Mavericks,105.5,105.9,-0.4,95.34,2,0.5446588295425505,0.132,0.241,0,-1,0.018,-0.3,0.3400713436385256,0.2651605231866825,0,304.2,-11.0,0
2015-16,1610612746,LA Clippers,107.2,102.7,4.5,96.81,5,0.556277148454135,0.133,0.234,1,-1,4.164,4.3,0.3240291262135922,0.3179611650485436,0,0.0,0.0,1
2015-16,1610612757,Portland Trail Blazers,107.6,106.8,0.8,97.06,5,0.5472818162882732,0.15,0.294,0,1,1.015,0.8,0.3317811408614668,0.2677532013969732,0,0.0,0.0,0
2015-16,1610612746,LA Clippers,107.2,102.7,4.5,96.81,3,0.556277148454135,0.133,0.234,1,-1,4.164,4.3,0.3240291262135922,0.3179611650485436,0,0.0,20.0,1
2015-16,1610612757,Portland Trail Blazers,107.6,106.8,0.8,97.06,3,0.5472818162882732,0.15,0.294,0,1,1.015,0.8,0.3317811408614668,0.2677532013969732,0,0.0,-20.0,0
2015-16,1610612757,Portland Trail Blazers,107.6,106.8,0.8,97.06,3,0.5472818162882732,0.15,0.294,1,1,1.015,0.8,0.3317811408614668,0.2677532013969732,0,1340.3,-21.0,1
2015-16,1610612746,LA Clippers,107.2,102.7,4.5,96.81,3,0.556277148454135,0.133,0.234,0,-1,4.164,4.3,0.3240291262135922,0.3179611650485436,0,1340.3,21.0,0
2015-16,1610612757,Portland Trail Blazers,107.6,106.8,0.8,97.06,2,0.5472818162882732,0.15,0.294,1,1,1.015,0.8,0.3317811408614668,0.2677532013969732,0,0.0,8.0,1
2015-16,1610612746,LA Clippers,107.2,102.7,4.5,96.81,2,0.556277148454135,0.133,0.234,0,-1,4.164,4.3,0.3240291262135922,0.3179611650485436,0,0.0,-8.0,0
2015-16,1610612757,Portland Trail Blazers,107.6,106.8,0.8,97.06,2,0.5472818162882732,0.15,0.294,0,1,1.015,0.8,0.3317811408614668,0.2677532013969732,0,1340.3,14.0,1
2015-16,1610612746,LA Clippers,107.2,102.7,4.5,96.81,2,0.556277148454135,0.133,0.234,1,-1,4.164,4.3,0.3240291262135922,0.3179611650485436,0,1340.3,-14.0,0
2015-16,1610612757,Portland Trail Blazers,107.6,106.8,0.8,97.06,2,0.5472818162882732,0.15,0.294,1,1,1.015,0.8,0.3317811408614668,0.2677532013969732,0,1340.3,10.0,1
2015-16,1610612746,LA Clippers,107.2,102.7,4.5,96.81,2,0.556277148454135,0.133,0.234,0,-1,4.164,4.3,0.3240291262135922,0.3179611650485436,0,1340.3,-10.0,0
2015-16,1610612739,Cleveland Cavaliers,110.2,103.9,6.3,93.82,8,0.557467824004789,0.143,0.294,1,-1,5.486,6.0,0.3523809523809524,0.2583333333333333,0,147.0,2.0,1
2015-16,1610612737,Atlanta Hawks,104.6,100.8,3.9,97.63,4,0.5515021459227467,0.152,0.234,0,-2,3.525,3.6,0.3364928909952606,0.2369668246445497,0,883.7,12.0,0
2015-16,1610612739,Cleveland Cavaliers,110.2,103.9,6.3,93.82,2,0.557467824004789,0.143,0.294,1,-1,5.486,6.0,0.3523809523809524,0.2583333333333333,0,0.0,11.0,1
2015-16,1610612737,Atlanta Hawks,104.6,100.8,3.9,97.63,2,0.5515021459227467,0.152,0.234,0,-2,3.525,3.6,0.3364928909952606,0.2369668246445497,0,0.0,-11.0,0
2015-16,1610612739,Cleveland Cavaliers,110.2,103.9,6.3,93.82,2,0.557467824004789,0.143,0.294,0,-1,5.486,6.0,0.3523809523809524,0.2583333333333333,0,892.9,25.0,1
2015-16,1610612737,Atlanta Hawks,104.6,100.8,3.9,97.63,2,0.5515021459227467,0.152,0.234,1,-2,3.525,3.6,0.3364928909952606,0.2369668246445497,0,892.9,-25.0,0
2015-16,1610612739,Cleveland Cavaliers,110.2,103.9,6.3,93.82,2,0.557467824004789,0.143,0.294,0,-1,5.486,6.0,0.3523809523809524,0.2583333333333333,0,0.0,13.0,1
2015-16,1610612737,Atlanta Hawks,104.6,100.8,3.9,97.63,2,0.5515021459227467,0.152,0.234,1,-2,3.525,3.6,0.3364928909952606,0.2369668246445497,0,0.0,-13.0,0
2015-16,1610612748,Miami Heat,105.5,103.7,1.7,94.14,2,0.5445436724025267,0.148,0.28,0,-1,1.539,1.6,0.2203182374541003,0.2815177478580171,0,1987.5,33.0,1
2015-16,1610612761,Toronto Raptors,109.3,104.8,4.4,93.35,2,0.5518657037228097,0.139,0.3,1,4,4.118,4.5,0.2878228782287823,0.3284132841328413,0,0.0,5.0,0
2015-16,1610612761,Toronto Raptors,109.3,104.8,4.4,93.35,2,0.5518657037228097,0.139,0.3,1,4,4.118,4.5,0.2878228782287823,0.3284132841328413,0,0.0,-6.0,1
2015-16,1610612748,Miami Heat,105.5,103.7,1.7,94.14,2,0.5445436724025267,0.148,0.28,0,-1,1.539,1.6,0.2203182374541003,0.2815177478580171,0,0.0,6.0,0
2015-16,1610612761,Toronto Raptors,109.3,104.8,4.4,93.35,2,0.5518657037228097,0.139,0.3,0,4,4.118,4.5,0.2878228782287823,0.3284132841328413,0,1987.5,4.0,1
2015-16,1610612748,Miami Heat,105.5,103.7,1.7,94.14,2,0.5445436724025267,0.148,0.28,1,-1,1.539,1.6,0.2203182374541003,0.2815177478580171,0,1987.5,-4.0,0
2015-16,1610612748,Miami Heat,105.5,103.7,1.7,94.14,2,0.5445436724025267,0.148,0.28,1,-1,1.539,1.6,0.2203182374541003,0.2815177478580171,0,0.0,-4.0,1
2015-16,1610612761,Toronto Raptors,109.3,104.8,4.4,93.35,2,0.5518657037228097,0.139,0.3,0,4,4.118,4.5,0.2878228782287823,0.3284132841328413,0,0.0,4.0,0
2015-16,1610612761,Toronto Raptors,109.3,104.8,4.4,93.35,2,0.5518657037228097,0.139,0.3,1,4,4.118,4.5,0.2878228782287823,0.3284132841328413,0,1987.5,-7.0,1
2015-16,1610612748,Miami Heat,105.5,103.7,1.7,94.14,2,0.5445436724025267,0.148,0.28,0,-1,1.539,1.6,0.2203182374541003,0.2815177478580171,0,1987.5,7.0,0
2015-16,1610612748,Miami Heat,105.5,103.7,1.7,94.14,2,0.5445436724025267,0.148,0.28,1,-1,1.539,1.6,0.2203182374541003,0.2815177478580171,0,1987.5,-8.0,1
2015-16,1610612761,Toronto Raptors,109.3,104.8,4.4,93.35,2,0.5518657037228097,0.139,0.3,0,4,4.118,4.5,0.2878228782287823,0.3284132841328413,0,1987.5,8.0,0
2015-16,1610612761,Toronto Raptors,109.3,104.8,4.4,93.35,2,0.5518657037228097,0.139,0.3,1,4,4.118,4.5,0.2878228782287823,0.3284132841328413,0,1987.5,-12.0,1
2015-16,1610612748,Miami Heat,105.5,103.7,1.7,94.14,2,0.5445436724025267,0.148,0.28,0,-1,1.539,1.6,0.2203182374541003,0.2815177478580171,0,1987.5,12.0,0
2015-16,1610612744,Golden State Warriors,113.5,102.8,10.6,100.24,4,0.5929282087272427,0.15,0.267,1,4,10.521,10.8,0.3619702176403208,0.2497136311569301,0,0.0,33.0,1
2015-16,1610612757,Portland Trail Blazers,107.6,106.8,0.8,97.06,2,0.5472818162882732,0.15,0.294,0,1,1.015,0.8,0.3317811408614668,0.2677532013969732,0,863.6,3.0,0
2015-16,1610612744,Golden State Warriors,113.5,102.8,10.6,100.24,2,0.5929282087272427,0.15,0.267,1,4,10.521,10.8,0.3619702176403208,0.2497136311569301,0,0.0,12.0,1
2015-16,1610612757,Portland Trail Blazers,107.6,106.8,0.8,97.06,2,0.5472818162882732,0.15,0.294,0,1,1.015,0.8,0.3317811408614668,0.2677532013969732,0,0.0,-12.0,0
2015-16,1610612757,Portland Trail Blazers,107.6,106.8,0.8,97.06,4,0.5472818162882732,0.15,0.294,1,1,1.015,0.8,0.3317811408614668,0.2677532013969732,0,863.6,-11.0,1
2015-16,1610612744,Golden State Warriors,113.5,102.8,10.6,100.24,4,0.5929282087272427,0.15,0.267,0,4,10.521,10.8,0.3619702176403208,0.2497136311569301,0,863.6,11.0,0
2015-16,1610612744,Golden State Warriors,113.5,102.8,10.6,100.24,2,0.5929282087272427,0.15,0.267,0,4,10.521,10.8,0.3619702176403208,0.2497136311569301,0,0.0,-12.0,1
2015-16,1610612757,Portland Trail Blazers,107.6,106.8,0.8,97.06,2,0.5472818162882732,0.15,0.294,1,1,1.015,0.8,0.3317811408614668,0.2677532013969732,0,0.0,12.0,0
2015-16,1610612744,Golden State Warriors,113.5,102.8,10.6,100.24,2,0.5929282087272427,0.15,0.267,1,4,10.521,10.8,0.3619702176403208,0.2497136311569301,0,863.6,7.0,1
2015-16,1610612757,Portland Trail Blazers,107.6,106.8,0.8,97.06,2,0.5472818162882732,0.15,0.294,0,1,1.015,0.8,0.3317811408614668,0.2677532013969732,0,863.6,-7.0,0
2015-16,1610612759,San Antonio Spurs,109.3,98.2,11.1,94.54,6,0.5632591754103357,0.138,0.266,1,2,10.313,10.6,0.2231604342581423,0.2460796139927623,0,1011.6,21.0,1
2015-16,1610612760,Oklahoma City Thunder,112.1,104.8,7.4,97.54,5,0.565197767930412,0.162,0.347,0,-1,7.126,7.3,0.2743055555555555,0.2916666666666666,0,676.7,14.0,0
2015-16,1610612760,Oklahoma City Thunder,112.1,104.8,7.4,97.54,2,0.565197767930412,0.162,0.347,0,-1,7.126,7.3,0.2743055555555555,0.2916666666666666,0,0.0,-32.0,1
2015-16,1610612759,San Antonio Spurs,109.3,98.2,11.1,94.54,2,0.5632591754103357,0.138,0.266,1,2,10.313,10.6,0.2231604342581423,0.2460796139927623,0,0.0,32.0,0
2015-16,1610612759,San Antonio Spurs,109.3,98.2,11.1,94.54,4,0.5632591754103357,0.138,0.266,0,2,10.313,10.6,0.2231604342581423,0.2460796139927623,0,676.7,-1.0,1
2015-16,1610612760,Oklahoma City Thunder,112.1,104.8,7.4,97.54,4,0.565197767930412,0.162,0.347,1,-1,7.126,7.3,0.2743055555555555,0.2916666666666666,0,676.7,1.0,0
2015-16,1610612760,Oklahoma City Thunder,112.1,104.8,7.4,97.54,2,0.565197767930412,0.162,0.347,1,-1,7.126,7.3,0.2743055555555555,0.2916666666666666,0,0.0,-4.0,1
2015-16,1610612759,San Antonio Spurs,109.3,98.2,11.1,94.54,2,0.5632591754103357,0.138,0.266,0,2,10.313,10.6,0.2231604342581423,0.2460796139927623,0,0.0,4.0,0
2015-16,1610612760,Oklahoma City Thunder,112.1,104.8,7.4,97.54,2,0.565197767930412,0.162,0.347,0,-1,7.126,7.3,0.2743055555555555,0.2916666666666666,0,676.7,14.0,1
2015-16,1610612759,San Antonio Spurs,109.3,98.2,11.1,94.54,2,0.5632591754103357,0.138,0.266,1,2,10.313,10.6,0.2231604342581423,0.2460796139927623,0,676.7,-14.0,0
2015-16,1610612760,Oklahoma City Thunder,112.1,104.8,7.4,97.54,2,0.565197767930412,0.162,0.347,1,-1,7.126,7.3,0.2743055555555555,0.2916666666666666,0,676.7,4.0,1
2015-16,1610612759,San Antonio Spurs,109.3,98.2,11.1,94.54,2,0.5632591754103357,0.138,0.266,0,2,10.313,10.6,0.2231604342581423,0.2460796139927623,0,676.7,-4.0,0
2015-16,1610612739,Cleveland Cavaliers,110.2,103.9,6.3,93.82,9,0.557467824004789,0.143,0.294,1,-1,5.486,6.0,0.3523809523809524,0.2583333333333333,0,892.9,1.0,1
2015-16,1610612761,Toronto Raptors,109.3,104.8,4.4,93.35,2,0.5518657037228097,0.139,0.3,0,4,4.118,4.5,0.2878228782287823,0.3284132841328413,0,304.4,27.0,0
2015-16,1610612739,Cleveland Cavaliers,110.2,103.9,6.3,93.82,2,0.557467824004789,0.143,0.294,1,-1,5.486,6.0,0.3523809523809524,0.2583333333333333,0,0.0,31.0,1
2015-16,1610612761,Toronto Raptors,109.3,104.8,4.4,93.35,2,0.5518657037228097,0.139,0.3,0,4,4.118,4.5,0.2878228782287823,0.3284132841328413,0,0.0,-31.0,0
2015-16,1610612761,Toronto Raptors,109.3,104.8,4.4,93.35,2,0.5518657037228097,0.139,0.3,1,4,4.118,4.5,0.2878228782287823,0.3284132841328413,0,304.4,-19.0,1
2015-16,1610612739,Cleveland Cavaliers,110.2,103.9,6.3,93.82,2,0.557467824004789,0.143,0.294,0,-1,5.486,6.0,0.3523809523809524,0.2583333333333333,0,304.4,19.0,0
2015-16,1610612761,Toronto Raptors,109.3,104.8,4.4,93.35,2,0.5518657037228097,0.139,0.3,1,4,4.118,4.5,0.2878228782287823,0.3284132841328413,0,0.0,15.0,1
2015-16,1610612739,Cleveland Cavaliers,110.2,103.9,6.3,93.82,2,0.557467824004789,0.143,0.294,0,-1,5.486,6.0,0.3523809523809524,0.2583333333333333,0,0.0,-15.0,0
2015-16,1610612739,Cleveland Cavaliers,110.2,103.9,6.3,93.82,2,0.557467824004789,0.143,0.294,1,-1,5.486,6.0,0.3523809523809524,0.2583333333333333,0,304.4,-6.0,1
2015-16,1610612761,Toronto Raptors,109.3,104.8,4.4,93.35,2,0.5518657037228097,0.139,0.3,0,4,4.118,4.5,0.2878228782287823,0.3284132841328413,0,304.4,6.0,0
2015-16,1610612739,Cleveland Cavaliers,110.2,103.9,6.3,93.82,2,0.557467824004789,0.143,0.294,0,-1,5.486,6.0,0.3523809523809524,0.2583333333333333,0,304.4,38.0,1
2015-16,1610612761,Toronto Raptors,109.3,104.8,4.4,93.35,2,0.5518657037228097,0.139,0.3,1,4,4.118,4.5,0.2878228782287823,0.3284132841328413,0,304.4,-38.0,0
2015-16,1610612760,Oklahoma City Thunder,112.1,104.8,7.4,97.54,4,0.565197767930412,0.162,0.347,0,-1,7.126,7.3,0.2743055555555555,0.2916666666666666,0,2228.0,14.0,1
2015-16,1610612744,Golden State Warriors,113.5,102.8,10.6,100.24,5,0.5929282087272427,0.15,0.267,1,4,10.521,10.8,0.3619702176403208,0.2497136311569301,0,0.0,4.0,0
2015-16,1610612744,Golden State Warriors,113.5,102.8,10.6,100.24,2,0.5929282087272427,0.15,0.267,1,4,10.521,10.8,0.3619702176403208,0.2497136311569301,0,0.0,-6.0,1
2015-16,1610612760,Oklahoma City Thunder,112.1,104.8,7.4,97.54,2,0.565197767930412,0.162,0.347,0,-1,7.126,7.3,0.2743055555555555,0.2916666666666666,0,0.0,6.0,0
2015-16,1610612760,Oklahoma City Thunder,112.1,104.8,7.4,97.54,4,0.565197767930412,0.162,0.347,1,-1,7.126,7.3,0.2743055555555555,0.2916666666666666,0,2228.0,-27.0,1
2015-16,1610612744,Golden State Warriors,113.5,102.8,10.6,100.24,4,0.5929282087272427,0.15,0.267,0,4,10.521,10.8,0.3619702176403208,0.2497136311569301,0,2228.0,27.0,0
2015-16,1610612760,Oklahoma City Thunder,112.1,104.8,7.4,97.54,2,0.565197767930412,0.162,0.347,1,-1,7.126,7.3,0.2743055555555555,0.2916666666666666,0,0.0,28.0,1
2015-16,1610612744,Golden State Warriors,113.5,102.8,10.6,100.24,2,0.5929282087272427,0.15,0.267,0,4,10.521,10.8,0.3619702176403208,0.2497136311569301,0,0.0,-28.0,0
2015-16,1610612744,Golden State Warriors,113.5,102.8,10.6,100.24,2,0.5929282087272427,0.15,0.267,1,4,10.521,10.8,0.3619702176403208,0.2497136311569301,0,2228.0,-24.0,1
2015-16,1610612760,Oklahoma City Thunder,112.1,104.8,7.4,97.54,2,0.565197767930412,0.162,0.347,0,-1,7.126,7.3,0.2743055555555555,0.2916666666666666,0,2228.0,24.0,0
2015-16,1610612744,Golden State Warriors,113.5,102.8,10.6,100.24,2,0.5929282087272427,0.15,0.267,0,4,10.521,10.8,0.3619702176403208,0.2497136311569301,0,2228.0,9.0,1
2015-16,1610612760,Oklahoma City Thunder,112.1,104.8,7.4,97.54,2,0.565197767930412,0.162,0.347,1,-1,7.126,7.3,0.2743055555555555,0.2916666666666666,0,2228.0,-9.0,0
2015-16,1610612744,Golden State Warriors,113.5,102.8,10.6,100.24,2,0.5929282087272427,0.15,0.267,1,4,10.521,10.8,0.3619702176403208,0.2497136311569301,0,2228.0,7.0,1
2015-16,1610612760,Oklahoma City Thunder,112.1,104.8,7.4,97.54,2,0.565197767930412,0.162,0.347,0,-1,7.126,7.3,0.2743055555555555,0.2916666666666666,0,2228.0,-7.0,0
2015-16,1610612744,Golden State Warriors,113.5,102.8,10.6,100.24,3,0.5929282087272427,0.15,0.267,1,4,10.521,10.8,0.3619702176403208,0.2497136311569301,0,0.0,8.0,1
2015-16,1610612739,Cleveland Cavaliers,110.2,103.9,6.3,93.82,6,0.557467824004789,0.143,0.294,0,-1,5.486,6.0,0.3523809523809524,0.2583333333333333,0,3641.9,26.0,0
2015-16,1610612744,Golden State Warriors,113.5,102.8,10.6,100.24,3,0.5929282087272427,0.15,0.267,1,4,10.521,10.8,0.3619702176403208,0.2497136311569301,0,0.0,15.0,1
2015-16,1610612739,Cleveland Cavaliers,110.2,103.9,6.3,93.82,3,0.557467824004789,0.143,0.294,0,-1,5.486,6.0,0.3523809523809524,0.2583333333333333,0,0.0,-15.0,0
2015-16,1610612739,Cleveland Cavaliers,110.2,103.9,6.3,93.82,3,0.557467824004789,0.143,0.294,1,-1,5.486,6.0,0.3523809523809524,0.2583333333333333,0,3477.6,-33.0,1
2015-16,1610612744,Golden State Warriors,113.5,102.8,10.6,100.24,3,0.5929282087272427,0.15,0.267,0,4,10.521,10.8,0.3619702176403208,0.2497136311569301,0,3477.6,33.0,0
2015-16,1610612744,Golden State Warriors,113.5,102.8,10.6,100.24,2,0.5929282087272427,0.15,0.267,0,4,10.521,10.8,0.3619702176403208,0.2497136311569301,0,0.0,-30.0,1
2015-16,1610612739,Cleveland Cavaliers,110.2,103.9,6.3,93.82,2,0.557467824004789,0.143,0.294,1,-1,5.486,6.0,0.3523809523809524,0.2583333333333333,0,0.0,30.0,0
2015-16,1610612739,Cleveland Cavaliers,110.2,103.9,6.3,93.82,3,0.557467824004789,0.143,0.294,0,-1,5.486,6.0,0.3523809523809524,0.2583333333333333,0,3477.6,-11.0,1
2015-16,1610612744,Golden State Warriors,113.5,102.8,10.6,100.24,3,0.5929282087272427,0.15,0.267,1,4,10.521,10.8,0.3619702176403208,0.2497136311569301,0,3477.6,11.0,0
2015-16,1610612739,Cleveland Cavaliers,110.2,103.9,6.3,93.82,3,0.557467824004789,0.143,0.294,1,-1,5.486,6.0,0.3523809523809524,0.2583333333333333,0,3477.6,15.0,1
2015-16,1610612744,Golden State Warriors,113.5,102.8,10.6,100.24,3,0.5929282087272427,0.15,0.267,0,4,10.521,10.8,0.3619702176403208,0.2497136311569301,0,3477.6,-15.0,0
2015-16,1610612739,Cleveland Cavaliers,110.2,103.9,6.3,93.82,3,0.557467824004789,0.143,0.294,0,-1,5.486,6.0,0.3523809523809524,0.2583333333333333,0,3477.6,14.0,1
2015-16,1610612744,Golden State Warriors,113.5,102.8,10.6,100.24,3,0.5929282087272427,0.15,0.267,1,4,10.521,10.8,0.3619702176403208,0.2497136311569301,0,3477.6,-14.0,0
2016-17,1610612741,Chicago Bulls,106.5,106.2,0.3,96.02,5,0.5304123711340206,0.14,0.311,0,2,0.036,0.4,0.2560275545350172,0.2583237657864524,0,0.0,0.0,1
2016-17,1610612738,Boston Celtics,110.6,108.0,2.6,97.21,5,0.5665841272505981,0.136,0.259,1,3,2.25,2.6,0.3924794359576968,0.27262044653349,0,0.0,0.0,0
2016-17,1610612741,Chicago Bulls,106.5,106.2,0.3,96.02,2,0.5304123711340206,0.14,0.311,0,2,0.036,0.4,0.2560275545350172,0.2583237657864524,0,0.0,4.0,1
2016-17,1610612738,Boston Celtics,110.6,108.0,2.6,97.21,2,0.5665841272505981,0.136,0.259,1,3,2.25,2.6,0.3924794359576968,0.27262044653349,0,0.0,-4.0,0
2016-17,1610612738,Boston Celtics,110.6,108.0,2.6,97.21,3,0.5665841272505981,0.136,0.259,0,3,2.25,2.6,0.3924794359576968,0.27262044653349,0,1368.9,-14.0,1
2016-17,1610612741,Chicago Bulls,106.5,106.2,0.3,96.02,3,0.5304123711340206,0.14,0.311,1,2,0.036,0.4,0.2560275545350172,0.2583237657864524,0,1368.9,14.0,0
2016-17,1610612738,Boston Celtics,110.6,108.0,2.6,97.21,2,0.5665841272505981,0.136,0.259,0,3,2.25,2.6,0.3924794359576968,0.27262044653349,0,0.0,17.0,1
2016-17,1610612741,Chicago Bulls,106.5,106.2,0.3,96.02,2,0.5304123711340206,0.14,0.311,1,2,0.036,0.4,0.2560275545350172,0.2583237657864524,0,0.0,-17.0,0
2016-17,1610612738,Boston Celtics,110.6,108.0,2.6,97.21,3,0.5665841272505981,0.136,0.259,1,3,2.25,2.6,0.3924794359576968,0.27262044653349,0,1368.9,9.0,1
2016-17,1610612741,Chicago Bulls,106.5,106.2,0.3,96.02,3,0.5304123711340206,0.14,0.311,0,2,0.036,0.4,0.2560275545350172,0.2583237657864524,0,1368.9,-9.0,0
2016-17,1610612738,Boston Celtics,110.6,108.0,2.6,97.21,2,0.5665841272505981,0.136,0.259,0,3,2.25,2.6,0.3924794359576968,0.27262044653349,0,1368.9,11.0,1
2016-17,1610612741,Chicago Bulls,106.5,106.2,0.3,96.02,2,0.5304123711340206,0.14,0.311,1,2,0.036,0.4,0.2560275545350172,0.2583237657864524,0,1368.9,-11.0,0
2016-17,1610612739,Cleveland Cavaliers,112.8,109.7,3.1,96.74,5,0.5795989574575416,0.14,0.264,1,-4,2.877,3.2,0.3992932862190812,0.2744405182567727,0,0.0,0.0,1
2016-17,1610612754,Indiana Pacers,107.9,108.1,-0.2,96.59,5,0.5577135337069111,0.141,0.255,0,5,-0.635,-0.2,0.272189349112426,0.2615384615384615,0,0.0,0.0,0
2016-17,1610612739,Cleveland Cavaliers,112.8,109.7,3.1,96.74,2,0.5795989574575416,0.14,0.264,1,-4,2.877,3.2,0.3992932862190812,0.2744405182567727,0,0.0,1.0,1
2016-17,1610612754,Indiana Pacers,107.9,108.1,-0.2,96.59,2,0.5577135337069111,0.141,0.255,0,5,-0.635,-0.2,0.272189349112426,0.2615384615384615,0,0.0,-1.0,0
2016-17,1610612739,Cleveland Cavaliers,112.8,109.7,3.1,96.74,3,0.5795989574575416,0.14,0.264,0,-4,2.877,3.2,0.3992932862190812,0.2744405182567727,0,423.4,6.0,1
2016-17,1610612754,Indiana Pacers,107.9,108.1,-0.2,96.59,3,0.5577135337069111,0.141,0.255,1,5,-0.635,-0.2,0.272189349112426,0.2615384615384615,0,423.4,-6.0,0
2016-17,1610612739,Cleveland Cavaliers,112.8,109.7,3.1,96.74,3,0.5795989574575416,0.14,0.264,0,-4,2.877,3.2,0.3992932862190812,0.2744405182567727,0,0.0,5.0,1
2016-17,1610612754,Indiana Pacers,107.9,108.1,-0.2,96.59,3,0.5577135337069111,0.141,0.255,1,5,-0.635,-0.2,0.272189349112426,0.2615384615384615,0,0.0,-5.0,0
2016-17,1610612749,Milwaukee Bucks,108.5,108.7,-0.2,94.99,5,0.5645407384803174,0.146,0.26,0,-1,-0.443,-0.2,0.2893772893772893,0.2735042735042735,0,0.0,0.0,1
2016-17,1610612761,Toronto Raptors,111.4,107.1,4.3,95.41,5,0.5610488306671705,0.132,0.291,1,4,3.652,4.2,0.2879146919431279,0.2926540284360189,0,0.0,0.0,0
2016-17,1610612761,Toronto Raptors,111.4,107.1,4.3,95.41,3,0.5610488306671705,0.132,0.291,1,4,3.652,4.2,0.2879146919431279,0.2926540284360189,0,0.0,-14.0,1
2016-17,1610612749,Milwaukee Bucks,108.5,108.7,-0.2,94.99,3,0.5645407384803174,0.146,0.26,0,-1,-0.443,-0.2,0.2893772893772893,0.2735042735042735,0,0.0,14.0,0
2016-17,1610612749,Milwaukee Bucks,108.5,108.7,-0.2,94.99,2,0.5645407384803174,0.146,0.26,1,-1,-0.443,-0.2,0.2893772893772893,0.2735042735042735,0,693.3,-6.0,1
2016-17,1610612761,Toronto Raptors,111.4,107.1,4.3,95.41,2,0.5610488306671705,0.132,0.291,0,4,3.652,4.2,0.2879146919431279,0.2926540284360189,0,693.3,6.0,0
2016-17,1610612761,Toronto Raptors,111.4,107.1,4.3,95.41,2,0.5610488306671705,0.132,0.291,0,4,3.652,4.2,0.2879146919431279,0.2926540284360189,0,0.0,-27.0,1
2016-17,1610612749,Milwaukee Bucks,108.5,108.7,-0.2,94.99,2,0.5645407384803174,0.146,0.26,1,-1,-0.443,-0.2,0.2893772893772893,0.2735042735042735,0,0.0,27.0,0
2016-17,1610612761,Toronto Raptors,111.4,107.1,4.3,95.41,2,0.5610488306671705,0.132,0.291,1,4,3.652,4.2,0.2879146919431279,0.2926540284360189,0,693.3,11.0,1
2016-17,1610612749,Milwaukee Bucks,108.5,108.7,-0.2,94.99,2,0.5645407384803174,0.146,0.26,0,-1,-0.443,-0.2,0.2893772893772893,0.2735042735042735,0,693.3,-11.0,0
2016-17,1610612761,Toronto Raptors,111.4,107.1,4.3,95.41,3,0.5610488306671705,0.132,0.291,0,4,3.652,4.2,0.2879146919431279,0.2926540284360189,0,693.3,25.0,1
2016-17,1610612749,Milwaukee Bucks,108.5,108.7,-0.2,94.99,3,0.5645407384803174,0.146,0.26,1,-1,-0.443,-0.2,0.2893772893772893,0.2735042735042735,0,693.3,-25.0,0
2016-17,1610612764,Washington Wizards,110.4,108.8,1.7,97.94,5,0.5644927835904222,0.143,0.286,1,-1,1.363,1.8,0.2850574712643678,0.2540229885057471,0,0.0,0.0,1
2016-17,1610612737,Atlanta Hawks,104.5,105.2,-0.7,97.76,5,0.5411300809597718,0.16,0.282,0,-1,-1.225,-0.9,0.3092417061611374,0.2950236966824644,0,0.0,0.0,0
2016-17,1610612764,Washington Wizards,110.4,108.8,1.7,97.94,3,0.5644927835904222,0.143,0.286,1,-1,1.363,1.8,0.2850574712643678,0.2540229885057471,0,0.0,7.0,1
2016-17,1610612737,Atlanta Hawks,104.5,105.2,-0.7,97.76,3,0.5411300809597718,0.16,0.282,0,-1,-1.225,-0.9,0.3092417061611374,0.2950236966824644,0,0.0,-7.0,0
2016-17,1610612737,Atlanta Hawks,104.5,105.2,-0.7,97.76,3,0.5411300809597718,0.16,0.282,1,-1,-1.225,-0.9,0.3092417061611374,0.2950236966824644,0,873.1,-8.0,1
2016-17,1610612764,Washington Wizards,110.4,108.8,1.7,97.94,3,0.5644927835904222,0.143,0.286,0,-1,1.363,1.8,0.2850574712643678,0.2540229885057471,0,873.1,8.0,0
2016-17,1610612737,Atlanta Hawks,104.5,105.2,-0.7,97.76,2,0.5411300809597718,0.16,0.282,1,-1,-1.225,-0.9,0.3092417061611374,0.2950236966824644,0,0.0,18.0,1
2016-17,1610612764,Washington Wizards,110.4,108.8,1.7,97.94,2,0.5644927835904222,0.143,0.286,0,-1,1.363,1.8,0.2850574712643678,0.2540229885057471,0,0.0,-18.0,0
2016-17,1610612764,Washington Wizards,110.4,108.8,1.7,97.94,2,0.5644927835904222,0.143,0.286,1,-1,1.363,1.8,0.2850574712643678,0.2540229885057471,0,873.1,-10.0,1
2016-17,1610612737,Atlanta Hawks,104.5,105.2,-0.7,97.76,2,0.5411300809597718,0.16,0.282,0,-1,-1.225,-0.9,0.3092417061611374,0.2950236966824644,0,873.1,10.0,0
2016-17,1610612764,Washington Wizards,110.4,108.8,1.7,97.94,2,0.5644927835904222,0.143,0.286,0,-1,1.363,1.8,0.2850574712643678,0.2540229885057471,0,873.1,4.0,1
2016-17,1610612737,Atlanta Hawks,104.5,105.2,-0.7,97.76,2,0.5411300809597718,0.16,0.282,1,-1,-1.225,-0.9,0.3092417061611374,0.2950236966824644,0,873.1,-4.0,0
2016-17,1610612744,Golden State Warriors,114.8,103.4,11.4,100.37,5,0.5971518074275587,0.146,0.272,1,1,11.351,11.6,0.3582089552238806,0.2594718714121699,0,0.0,0.0,1
2016-17,1610612757,Portland Trail Blazers,109.4,110.0,-0.6,97.38,5,0.5589051881319411,0.139,0.269,0,-1,-0.226,-0.5,0.321718931475029,0.2752613240418118,0,0.0,0.0,0
2016-17,1610612744,Golden State Warriors,114.8,103.4,11.4,100.37,3,0.5971518074275587,0.146,0.272,1,1,11.351,11.6,0.3582089552238806,0.2594718714121699,0,0.0,12.0,1
2016-17,1610612757,Portland Trail Blazers,109.4,110.0,-0.6,97.38,3,0.5589051881319411,0.139,0.269,0,-1,-0.226,-0.5,0.321718931475029,0.2752613240418118,0,0.0,-12.0,0
2016-17,1610612744,Golden State Warriors,114.8,103.4,11.4,100.37,3,0.5971518074275587,0.146,0.272,0,1,11.351,11.6,0.3582089552238806,0.2594718714121699,0,863.6,29.0,1
2016-17,1610612757,Portland Trail Blazers,109.4,110.0,-0.6,97.38,3,0.5589051881319411,0.139,0.269,1,-1,-0.226,-0.5,0.321718931475029,0.2752613240418118,0,863.6,-29.0,0
2016-17,1610612744,Golden State Warriors,114.8,103.4,11.4,100.37,2,0.5971518074275587,0.146,0.272,0,1,11.351,11.6,0.3582089552238806,0.2594718714121699,0,0.0,6.0,1
2016-17,1610612757,Portland Trail Blazers,109.4,110.0,-0.6,97.38,2,0.5589051881319411,0.139,0.269,1,-1,-0.226,-0.5,0.321718931475029,0.2752613240418118,0,0.0,-6.0,0
2016-17,1610612759,San Antonio Spurs,110.3,102.9,7.4,94.86,5,0.5638252302420219,0.141,0.282,1,-3,7.134,7.2,0.2807646356033452,0.2628434886499402,0,0.0,0.0,1
2016-17,1610612763,Memphis Grizzlies,107.0,106.5,0.5,92.84,5,0.5351665672659113,0.137,0.295,0,-2,0.959,0.5,0.3169856459330143,0.2799043062200957,0,0.0,0.0,0
2016-17,1610612759,San Antonio Spurs,110.3,102.9,7.4,94.86,2,0.5638252302420219,0.141,0.282,1,-3,7.134,7.2,0.2807646356033452,0.2628434886499402,0,0.0,29.0,1
2016-17,1610612763,Memphis Grizzlies,107.0,106.5,0.5,92.84,2,0.5351665672659113,0.137,0.295,0,-2,0.959,0.5,0.3169856459330143,0.2799043062200957,0,0.0,-29.0,0
2016-17,1610612763,Memphis Grizzlies,107.0,106.5,0.5,92.84,3,0.5351665672659113,0.137,0.295,1,-2,0.959,0.5,0.3169856459330143,0.2799043062200957,0,1011.6,-14.0,1
2016-17,1610612759,San Antonio Spurs,110.3,102.9,7.4,94.86,3,0.5638252302420219,0.141,0.282,0,-3,7.134,7.2,0.2807646356033452,0.2628434886499402,0,1011.6,14.0,0
2016-17,1610612763,Memphis Grizzlies,107.0,106.5,0.5,92.84,2,0.5351665672659113,0.137,0.295,1,-2,0.959,0.5,0.3169856459330143,0.2799043062200957,0,0.0,11.0,1
2016-17,1610612759,San Antonio Spurs,110.3,102.9,7.4,94.86,2,0.5638252302420219,0.141,0.282,0,-3,7.134,7.2,0.2807646356033452,0.2628434886499402,0,0.0,-11.0,0
2016-17,1610612759,San Antonio Spurs,110.3,102.9,7.4,94.86,3,0.5638252302420219,0.141,0.282,1,-3,7.134,7.2,0.2807646356033452,0.2628434886499402,0,1011.6,-2.0,1
2016-17,1610612763,Memphis Grizzlies,107.0,106.5,0.5,92.84,3,0.5351665672659113,0.137,0.295,0,-2,0.959,0.5,0.3169856459330143,0.2799043062200957,0,1011.6,2.0,0
2016-17,1610612759,San Antonio Spurs,110.3,102.9,7.4,94.86,2,0.5638252302420219,0.141,0.282,0,-3,7.134,7.2,0.2807646356033452,0.2628434886499402,0,1011.6,13.0,1
2016-17,1610612763,Memphis Grizzlies,107.0,106.5,0.5,92.84,2,0.5351665672659113,0.137,0.295,1,-2,0.959,0.5,0.3169856459330143,0.2799043062200957,0,1011.6,-13.0,0
2016-17,1610612745,Houston Rockets,114.1,108.4,5.7,100.55,5,0.5831478858992515,0.15,0.281,1,1,5.845,5.8,0.4621559633027522,0.3038990825688073,0,0.0,0.0,1
2016-17,1610612760,Oklahoma City Thunder,107.9,107.1,0.8,98.18,5,0.5397359040829552,0.152,0.323,0,-1,1.122,0.8,0.2951945080091533,0.2951945080091533,0,0.0,0.0,0
2016-17,1610612745,Houston Rockets,114.1,108.4,5.7,100.55,3,0.5831478858992515,0.15,0.281,1,1,5.845,5.8,0.4621559633027522,0.3038990825688073,0,0.0,31.0,1
2016-17,1610612760,Oklahoma City Thunder,107.9,107.1,0.8,98.18,3,0.5397359040829552,0.152,0.323,0,-1,1.122,0.8,0.2951945080091533,0.2951945080091533,0,0.0,-31.0,0
2016-17,1610612760,Oklahoma City Thunder,107.9,107.1,0.8,98.18,2,0.5397359040829552,0.152,0.323,1,-1,1.122,0.8,0.2951945080091533,0.2951945080091533,0,666.3,-4.0,1
2016-17,1610612745,Houston Rockets,114.1,108.4,5.7,100.55,2,0.5831478858992515,0.15,0.281,0,1,5.845,5.8,0.4621559633027522,0.3038990825688073,0,666.3,4.0,0
2016-17,1610612745,Houston Rockets,114.1,108.4,5.7,100.55,2,0.5831478858992515,0.15,0.281,0,1,5.845,5.8,0.4621559633027522,0.3038990825688073,0,0.0,-2.0,1
2016-17,1610612760,Oklahoma City Thunder,107.9,107.1,0.8,98.18,2,0.5397359040829552,0.152,0.323,1,-1,1.122,0.8,0.2951945080091533,0.2951945080091533,0,0.0,2.0,0
2016-17,1610612745,Houston Rockets,114.1,108.4,5.7,100.55,2,0.5831478858992515,0.15,0.281,1,1,5.845,5.8,0.4621559633027522,0.3038990825688073,0,666.3,4.0,1
2016-17,1610612760,Oklahoma City Thunder,107.9,107.1,0.8,98.18,2,0.5397359040829552,0.152,0.323,0,-1,1.122,0.8,0.2951945080091533,0.2951945080091533,0,666.3,-4.0,0
2016-17,1610612762,Utah Jazz,109.0,104.7,4.3,92.09,5,0.5620925247834242,0.148,0.27,0,2,4.002,3.9,0.3270440251572327,0.2880503144654088,0,0.0,0.0,1
2016-17,1610612746,LA Clippers,111.8,107.5,4.4,96.77,5,0.5742814877430262,0.133,0.256,1,7,4.421,4.3,0.3293269230769231,0.3125,0,0.0,0.0,0
2016-17,1610612746,LA Clippers,111.8,107.5,4.4,96.77,3,0.5742814877430262,0.133,0.256,1,7,4.421,4.3,0.3293269230769231,0.3125,0,0.0,-2.0,1
2016-17,1610612762,Utah Jazz,109.0,104.7,4.3,92.09,3,0.5620925247834242,0.148,0.27,0,2,4.002,3.9,0.3270440251572327,0.2880503144654088,0,0.0,2.0,0
2016-17,1610612746,LA Clippers,111.8,107.5,4.4,96.77,3,0.5742814877430262,0.133,0.256,0,7,4.421,4.3,0.3293269230769231,0.3125,0,948.0,8.0,1
2016-17,1610612762,Utah Jazz,109.0,104.7,4.3,92.09,3,0.5620925247834242,0.148,0.27,1,2,4.002,3.9,0.3270440251572327,0.2880503144654088,0,948.0,-8.0,0
2016-17,1610612762,Utah Jazz,109.0,104.7,4.3,92.09,2,0.5620925247834242,0.148,0.27,1,2,4.002,3.9,0.3270440251572327,0.2880503144654088,0,0.0,-5.0,1
2016-17,1610612746,LA Clippers,111.8,107.5,4.4,96.77,2,0.5742814877430262,0.133,0.256,0,7,4.421,4.3,0.3293269230769231,0.3125,0,0.0,5.0,0
2016-17,1610612762,Utah Jazz,109.0,104.7,4.3,92.09,2,0.5620925247834242,0.148,0.27,0,2,4.002,3.9,0.3270440251572327,0.2880503144654088,0,948.0,7.0,1
2016-17,1610612746,LA Clippers,111.8,107.5,4.4,96.77,2,0.5742814877430262,0.133,0.256,1,7,4.421,4.3,0.3293269230769231,0.3125,0,948.0,-7.0,0
2016-17,1610612746,LA Clippers,111.8,107.5,4.4,96.77,3,0.5742814877430262,0.133,0.256,0,7,4.421,4.3,0.3293269230769231,0.3125,0,948.0,-4.0,1
2016-17,1610612762,Utah Jazz,109.0,104.7,4.3,92.09,3,0.5620925247834242,0.148,0.27,1,2,4.002,3.9,0.3270440251572327,0.2880503144654088,0,948.0,4.0,0
2016-17,1610612762,Utah Jazz,109.0,104.7,4.3,92.09,2,0.5620925247834242,0.148,0.27,0,2,4.002,3.9,0.3270440251572327,0.2880503144654088,0,948.0,-5.0,1
2016-17,1610612746,LA Clippers,111.8,107.5,4.4,96.77,2,0.5742814877430262,0.133,0.256,1,7,4.421,4.3,0.3293269230769231,0.3125,0,948.0,5.0,0
2016-17,1610612738,Boston Celtics,110.6,108.0,2.6,97.21,2,0.5665841272505981,0.136,0.259,1,3,2.25,2.6,0.3924794359576968,0.27262044653349,0,1368.9,22.0,1
2016-17,1610612764,Washington Wizards,110.4,108.8,1.7,97.94,2,0.5644927835904222,0.143,0.286,0,-1,1.363,1.8,0.2850574712643678,0.2540229885057471,0,1506.5,16.0,0
2016-17,1610612738,Boston Celtics,110.6,108.0,2.6,97.21,2,0.5665841272505981,0.136,0.259,1,3,2.25,2.6,0.3924794359576968,0.27262044653349,0,0.0,12.0,1
2016-17,1610612764,Washington Wizards,110.4,108.8,1.7,97.94,2,0.5644927835904222,0.143,0.286,0,-1,1.363,1.8,0.2850574712643678,0.2540229885057471,0,0.0,-12.0,0
2016-17,1610612764,Washington Wizards,110.4,108.8,1.7,97.94,2,0.5644927835904222,0.143,0.286,1,-1,1.363,1.8,0.2850574712643678,0.2540229885057471,0,633.4,-10.0,1
2016-17,1610612738,Boston Celtics,110.6,108.0,2.6,97.21,2,0.5665841272505981,0.136,0.259,0,3,2.25,2.6,0.3924794359576968,0.27262044653349,0,633.4,10.0,0
2016-17,1610612764,Washington Wizards,110.4,108.8,1.7,97.94,3,0.5644927835904222,0.143,0.286,1,-1,1.363,1.8,0.2850574712643678,0.2540229885057471,0,0.0,27.0,1
2016-17,1610612738,Boston Celtics,110.6,108.0,2.6,97.21,3,0.5665841272505981,0.136,0.259,0,3,2.25,2.6,0.3924794359576968,0.27262044653349,0,0.0,-27.0,0
2016-17,1610612738,Boston Celtics,110.6,108.0,2.6,97.21,3,0.5665841272505981,0.136,0.259,1,3,2.25,2.6,0.3924794359576968,0.27262044653349,0,633.4,-19.0,1
2016-17,1610612764,Washington Wizards,110.4,108.8,1.7,97.94,3,0.5644927835904222,0.143,0.286,0,-1,1.363,1.8,0.2850574712643678,0.2540229885057471,0,633.4,19.0,0
2016-17,1610612764,Washington Wizards,110.4,108.8,1.7,97.94,2,0.5644927835904222,0.143,0.286,1,-1,1.363,1.8,0.2850574712643678,0.2540229885057471,0,633.4,-22.0,1
2016-17,1610612738,Boston Celtics,110.6,108.0,2.6,97.21,2,0.5665841272505981,0.136,0.259,0,3,2.25,2.6,0.3924794359576968,0.27262044653349,0,633.4,22.0,0
2016-17,1610612738,Boston Celtics,110.6,108.0,2.6,97.21,3,0.5665841272505981,0.136,0.259,1,3,2.25,2.6,0.3924794359576968,0.27262044653349,0,633.4,-1.0,1
2016-17,1610612764,Washington Wizards,110.4,108.8,1.7,97.94,3,0.5644927835904222,0.143,0.286,0,-1,1.363,1.8,0.2850574712643678,0.2540229885057471,0,633.4,1.0,0
2016-17,1610612739,Cleveland Cavaliers,112.8,109.7,3.1,96.74,8,0.5795989574575416,0.14,0.264,1,-4,2.877,3.2,0.3992932862190812,0.2744405182567727,0,423.4,4.0,1
2016-17,1610612761,Toronto Raptors,111.4,107.1,4.3,95.41,4,0.5610488306671705,0.132,0.291,0,4,3.652,4.2,0.2879146919431279,0.2926540284360189,0,540.5,3.0,0
2016-17,1610612739,Cleveland Cavaliers,112.8,109.7,3.1,96.74,2,0.5795989574575416,0.14,0.264,1,-4,2.877,3.2,0.3992932862190812,0.2744405182567727,0,0.0,11.0,1
2016-17,1610612761,Toronto Raptors,111.4,107.1,4.3,95.41,2,0.5610488306671705,0.132,0.291,0,4,3.652,4.2,0.2879146919431279,0.2926540284360189,0,0.0,-11.0,0
2016-17,1610612739,Cleveland Cavaliers,112.8,109.7,3.1,96.74,2,0.5795989574575416,0.14,0.264,0,-4,2.877,3.2,0.3992932862190812,0.2744405182567727,0,304.4,22.0,1
2016-17,1610612761,Toronto Raptors,111.4,107.1,4.3,95.41,2,0.5610488306671705,0.132,0.291,1,4,3.652,4.2,0.2879146919431279,0.2926540284360189,0,304.4,-22.0,0
2016-17,1610612739,Cleveland Cavaliers,112.8,109.7,3.1,96.74,2,0.5795989574575416,0.14,0.264,0,-4,2.877,3.2,0.3992932862190812,0.2744405182567727,0,0.0,21.0,1
2016-17,1610612761,Toronto Raptors,111.4,107.1,4.3,95.41,2,0.5610488306671705,0.132,0.291,1,4,3.652,4.2,0.2879146919431279,0.2926540284360189,0,0.0,-21.0,0
2016-17,1610612744,Golden State Warriors,114.8,103.4,11.4,100.37,8,0.5971518074275587,0.146,0.272,1,1,11.351,11.6,0.3582089552238806,0.2594718714121699,0,863.6,25.0,1
2016-17,1610612762,Utah Jazz,109.0,104.7,4.3,92.09,2,0.5620925247834242,0.148,0.27,0,2,4.002,3.9,0.3270440251572327,0.2880503144654088,0,560.3,13.0,0
2016-17,1610612744,Golden State Warriors,114.8,103.4,11.4,100.37,2,0.5971518074275587,0.146,0.272,1,1,11.351,11.6,0.3582089552238806,0.2594718714121699,0,0.0,12.0,1
2016-17,1610612762,Utah Jazz,109.0,104.7,4.3,92.09,2,0.5620925247834242,0.148,0.27,0,2,4.002,3.9,0.3270440251572327,0.2880503144654088,0,0.0,-12.0,0
2016-17,1610612744,Golden State Warriors,114.8,103.4,11.4,100.37,2,0.5971518074275587,0.146,0.272,0,1,11.351,11.6,0.3582089552238806,0.2594718714121699,0,961.6,11.0,1
2016-17,1610612762,Utah Jazz,109.0,104.7,4.3,92.09,2,0.5620925247834242,0.148,0.27,1,2,4.002,3.9,0.3270440251572327,0.2880503144654088,0,961.6,-11.0,0
2016-17,1610612744,Golden State Warriors,114.8,103.4,11.4,100.37,2,0.5971518074275587,0.146,0.272,0,1,11.351,11.6,0.3582089552238806,0.2594718714121699,0,0.0,11.0,1
2016-17,1610612762,Utah Jazz,109.0,104.7,4.3,92.09,2,0.5620925247834242,0.148,0.27,1,2,4.002,3.9,0.3270440251572327,0.2880503144654088,0,0.0,-11.0,0
2016-17,1610612745,Houston Rockets,114.1,108.4,5.7,100.55,6,0.5831478858992515,0.15,0.281,0,1,5.845,5.8,0.4621559633027522,0.3038990825688073,0,299.5,6.0,1
2016-17,1610612759,San Antonio Spurs,110.3,102.9,7.4,94.86,4,0.5638252302420219,0.141,0.282,1,-3,7.134,7.2,0.2807646356033452,0.2628434886499402,0,1011.6,7.0,0
2016-17,1610612759,San Antonio Spurs,110.3,102.9,7.4,94.86,2,0.5638252302420219,0.141,0.282,1,-3,7.134,7.2,0.2807646356033452,0.2628434886499402,0,0.0,-27.0,1
2016-17,1610612745,Houston Rockets,114.1,108.4,5.7,100.55,2,0.5831478858992515,0.15,0.281,0,1,5.845,5.8,0.4621559633027522,0.3038990825688073,0,0.0,27.0,0
2016-17,1610612759,San Antonio Spurs,110.3,102.9,7.4,94.86,2,0.5638252302420219,0.141,0.282,0,-3,7.134,7.2,0.2807646356033452,0.2628434886499402,0,299.5,25.0,1
2016-17,1610612745,Houston Rockets,114.1,108.4,5.7,100.55,2,0.5831478858992515,0.15,0.281,1,1,5.845,5.8,0.4621559633027522,0.3038990825688073,0,299.5,-25.0,0
2016-17,1610612745,Houston Rockets,114.1,108.4,5.7,100.55,2,0.5831478858992515,0.15,0.281,1,1,5.845,5.8,0.4621559633027522,0.3038990825688073,0,0.0,-11.0,1
2016-17,1610612759,San Antonio Spurs,110.3,102.9,7.4,94.86,2,0.5638252302420219,0.141,0.282,0,-3,7.134,7.2,0.2807646356033452,0.2628434886499402,0,0.0,11.0,0
2016-17,1610612759,San Antonio Spurs,110.3,102.9,7.4,94.86,2,0.5638252302420219,0.141,0.282,1,-3,7.134,7.2,0.2807646356033452,0.2628434886499402,0,299.5,-21.0,1
2016-17,1610612745,Houston Rockets,114.1,108.4,5.7,100.55,2,0.5831478858992515,0.15,0.281,0,1,5.845,5.8,0.4621559633027522,0.3038990825688073,0,299.5,21.0,0
2016-17,1610612759,San Antonio Spurs,110.3,102.9,7.4,94.86,2,0.5638252302420219,0.141,0.282,0,-3,7.134,7.2,0.2807646356033452,0.2628434886499402,0,299.5,3.0,1
2016-17,1610612745,Houston Rockets,114.1,108.4,5.7,100.55,2,0.5831478858992515,0.15,0.281,1,1,5.845,5.8,0.4621559633027522,0.3038990825688073,0,299.5,-3.0,0
2016-17,1610612739,Cleveland Cavaliers,112.8,109.7,3.1,96.74,10,0.5795989574575416,0.14,0.264,0,-4,2.877,3.2,0.3992932862190812,0.2744405182567727,0,690.7,7.0,1
2016-17,1610612738,Boston Celtics,110.6,108.0,2.6,97.21,2,0.5665841272505981,0.136,0.259,1,3,2.25,2.6,0.3924794359576968,0.27262044653349,0,0.0,10.0,0
2016-17,1610612739,Cleveland Cavaliers,112.8,109.7,3.1,96.74,2,0.5795989574575416,0.14,0.264,0,-4,2.877,3.2,0.3992932862190812,0.2744405182567727,0,0.0,13.0,1
2016-17,1610612738,Boston Celtics,110.6,108.0,2.6,97.21,2,0.5665841272505981,0.136,0.259,1,3,2.25,2.6,0.3924794359576968,0.27262044653349,0,0.0,-13.0,0
2016-17,1610612738,Boston Celtics,110.6,108.0,2.6,97.21,2,0.5665841272505981,0.136,0.259,0,3,2.25,2.6,0.3924794359576968,0.27262044653349,0,883.7,-44.0,1
2016-17,1610612739,Cleveland Cavaliers,112.8,109.7,3.1,96.74,2,0.5795989574575416,0.14,0.264,1,-4,2.877,3.2,0.3992932862190812,0.2744405182567727,0,883.7,44.0,0
2016-17,1610612739,Cleveland Cavaliers,112.8,109.7,3.1,96.74,2,0.5795989574575416,0.14,0.264,1,-4,2.877,3.2,0.3992932862190812,0.2744405182567727,0,0.0,-3.0,1
2016-17,1610612738,Boston Celtics,110.6,108.0,2.6,97.21,2,0.5665841272505981,0.136,0.259,0,3,2.25,2.6,0.3924794359576968,0.27262044653349,0,0.0,3.0,0
2016-17,1610612739,Cleveland Cavaliers,112.8,109.7,3.1,96.74,2,0.5795989574575416,0.14,0.264,0,-4,2.877,3.2,0.3992932862190812,0.2744405182567727,0,883.7,13.0,1
2016-17,1610612738,Boston Celtics,110.6,108.0,2.6,97.21,2,0.5665841272505981,0.136,0.259,1,3,2.25,2.6,0.3924794359576968,0.27262044653349,0,883.7,-13.0,0
2016-17,1610612744,Golden State Warriors,114.8,103.4,11.4,100.37,6,0.5971518074275587,0.146,0.272,1,1,11.351,11.6,0.3582089552238806,0.2594718714121699,0,961.6,26.0,1
2016-17,1610612759,San Antonio Spurs,110.3,102.9,7.4,94.86,3,0.5638252302420219,0.141,0.282,0,-3,7.134,7.2,0.2807646356033452,0.2628434886499402,0,2641.2,39.0,0
2016-17,1610612744,Golden State Warriors,114.8,103.4,11.4,100.37,2,0.5971518074275587,0.146,0.272,1,1,11.351,11.6,0.3582089552238806,0.2594718714121699,0,0.0,2.0,1
2016-17,1610612759,San Antonio Spurs,110.3,102.9,7.4,94.86,2,0.5638252302420219,0.141,0.282,0,-3,7.134,7.2,0.2807646356033452,0.2628434886499402,0,0.0,-2.0,0
2016-17,1610612744,Golden State Warriors,114.8,103.4,11.4,100.37,4,0.5971518074275587,0.146,0.272,0,1,11.351,11.6,0.3582089552238806,0.2594718714121699,0,2395.5,36.0,1
2016-17,1610612759,San Antonio Spurs,110.3,102.9,7.4,94.86,4,0.5638252302420219,0.141,0.282,1,-3,7.134,7.2,0.2807646356033452,0.2628434886499402,0,2395.5,-36.0,0
2016-17,1610612744,Golden State Warriors,114.8,103.4,11.4,100.37,2,0.5971518074275587,0.146,0.272,0,1,11.351,11.6,0.3582089552238806,0.2594718714121699,0,0.0,12.0,1
2016-17,1610612759,San Antonio Spurs,110.3,102.9,7.4,94.86,2,0.5638252302420219,0.141,0.282,1,-3,7.134,7.2,0.2807646356033452,0.2628434886499402,0,0.0,-12.0,0
2016-17,1610612744,Golden State Warriors,114.8,103.4,11.4,100.37,10,0.5971518074275587,0.146,0.272,1,1,11.351,11.6,0.3582089552238806,0.2594718714121699,0,2395.5,14.0,1
2016-17,1610612739,Cleveland Cavaliers,112.8,109.7,3.1,96.74,7,0.5795989574575416,0.14,0.264,0,-4,2.877,3.2,0.3992932862190812,0.2744405182567727,0,4331.0,33.0,0
2016-17,1610612744,Golden State Warriors,114.8,103.4,11.4,100.37,3,0.5971518074275587,0.146,0.272,1,1,11.351,11.6,0.3582089552238806,0.2594718714121699,0,0.0,22.0,1
2016-17,1610612739,Cleveland Cavaliers,112.8,109.7,3.1,96.74,3,0.5795989574575416,0.14,0.264,0,-4,2.877,3.2,0.3992932862190812,0.2744405182567727,0,0.0,-22.0,0
2016-17,1610612744,Golden State Warriors,114.8,103.4,11.4,100.37,3,0.5971518074275587,0.146,0.272,0,1,11.351,11.6,0.3582089552238806,0.2594718714121699,0,3477.6,19.0,1
2016-17,1610612739,Cleveland Cavaliers,112.8,109.7,3.1,96.74,3,0.5795989574575416,0.14,0.264,1,-4,2.877,3.2,0.3992932862190812,0.2744405182567727,0,3477.6,-19.0,0
2016-17,1610612739,Cleveland Cavaliers,112.8,109.7,3.1,96.74,2,0.5795989574575416,0.14,0.264,1,-4,2.877,3.2,0.3992932862190812,0.2744405182567727,0,0.0,-5.0,1
2016-17,1610612744,Golden State Warriors,114.8,103.4,11.4,100.37,2,0.5971518074275587,0.146,0.272,0,1,11.351,11.6,0.3582089552238806,0.2594718714121699,0,0.0,5.0,0
2016-17,1610612744,Golden State Warriors,114.8,103.4,11.4,100.37,3,0.5971518074275587,0.146,0.272,1,1,11.351,11.6,0.3582089552238806,0.2594718714121699,0,3477.6,-19.0,1
2016-17,1610612739,Cleveland Cavaliers,112.8,109.7,3.1,96.74,3,0.5795989574575416,0.14,0.264,0,-4,2.877,3.2,0.3992932862190812,0.2744405182567727,0,3477.6,19.0,0
2017-18,1610612761,Toronto Raptors,113.0,105.3,7.7,98.02,5,0.5758206862421643,0.135,0.274,1,-1,7.391,7.8,0.3775743707093821,0.2494279176201373,0,0.0,0.0,1
2017-18,1610612764,Washington Wizards,108.1,107.7,0.4,97.67,5,0.5599210017648542,0.148,0.274,0,-1,0.575,0.6,0.3095794392523365,0.2546728971962617,0,0.0,0.0,0
2017-18,1610612761,Toronto Raptors,113.0,105.3,7.7,98.02,3,0.5758206862421643,0.135,0.274,1,-1,7.391,7.8,0.3775743707093821,0.2494279176201373,0,0.0,8.0,1
2017-18,1610612764,Washington Wizards,108.1,107.7,0.4,97.67,3,0.5599210017648542,0.148,0.274,0,-1,0.575,0.6,0.3095794392523365,0.2546728971962617,0,0.0,-8.0,0
2017-18,1610612764,Washington Wizards,108.1,107.7,0.4,97.67,3,0.5599210017648542,0.148,0.274,1,-1,0.575,0.6,0.3095794392523365,0.2546728971962617,0,563.2,-11.0,1
2017-18,1610612761,Toronto Raptors,113.0,105.3,7.7,98.02,3,0.5758206862421643,0.135,0.274,0,-1,7.391,7.8,0.3775743707093821,0.2494279176201373,0,563.2,11.0,0
2017-18,1610612764,Washington Wizards,108.1,107.7,0.4,97.67,2,0.5599210017648542,0.148,0.274,1,-1,0.575,0.6,0.3095794392523365,0.2546728971962617,0,0.0,19.0,1
2017-18,1610612761,Toronto Raptors,113.0,105.3,7.7,98.02,2,0.5758206862421643,0.135,0.274,0,-1,7.391,7.8,0.3775743707093821,0.2494279176201373,0,0.0,-19.0,0
2017-18,1610612761,Toronto Raptors,113.0,105.3,7.7,98.02,3,0.5758206862421643,0.135,0.274,1,-1,7.391,7.8,0.3775743707093821,0.2494279176201373,0,563.2,-8.0,1
2017-18,1610612764,Washington Wizards,108.1,107.7,0.4,97.67,3,0.5599210017648542,0.148,0.274,0,-1,0.575,0.6,0.3095794392523365,0.2546728971962617,0,563.2,8.0,0
2017-18,1610612761,Toronto Raptors,113.0,105.3,7.7,98.02,2,0.5758206862421643,0.135,0.274,0,-1,7.391,7.8,0.3775743707093821,0.2494279176201373,0,563.2,10.0,1
2017-18,1610612764,Washington Wizards,108.1,107.7,0.4,97.67,2,0.5599210017648542,0.148,0.274,1,-1,0.575,0.6,0.3095794392523365,0.2546728971962617,0,563.2,-10.0,0
2017-18,1610612738,Boston Celtics,106.8,103.2,3.6,96.75,5,0.5519701086956522,0.144,0.263,1,1,3.249,3.6,0.3572267920094007,0.2432432432432432,0,0.0,0.0,1
2017-18,1610612749,Milwaukee Bucks,109.0,109.1,-0.2,97.03,5,0.5707640198936718,0.142,0.244,0,-1,-0.454,-0.3,0.2975903614457831,0.2819277108433735,0,0.0,0.0,0
2017-18,1610612738,Boston Celtics,106.8,103.2,3.6,96.75,2,0.5519701086956522,0.144,0.263,1,1,3.249,3.6,0.3572267920094007,0.2432432432432432,0,0.0,6.0,1
2017-18,1610612749,Milwaukee Bucks,109.0,109.1,-0.2,97.03,2,0.5707640198936718,0.142,0.244,0,-1,-0.454,-0.3,0.2975903614457831,0.2819277108433735,0,0.0,-6.0,0
2017-18,1610612749,Milwaukee Bucks,109.0,109.1,-0.2,97.03,3,0.5707640198936718,0.142,0.244,1,-1,-0.454,-0.3,0.2975903614457831,0.2819277108433735,0,1377.0,-14.0,1
2017-18,1610612738,Boston Celtics,106.8,103.2,3.6,96.75,3,0.5519701086956522,0.144,0.263,0,1,3.249,3.6,0.3572267920094007,0.2432432432432432,0,1377.0,14.0,0
2017-18,1610612749,Milwaukee Bucks,109.0,109.1,-0.2,97.03,2,0.5707640198936718,0.142,0.244,1,-1,-0.454,-0.3,0.2975903614457831,0.2819277108433735,0,0.0,24.0,1
2017-18,1610612738,Boston Celtics,106.8,103.2,3.6,96.75,2,0.5519701086956522,0.144,0.263,0,1,3.249,3.6,0.3572267920094007,0.2432432432432432,0,0.0,-24.0,0
2017-18,1610612738,Boston Celtics,106.8,103.2,3.6,96.75,2,0.5519701086956522,0.144,0.263,1,1,3.249,3.6,0.3572267920094007,0.2432432432432432,0,1377.0,-2.0,1
2017-18,1610612749,Milwaukee Bucks,109.0,109.1,-0.2,97.03,2,0.5707640198936718,0.142,0.244,0,-1,-0.454,-0.3,0.2975903614457831,0.2819277108433735,0,1377.0,2.0,0
2017-18,1610612749,Milwaukee Bucks,109.0,109.1,-0.2,97.03,2,0.5707640198936718,0.142,0.244,1,-1,-0.454,-0.3,0.2975903614457831,0.2819277108433735,0,1377.0,-5.0,1
2017-18,1610612738,Boston Celtics,106.8,103.2,3.6,96.75,2,0.5519701086956522,0.144,0.263,0,1,3.249,3.6,0.3572267920094007,0.2432432432432432,0,1377.0,5.0,0
2017-18,1610612738,Boston Celtics,106.8,103.2,3.6,96.75,2,0.5519701086956522,0.144,0.263,1,1,3.249,3.6,0.3572267920094007,0.2432432432432432,0,1377.0,-11.0,1
2017-18,1610612749,Milwaukee Bucks,109.0,109.1,-0.2,97.03,2,0.5707640198936718,0.142,0.244,0,-1,-0.454,-0.3,0.2975903614457831,0.2819277108433735,0,1377.0,11.0,0
2017-18,1610612755,Philadelphia 76ers,108.5,103.9,4.6,100.75,5,0.5681347793691531,0.163,0.286,1,16,4.369,4.5,0.3441108545034642,0.2632794457274827,0,0.0,0.0,1
2017-18,1610612748,Miami Heat,106.2,105.8,0.4,96.1,5,0.5507030251384747,0.148,0.261,0,1,0.175,0.5,0.3587338804220399,0.2286049237983587,0,0.0,0.0,0
2017-18,1610612748,Miami Heat,106.2,105.8,0.4,96.1,2,0.5507030251384747,0.148,0.261,0,1,0.175,0.5,0.3587338804220399,0.2286049237983587,0,0.0,-27.0,1
2017-18,1610612755,Philadelphia 76ers,108.5,103.9,4.6,100.75,2,0.5681347793691531,0.163,0.286,1,16,4.369,4.5,0.3441108545034642,0.2632794457274827,0,0.0,27.0,0
2017-18,1610612755,Philadelphia 76ers,108.5,103.9,4.6,100.75,3,0.5681347793691531,0.163,0.286,0,16,4.369,4.5,0.3441108545034642,0.2632794457274827,0,1637.7,-10.0,1
2017-18,1610612748,Miami Heat,106.2,105.8,0.4,96.1,3,0.5507030251384747,0.148,0.261,1,1,0.175,0.5,0.3587338804220399,0.2286049237983587,0,1637.7,10.0,0
2017-18,1610612755,Philadelphia 76ers,108.5,103.9,4.6,100.75,2,0.5681347793691531,0.163,0.286,0,16,4.369,4.5,0.3441108545034642,0.2632794457274827,0,0.0,20.0,1
2017-18,1610612748,Miami Heat,106.2,105.8,0.4,96.1,2,0.5507030251384747,0.148,0.261,1,1,0.175,0.5,0.3587338804220399,0.2286049237983587,0,0.0,-20.0,0
2017-18,1610612755,Philadelphia 76ers,108.5,103.9,4.6,100.75,3,0.5681347793691531,0.163,0.286,1,16,4.369,4.5,0.3441108545034642,0.2632794457274827,0,1637.7,4.0,1
2017-18,1610612748,Miami Heat,106.2,105.8,0.4,96.1,3,0.5507030251384747,0.148,0.261,0,1,0.175,0.5,0.3587338804220399,0.2286049237983587,0,1637.7,-4.0,0
2017-18,1610612754,Indiana Pacers,108.5,107.3,1.3,96.84,5,0.5566801619433197,0.136,0.271,0,-1,1.298,1.4,0.2835648148148147,0.2222222222222222,0,0.0,0.0,1
2017-18,1610612739,Cleveland Cavaliers,112.0,111.1,1.0,98.72,5,0.5833648950048396,0.139,0.243,1,-1,0.613,0.9,0.3785377358490566,0.2747641509433962,0,0.0,0.0,0
2017-18,1610612739,Cleveland Cavaliers,112.0,111.1,1.0,98.72,3,0.5833648950048396,0.139,0.243,1,-1,0.613,0.9,0.3785377358490566,0.2747641509433962,0,0.0,-18.0,1
2017-18,1610612754,Indiana Pacers,108.5,107.3,1.3,96.84,3,0.5566801619433197,0.136,0.271,0,-1,1.298,1.4,0.2835648148148147,0.2222222222222222,0,0.0,18.0,0
2017-18,1610612754,Indiana Pacers,108.5,107.3,1.3,96.84,2,0.5566801619433197,0.136,0.271,1,-1,1.298,1.4,0.2835648148148147,0.2222222222222222,0,423.4,-3.0,1
2017-18,1610612739,Cleveland Cavaliers,112.0,111.1,1.0,98.72,2,0.5833648950048396,0.139,0.243,0,-1,0.613,0.9,0.3785377358490566,0.2747641509433962,0,423.4,3.0,0
2017-18,1610612739,Cleveland Cavaliers,112.0,111.1,1.0,98.72,2,0.5833648950048396,0.139,0.243,0,-1,0.613,0.9,0.3785377358490566,0.2747641509433962,0,0.0,-2.0,1
2017-18,1610612754,Indiana Pacers,108.5,107.3,1.3,96.84,2,0.5566801619433197,0.136,0.271,1,-1,1.298,1.4,0.2835648148148147,0.2222222222222222,0,0.0,2.0,0
2017-18,1610612739,Cleveland Cavaliers,112.0,111.1,1.0,98.72,3,0.5833648950048396,0.139,0.243,1,-1,0.613,0.9,0.3785377358490566,0.2747641509433962,0,423.4,4.0,1
2017-18,1610612754,Indiana Pacers,108.5,107.3,1.3,96.84,3,0.5566801619433197,0.136,0.271,0,-1,1.298,1.4,0.2835648148148147,0.2222222222222222,0,423.4,-4.0,0
2017-18,1610612754,Indiana Pacers,108.5,107.3,1.3,96.84,2,0.5566801619433197,0.136,0.271,1,-1,1.298,1.4,0.2835648148148147,0.2222222222222222,0,423.4,-3.0,1
2017-18,1610612739,Cleveland Cavaliers,112.0,111.1,1.0,98.72,2,0.5833648950048396,0.139,0.243,0,-1,0.613,0.9,0.3785377358490566,0.2747641509433962,0,423.4,3.0,0
2017-18,1610612739,Cleveland Cavaliers,112.0,111.1,1.0,98.72,2,0.5833648950048396,0.139,0.243,1,-1,0.613,0.9,0.3785377358490566,0.2747641509433962,0,423.4,-34.0,1
2017-18,1610612754,Indiana Pacers,108.5,107.3,1.3,96.84,2,0.5566801619433197,0.136,0.271,0,-1,1.298,1.4,0.2835648148148147,0.2222222222222222,0,423.4,34.0,0
2017-18,1610612745,Houston Rockets,114.1,105.7,8.4,98.02,5,0.5900634160682038,0.141,0.254,1,-1,8.338,8.5,0.5023752969121139,0.2980997624703088,0,0.0,0.0,1
2017-18,1610612750,Minnesota Timberwolves,112.5,110.2,2.3,96.75,5,0.566160655195235,0.128,0.289,0,3,2.375,2.2,0.2613240418118467,0.2799070847851336,0,0.0,0.0,0
2017-18,1610612745,Houston Rockets,114.1,105.7,8.4,98.02,3,0.5900634160682038,0.141,0.254,1,-1,8.338,8.5,0.5023752969121139,0.2980997624703088,0,0.0,3.0,1
2017-18,1610612750,Minnesota Timberwolves,112.5,110.2,2.3,96.75,3,0.566160655195235,0.128,0.289,0,3,2.375,2.2,0.2613240418118467,0.2799070847851336,0,0.0,-3.0,0
2017-18,1610612750,Minnesota Timberwolves,112.5,110.2,2.3,96.75,3,0.566160655195235,0.128,0.289,1,3,2.375,2.2,0.2613240418118467,0.2799070847851336,0,1703.1,-20.0,1
2017-18,1610612745,Houston Rockets,114.1,105.7,8.4,98.02,3,0.5900634160682038,0.141,0.254,0,-1,8.338,8.5,0.5023752969121139,0.2980997624703088,0,1703.1,20.0,0
2017-18,1610612745,Houston Rockets,114.1,105.7,8.4,98.02,2,0.5900634160682038,0.141,0.254,0,-1,8.338,8.5,0.5023752969121139,0.2980997624703088,0,0.0,-16.0,1
2017-18,1610612750,Minnesota Timberwolves,112.5,110.2,2.3,96.75,2,0.566160655195235,0.128,0.289,1,3,2.375,2.2,0.2613240418118467,0.2799070847851336,0,0.0,16.0,0
2017-18,1610612745,Houston Rockets,114.1,105.7,8.4,98.02,2,0.5900634160682038,0.141,0.254,1,-1,8.338,8.5,0.5023752969121139,0.2980997624703088,0,1703.1,19.0,1
2017-18,1610612750,Minnesota Timberwolves,112.5,110.2,2.3,96.75,2,0.566160655195235,0.128,0.289,0,3,2.375,2.2,0.2613240418118467,0.2799070847851336,0,1703.1,-19.0,0
2017-18,1610612744,Golden State Warriors,112.8,106.8,5.9,100.35,5,0.6035179513357155,0.153,0.243,1,-1,5.813,6.0,0.3396004700352527,0.2385428907168038,0,0.0,0.0,1
2017-18,1610612759,San Antonio Spurs,107.1,104.1,3.0,95.7,5,0.542834792168802,0.137,0.277,0,-1,2.911,2.9,0.2822014051522248,0.2447306791569086,0,0.0,0.0,0
2017-18,1610612744,Golden State Warriors,112.8,106.8,5.9,100.35,2,0.6035179513357155,0.153,0.243,1,-1,5.813,6.0,0.3396004700352527,0.2385428907168038,0,0.0,21.0,1
2017-18,1610612759,San Antonio Spurs,107.1,104.1,3.0,95.7,2,0.542834792168802,0.137,0.277,0,-1,2.911,2.9,0.2822014051522248,0.2447306791569086,0,0.0,-21.0,0
2017-18,1610612744,Golden State Warriors,112.8,106.8,5.9,100.35,3,0.6035179513357155,0.153,0.243,0,-1,5.813,6.0,0.3396004700352527,0.2385428907168038,0,2395.5,15.0,1
2017-18,1610612759,San Antonio Spurs,107.1,104.1,3.0,95.7,3,0.542834792168802,0.137,0.277,1,-1,2.911,2.9,0.2822014051522248,0.2447306791569086,0,2395.5,-15.0,0
2017-18,1610612759,San Antonio Spurs,107.1,104.1,3.0,95.7,3,0.542834792168802,0.137,0.277,1,-1,2.911,2.9,0.2822014051522248,0.2447306791569086,0,0.0,-13.0,1
2017-18,1610612744,Golden State Warriors,112.8,106.8,5.9,100.35,3,0.6035179513357155,0.153,0.243,0,-1,5.813,6.0,0.3396004700352527,0.2385428907168038,0,0.0,13.0,0
2017-18,1610612744,Golden State Warriors,112.8,106.8,5.9,100.35,2,0.6035179513357155,0.153,0.243,1,-1,5.813,6.0,0.3396004700352527,0.2385428907168038,0,2395.5,-13.0,1
2017-18,1610612759,San Antonio Spurs,107.1,104.1,3.0,95.7,2,0.542834792168802,0.137,0.277,0,-1,2.911,2.9,0.2822014051522248,0.2447306791569086,0,2395.5,13.0,0
2017-18,1610612740,New Orleans Pelicans,108.5,107.4,1.1,101.48,5,0.5728440141133996,0.145,0.24,0,5,1.788,1.3,0.319365798414496,0.2366930917327293,0,0.0,0.0,1
2017-18,1610612757,Portland Trail Blazers,108.4,105.7,2.7,97.11,5,0.5488793712836293,0.139,0.279,1,1,2.649,2.6,0.3229885057471264,0.2402298850574712,0,0.0,0.0,0
2017-18,1610612740,New Orleans Pelicans,108.5,107.4,1.1,101.48,3,0.5728440141133996,0.145,0.24,0,5,1.788,1.3,0.319365798414496,0.2366930917327293,0,0.0,2.0,1
2017-18,1610612757,Portland Trail Blazers,108.4,105.7,2.7,97.11,3,0.5488793712836293,0.139,0.279,1,1,2.649,2.6,0.3229885057471264,0.2402298850574712,0,0.0,-2.0,0
2017-18,1610612740,New Orleans Pelicans,108.5,107.4,1.1,101.48,2,0.5728440141133996,0.145,0.24,1,5,1.788,1.3,0.319365798414496,0.2366930917327293,0,3314.4,9.0,1
2017-18,1610612757,Portland Trail Blazers,108.4,105.7,2.7,97.11,2,0.5488793712836293,0.139,0.279,0,1,2.649,2.6,0.3229885057471264,0.2402298850574712,0,3314.4,-9.0,0
2017-18,1610612740,New Orleans Pelicans,108.5,107.4,1.1,101.48,2,0.5728440141133996,0.145,0.24,1,5,1.788,1.3,0.319365798414496,0.2366930917327293,0,0.0,17.0,1
2017-18,1610612757,Portland Trail Blazers,108.4,105.7,2.7,97.11,2,0.5488793712836293,0.139,0.279,0,1,2.649,2.6,0.3229885057471264,0.2402298850574712,0,0.0,-17.0,0
2017-18,1610612760,Oklahoma City Thunder,110.1,106.4,3.7,97.34,5,0.5463401790416009,0.143,0.32,1,3,3.384,3.4,0.3450624290578887,0.2746878547105562,0,0.0,0.0,1
2017-18,1610612762,Utah Jazz,107.4,103.0,4.4,96.58,5,0.5635556517973147,0.152,0.256,0,-1,4.572,4.3,0.3570566948130277,0.2593486127864897,0,0.0,0.0,0
2017-18,1610612762,Utah Jazz,107.4,103.0,4.4,96.58,3,0.5635556517973147,0.152,0.256,0,-1,4.572,4.3,0.3570566948130277,0.2593486127864897,0,0.0,-8.0,1
2017-18,1610612760,Oklahoma City Thunder,110.1,106.4,3.7,97.34,3,0.5463401790416009,0.143,0.32,1,3,3.384,3.4,0.3450624290578887,0.2746878547105562,0,0.0,8.0,0
2017-18,1610612762,Utah Jazz,107.4,103.0,4.4,96.58,3,0.5635556517973147,0.152,0.256,1,-1,4.572,4.3,0.3570566948130277,0.2593486127864897,0,1387.6,7.0,1
2017-18,1610612760,Oklahoma City Thunder,110.1,106.4,3.7,97.34,3,0.5463401790416009,0.143,0.32,0,3,3.384,3.4,0.3450624290578887,0.2746878547105562,0,1387.6,-7.0,0
2017-18,1610612762,Utah Jazz,107.4,103.0,4.4,96.58,2,0.5635556517973147,0.152,0.256,1,-1,4.572,4.3,0.3570566948130277,0.2593486127864897,0,0.0,13.0,1
2017-18,1610612760,Oklahoma City Thunder,110.1,106.4,3.7,97.34,2,0.5463401790416009,0.143,0.32,0,3,3.384,3.4,0.3450624290578887,0.2746878547105562,0,0.0,-13.0,0
2017-18,1610612760,Oklahoma City Thunder,110.1,106.4,3.7,97.34,2,0.5463401790416009,0.143,0.32,1,3,3.384,3.4,0.3450624290578887,0.2746878547105562,0,1387.6,-17.0,1
2017-18,1610612762,Utah Jazz,107.4,103.0,4.4,96.58,2,0.5635556517973147,0.152,0.256,0,-1,4.572,4.3,0.3570566948130277,0.2593486127864897,0,1387.6,17.0,0
2017-18,1610612762,Utah Jazz,107.4,103.0,4.4,96.58,2,0.5635556517973147,0.152,0.256,1,-1,4.572,4.3,0.3570566948130277,0.2593486127864897,0,1387.6,-8.0,1
2017-18,1610612760,Oklahoma City Thunder,110.1,106.4,3.7,97.34,2,0.5463401790416009,0.143,0.32,0,3,3.384,3.4,0.3450624290578887,0.2746878547105562,0,1387.6,8.0,0
2017-18,1610612739,Cleveland Cavaliers,112.0,111.1,1.0,98.72,2,0.5833648950048396,0.139,0.243,0,-1,0.613,0.9,0.3785377358490566,0.2747641509433962,0,304.4,4.0,1
2017-18,1610612761,Toronto Raptors,113.0,105.3,7.7,98.02,4,0.5758206862421643,0.135,0.274,1,-1,7.391,7.8,0.3775743707093821,0.2494279176201373,0,563.2,10.0,0
2017-18,1610612739,Cleveland Cavaliers,112.0,111.1,1.0,98.72,2,0.5833648950048396,0.139,0.243,0,-1,0.613,0.9,0.3785377358490566,0.2747641509433962,0,0.0,1.0,1
2017-18,1610612761,Toronto Raptors,113.0,105.3,7.7,98.02,2,0.5758206862421643,0.135,0.274,1,-1,7.391,7.8,0.3775743707093821,0.2494279176201373,0,0.0,-1.0,0
2017-18,1610612739,Cleveland Cavaliers,112.0,111.1,1.0,98.72,2,0.5833648950048396,0.139,0.243,1,-1,0.613,0.9,0.3785377358490566,0.2747641509433962,0,304.4,18.0,1
2017-18,1610612761,Toronto Raptors,113.0,105.3,7.7,98.02,2,0.5758206862421643,0.135,0.274,0,-1,7.391,7.8,0.3775743707093821,0.2494279176201373,0,304.4,-18.0,0
2017-18,1610612739,Cleveland Cavaliers,112.0,111.1,1.0,98.72,2,0.5833648950048396,0.139,0.243,1,-1,0.613,0.9,0.3785377358490566,0.2747641509433962,0,0.0,2.0,1
2017-18,1610612761,Toronto Raptors,113.0,105.3,7.7,98.02,2,0.5758206862421643,0.135,0.274,0,-1,7.391,7.8,0.3775743707093821,0.2494279176201373,0,0.0,-2.0,0
2017-18,1610612738,Boston Celtics,106.8,103.2,3.6,96.75,2,0.5519701086956522,0.144,0.263,1,1,3.249,3.6,0.3572267920094007,0.2432432432432432,0,0.0,16.0,1
2017-18,1610612755,Philadelphia 76ers,108.5,103.9,4.6,100.75,6,0.5681347793691531,0.163,0.286,0,16,4.369,4.5,0.3441108545034642,0.2632794457274827,0,439.9,13.0,0
2017-18,1610612738,Boston Celtics,106.8,103.2,3.6,96.75,3,0.5519701086956522,0.144,0.263,1,1,3.249,3.6,0.3572267920094007,0.2432432432432432,0,0.0,16.0,1
2017-18,1610612755,Philadelphia 76ers,108.5,103.9,4.6,100.75,3,0.5681347793691531,0.163,0.286,0,16,4.369,4.5,0.3441108545034642,0.2632794457274827,0,0.0,-16.0,0
2017-18,1610612738,Boston Celtics,106.8,103.2,3.6,96.75,2,0.5519701086956522,0.144,0.263,0,1,3.249,3.6,0.3572267920094007,0.2432432432432432,0,439.9,5.0,1
2017-18,1610612755,Philadelphia 76ers,108.5,103.9,4.6,100.75,2,0.5681347793691531,0.163,0.286,1,16,4.369,4.5,0.3441108545034642,0.2632794457274827,0,439.9,-5.0,0
2017-18,1610612755,Philadelphia 76ers,108.5,103.9,4.6,100.75,2,0.5681347793691531,0.163,0.286,1,16,4.369,4.5,0.3441108545034642,0.2632794457274827,0,0.0,-3.0,1
2017-18,1610612738,Boston Celtics,106.8,103.2,3.6,96.75,2,0.5519701086956522,0.144,0.263,0,1,3.249,3.6,0.3572267920094007,0.2432432432432432,0,0.0,3.0,0
2017-18,1610612738,Boston Celtics,106.8,103.2,3.6,96.75,2,0.5519701086956522,0.144,0.263,1,1,3.249,3.6,0.3572267920094007,0.2432432432432432,0,439.9,-11.0,1
2017-18,1610612755,Philadelphia 76ers,108.5,103.9,4.6,100.75,2,0.5681347793691531,0.163,0.286,0,16,4.369,4.5,0.3441108545034642,0.2632794457274827,0,439.9,11.0,0
2017-18,1610612745,Houston Rockets,114.1,105.7,8.4,98.02,4,0.5900634160682038,0.141,0.254,1,-1,8.338,8.5,0.5023752969121139,0.2980997624703088,0,0.0,18.0,1
2017-18,1610612762,Utah Jazz,107.4,103.0,4.4,96.58,2,0.5635556517973147,0.152,0.256,0,-1,4.572,4.3,0.3570566948130277,0.2593486127864897,0,1932.1,5.0,0
2017-18,1610612762,Utah Jazz,107.4,103.0,4.4,96.58,3,0.5635556517973147,0.152,0.256,0,-1,4.572,4.3,0.3570566948130277,0.2593486127864897,0,0.0,-14.0,1
2017-18,1610612745,Houston Rockets,114.1,105.7,8.4,98.02,3,0.5900634160682038,0.141,0.254,1,-1,8.338,8.5,0.5023752969121139,0.2980997624703088,0,0.0,14.0,0
2017-18,1610612745,Houston Rockets,114.1,105.7,8.4,98.02,2,0.5900634160682038,0.141,0.254,0,-1,8.338,8.5,0.5023752969121139,0.2980997624703088,0,1932.1,-8.0,1
2017-18,1610612762,Utah Jazz,107.4,103.0,4.4,96.58,2,0.5635556517973147,0.152,0.256,1,-1,4.572,4.3,0.3570566948130277,0.2593486127864897,0,1932.1,8.0,0
2017-18,1610612745,Houston Rockets,114.1,105.7,8.4,98.02,2,0.5900634160682038,0.141,0.254,0,-1,8.338,8.5,0.5023752969121139,0.2980997624703088,0,0.0,21.0,1
2017-18,1610612762,Utah Jazz,107.4,103.0,4.4,96.58,2,0.5635556517973147,0.152,0.256,1,-1,4.572,4.3,0.3570566948130277,0.2593486127864897,0,0.0,-21.0,0
2017-18,1610612745,Houston Rockets,114.1,105.7,8.4,98.02,2,0.5900634160682038,0.141,0.254,1,-1,8.338,8.5,0.5023752969121139,0.2980997624703088,0,1932.1,13.0,1
2017-18,1610612762,Utah Jazz,107.4,103.0,4.4,96.58,2,0.5635556517973147,0.152,0.256,0,-1,4.572,4.3,0.3570566948130277,0.2593486127864897,0,1932.1,-13.0,0
2017-18,1610612744,Golden State Warriors,112.8,106.8,5.9,100.35,4,0.6035179513357155,0.153,0.243,1,-1,5.813,6.0,0.3396004700352527,0.2385428907168038,0,0.0,8.0,1
2017-18,1610612740,New Orleans Pelicans,108.5,107.4,1.1,101.48,7,0.5728440141133996,0.145,0.24,0,5,1.788,1.3,0.319365798414496,0.2366930917327293,0,3089.8,8.0,0
2017-18,1610612744,Golden State Warriors,112.8,106.8,5.9,100.35,3,0.6035179513357155,0.153,0.243,1,-1,5.813,6.0,0.3396004700352527,0.2385428907168038,0,0.0,22.0,1
2017-18,1610612740,New Orleans Pelicans,108.5,107.4,1.1,101.48,3,0.5728440141133996,0.145,0.24,0,5,1.788,1.3,0.319365798414496,0.2366930917327293,0,0.0,-22.0,0
2017-18,1610612740,New Orleans Pelicans,108.5,107.4,1.1,101.48,3,0.5728440141133996,0.145,0.24,1,5,1.788,1.3,0.319365798414496,0.2366930917327293,0,3089.8,-5.0,1
2017-18,1610612744,Golden State Warriors,112.8,106.8,5.9,100.35,3,0.6035179513357155,0.153,0.243,0,-1,5.813,6.0,0.3396004700352527,0.2385428907168038,0,3089.8,5.0,0
2017-18,1610612744,Golden State Warriors,112.8,106.8,5.9,100.35,2,0.6035179513357155,0.153,0.243,0,-1,5.813,6.0,0.3396004700352527,0.2385428907168038,0,0.0,-19.0,1
2017-18,1610612740,New Orleans Pelicans,108.5,107.4,1.1,101.48,2,0.5728440141133996,0.145,0.24,1,5,1.788,1.3,0.319365798414496,0.2366930917327293,0,0.0,19.0,0
2017-18,1610612744,Golden State Warriors,112.8,106.8,5.9,100.35,2,0.6035179513357155,0.153,0.243,1,-1,5.813,6.0,0.3396004700352527,0.2385428907168038,0,3089.8,26.0,1
2017-18,1610612740,New Orleans Pelicans,108.5,107.4,1.1,101.48,2,0.5728440141133996,0.145,0.24,0,5,1.788,1.3,0.319365798414496,0.2366930917327293,0,3089.8,-26.0,0
2017-18,1610612738,Boston Celtics,106.8,103.2,3.6,96.75,4,0.5519701086956522,0.144,0.263,1,1,3.249,3.6,0.3572267920094007,0.2432432432432432,0,0.0,6.0,1
2017-18,1610612739,Cleveland Cavaliers,112.0,111.1,1.0,98.72,6,0.5833648950048396,0.139,0.243,0,-1,0.613,0.9,0.3785377358490566,0.2747641509433962,0,883.7,35.0,0
2017-18,1610612738,Boston Celtics,106.8,103.2,3.6,96.75,2,0.5519701086956522,0.144,0.263,1,1,3.249,3.6,0.3572267920094007,0.2432432432432432,0,0.0,25.0,1
2017-18,1610612739,Cleveland Cavaliers,112.0,111.1,1.0,98.72,2,0.5833648950048396,0.139,0.243,0,-1,0.613,0.9,0.3785377358490566,0.2747641509433962,0,0.0,-25.0,0
2017-18,1610612739,Cleveland Cavaliers,112.0,111.1,1.0,98.72,4,0.5833648950048396,0.139,0.243,1,-1,0.613,0.9,0.3785377358490566,0.2747641509433962,0,883.7,-13.0,1
2017-18,1610612738,Boston Celtics,106.8,103.2,3.6,96.75,4,0.5519701086956522,0.144,0.263,0,1,3.249,3.6,0.3572267920094007,0.2432432432432432,0,883.7,13.0,0
2017-18,1610612739,Cleveland Cavaliers,112.0,111.1,1.0,98.72,2,0.5833648950048396,0.139,0.243,1,-1,0.613,0.9,0.3785377358490566,0.2747641509433962,0,0.0,30.0,1
2017-18,1610612738,Boston Celtics,106.8,103.2,3.6,96.75,2,0.5519701086956522,0.144,0.263,0,1,3.249,3.6,0.3572267920094007,0.2432432432432432,0,0.0,-30.0,0
2017-18,1610612738,Boston Celtics,106.8,103.2,3.6,96.75,2,0.5519701086956522,0.144,0.263,1,1,3.249,3.6,0.3572267920094007,0.2432432432432432,0,883.7,-9.0,1
2017-18,1610612739,Cleveland Cavaliers,112.0,111.1,1.0,98.72,2,0.5833648950048396,0.139,0.243,0,-1,0.613,0.9,0.3785377358490566,0.2747641509433962,0,883.7,9.0,0
2017-18,1610612739,Cleveland Cavaliers,112.0,111.1,1.0,98.72,2,0.5833648950048396,0.139,0.243,1,-1,0.613,0.9,0.3785377358490566,0.2747641509433962,0,883.7,-13.0,1
2017-18,1610612738,Boston Celtics,106.8,103.2,3.6,96.75,2,0.5519701086956522,0.144,0.263,0,1,3.249,3.6,0.3572267920094007,0.2432432432432432,0,883.7,13.0,0
2017-18,1610612739,Cleveland Cavaliers,112.0,111.1,1.0,98.72,2,0.5833648950048396,0.139,0.243,0,-1,0.613,0.9,0.3785377358490566,0.2747641509433962,0,883.7,10.0,1
2017-18,1610612738,Boston Celtics,106.8,103.2,3.6,96.75,2,0.5519701086956522,0.144,0.263,1,1,3.249,3.6,0.3572267920094007,0.2432432432432432,0,883.7,-10.0,0
2017-18,1610612744,Golden State Warriors,112.8,106.8,5.9,100.35,6,0.6035179513357155,0.153,0.243,0,-1,5.813,6.0,0.3396004700352527,0.2385428907168038,0,2641.2,9.0,1
2017-18,1610612745,Houston Rockets,114.1,105.7,8.4,98.02,6,0.5900634160682038,0.141,0.254,1,-1,8.338,8.5,0.5023752969121139,0.2980997624703088,0,0.0,10.0,0
2017-18,1610612745,Houston Rockets,114.1,105.7,8.4,98.02,2,0.5900634160682038,0.141,0.254,1,-1,8.338,8.5,0.5023752969121139,0.2980997624703088,0,0.0,-13.0,1
2017-18,1610612744,Golden State Warriors,112.8,106.8,5.9,100.35,2,0.6035179513357155,0.153,0.243,0,-1,5.813,6.0,0.3396004700352527,0.2385428907168038,0,0.0,13.0,0
2017-18,1610612744,Golden State Warriors,112.8,106.8,5.9,100.35,4,0.6035179513357155,0.153,0.243,1,-1,5.813,6.0,0.3396004700352527,0.2385428907168038,0,2641.2,-22.0,1
2017-18,1610612745,Houston Rockets,114.1,105.7,8.4,98.02,4,0.5900634160682038,0.141,0.254,0,-1,8.338,8.5,0.5023752969121139,0.2980997624703088,0,2641.2,22.0,0
2017-18,1610612745,Houston Rockets,114.1,105.7,8.4,98.02,2,0.5900634160682038,0.141,0.254,0,-1,8.338,8.5,0.5023752969121139,0.2980997624703088,0,0.0,-41.0,1
2017-18,1610612744,Golden State Warriors,112.8,106.8,5.9,100.35,2,0.6035179513357155,0.153,0.243,1,-1,5.813,6.0,0.3396004700352527,0.2385428907168038,0,0.0,41.0,0
2017-18,1610612745,Houston Rockets,114.1,105.7,8.4,98.02,2,0.5900634160682038,0.141,0.254,1,-1,8.338,8.5,0.5023752969121139,0.2980997624703088,0,2641.2,3.0,1
2017-18,1610612744,Golden State Warriors,112.8,106.8,5.9,100.35,2,0.6035179513357155,0.153,0.243,0,-1,5.813,6.0,0.3396004700352527,0.2385428907168038,0,2641.2,-3.0,0
2017-18,1610612744,Golden State Warriors,112.8,106.8,5.9,100.35,2,0.6035179513357155,0.153,0.243,1,-1,5.813,6.0,0.3396004700352527,0.2385428907168038,0,2641.2,-4.0,1
2017-18,1610612745,Houston Rockets,114.1,105.7,8.4,98.02,2,0.5900634160682038,0.141,0.254,0,-1,8.338,8.5,0.5023752969121139,0.2980997624703088,0,2641.2,4.0,0
2017-18,1610612744,Golden State Warriors,112.8,106.8,5.9,100.35,2,0.6035179513357155,0.153,0.243,0,-1,5.813,6.0,0.3396004700352527,0.2385428907168038,0,2641.2,29.0,1
2017-18,1610612745,Houston Rockets,114.1,105.7,8.4,98.02,2,0.5900634160682038,0.141,0.254,1,-1,8.338,8.5,0.5023752969121139,0.2980997624703088,0,2641.2,-29.0,0
2017-18,1610612744,Golden State Warriors,112.8,106.8,5.9,100.35,3,0.6035179513357155,0.153,0.243,1,-1,5.813,6.0,0.3396004700352527,0.2385428907168038,0,2641.2,9.0,1
2017-18,1610612739,Cleveland Cavaliers,112.0,111.1,1.0,98.72,4,0.5833648950048396,0.139,0.243,0,-1,0.613,0.9,0.3785377358490566,0.2747641509433962,0,4331.0,8.0,0
2017-18,1610612744,Golden State Warriors,112.8,106.8,5.9,100.35,3,0.6035179513357155,0.153,0.243,1,-1,5.813,6.0,0.3396004700352527,0.2385428907168038,0,0.0,10.0,1
2017-18,1610612739,Cleveland Cavaliers,112.0,111.1,1.0,98.72,3,0.5833648950048396,0.139,0.243,0,-1,0.613,0.9,0.3785377358490566,0.2747641509433962,0,0.0,-10.0,0
2017-18,1610612744,Golden State Warriors,112.8,106.8,5.9,100.35,3,0.6035179513357155,0.153,0.243,0,-1,5.813,6.0,0.3396004700352527,0.2385428907168038,0,3477.6,19.0,1
2017-18,1610612739,Cleveland Cavaliers,112.0,111.1,1.0,98.72,3,0.5833648950048396,0.139,0.243,1,-1,0.613,0.9,0.3785377358490566,0.2747641509433962,0,3477.6,-19.0,0
2017-18,1610612744,Golden State Warriors,112.8,106.8,5.9,100.35,2,0.6035179513357155,0.153,0.243,0,-1,5.813,6.0,0.3396004700352527,0.2385428907168038,0,0.0,8.0,1
2017-18,1610612739,Cleveland Cavaliers,112.0,111.1,1.0,98.72,2,0.5833648950048396,0.139,0.243,1,-1,0.613,0.9,0.3785377358490566,0.2747641509433962,0,0.0,-8.0,0
2018-19,1610612749,Milwaukee Bucks,113.5,104.9,8.6,103.57,5,0.5828759821534331,0.133,0.25,1,-1,8.052,8.9,0.4193194291986828,0.2546652030735455,0,0.0,0.0,1
2018-19,1610612765,Detroit Pistons,108.4,108.7,-0.3,97.88,5,0.5433457913552161,0.14,0.291,0,2,-0.485,-0.2,0.3941109852774632,0.261608154020385,0,0.0,0.0,0
2018-19,1610612749,Milwaukee Bucks,113.5,104.9,8.6,103.57,3,0.5828759821534331,0.133,0.25,1,-1,8.052,8.9,0.4193194291986828,0.2546652030735455,0,0.0,35.0,1
2018-19,1610612765,Detroit Pistons,108.4,108.7,-0.3,97.88,3,0.5433457913552161,0.14,0.291,0,2,-0.485,-0.2,0.3941109852774632,0.261608154020385,0,0.0,-35.0,0
2018-19,1610612749,Milwaukee Bucks,113.5,104.9,8.6,103.57,3,0.5828759821534331,0.133,0.25,0,-1,8.052,8.9,0.4193194291986828,0.2546652030735455,0,404.9,21.0,1
2018-19,1610612765,Detroit Pistons,108.4,108.7,-0.3,97.88,3,0.5433457913552161,0.14,0.291,1,2,-0.485,-0.2,0.3941109852774632,0.261608154020385,0,404.9,-21.0,0
2018-19,1610612749,Milwaukee Bucks,113.5,104.9,8.6,103.57,2,0.5828759821534331,0.133,0.25,0,-1,8.052,8.9,0.4193194291986828,0.2546652030735455,0,0.0,16.0,1
2018-19,1610612765,Detroit Pistons,108.4,108.7,-0.3,97.88,2,0.5433457913552161,0.14,0.291,1,2,-0.485,-0.2,0.3941109852774632,0.261608154020385,0,0.0,-16.0,0
2018-19,1610612753,Orlando Magic,108.2,107.6,0.6,98.65,5,0.5499856480911961,0.133,0.259,0,4,0.291,0.7,0.3602693602693603,0.2154882154882155,0,0.0,0.0,1
2018-19,1610612761,Toronto Raptors,112.6,106.8,5.8,100.51,5,0.579064587973274,0.138,0.265,1,2,5.506,6.1,0.3793490460157127,0.2469135802469136,0,0.0,0.0,0
2018-19,1610612761,Toronto Raptors,112.6,106.8,5.8,100.51,3,0.579064587973274,0.138,0.265,1,2,5.506,6.1,0.3793490460157127,0.2469135802469136,0,0.0,-3.0,1
2018-19,1610612753,Orlando Magic,108.2,107.6,0.6,98.65,3,0.5499856480911961,0.133,0.259,0,4,0.291,0.7,0.3602693602693603,0.2154882154882155,0,0.0,3.0,0
2018-19,1610612761,Toronto Raptors,112.6,106.8,5.8,100.51,3,0.579064587973274,0.138,0.265,0,2,5.506,6.1,0.3793490460157127,0.2469135802469136,0,1689.0,29.0,1
2018-19,1610612753,Orlando Magic,108.2,107.6,0.6,98.65,3,0.5499856480911961,0.133,0.259,1,4,0.291,0.7,0.3602693602693603,0.2154882154882155,0,1689.0,-29.0,0
2018-19,1610612761,Toronto Raptors,112.6,106.8,5.8,100.51,2,0.579064587973274,0.138,0.265,0,2,5.506,6.1,0.3793490460157127,0.2469135802469136,0,0.0,5.0,1
2018-19,1610612753,Orlando Magic,108.2,107.6,0.6,98.65,2,0.5499856480911961,0.133,0.259,1,4,0.291,0.7,0.3602693602693603,0.2154882154882155,0,0.0,-5.0,0
2018-19,1610612761,Toronto Raptors,112.6,106.8,5.8,100.51,2,0.579064587973274,0.138,0.265,1,2,5.506,6.1,0.3793490460157127,0.2469135802469136,0,1689.0,22.0,1
2018-19,1610612753,Orlando Magic,108.2,107.6,0.6,98.65,2,0.5499856480911961,0.133,0.259,0,4,0.291,0.7,0.3602693602693603,0.2154882154882155,0,1689.0,-22.0,0
2018-19,1610612751,Brooklyn Nets,108.9,109.0,-0.1,101.52,5,0.5558858501783591,0.146,0.282,0,3,-0.241,-0.1,0.4035674470457079,0.2842809364548495,0,0.0,0.0,1
2018-19,1610612755,Philadelphia 76ers,111.6,109.0,2.6,102.59,5,0.5742771684945165,0.144,0.278,1,1,2.273,2.7,0.3424036281179138,0.3117913832199546,0,0.0,0.0,0
2018-19,1610612755,Philadelphia 76ers,111.6,109.0,2.6,102.59,2,0.5742771684945165,0.144,0.278,1,1,2.273,2.7,0.3424036281179138,0.3117913832199546,0,0.0,-9.0,1
2018-19,1610612751,Brooklyn Nets,108.9,109.0,-0.1,101.52,2,0.5558858501783591,0.146,0.282,0,3,-0.241,-0.1,0.4035674470457079,0.2842809364548495,0,0.0,9.0,0
2018-19,1610612755,Philadelphia 76ers,111.6,109.0,2.6,102.59,3,0.5742771684945165,0.144,0.278,0,1,2.273,2.7,0.3424036281179138,0.3117913832199546,0,133.7,22.0,1
2018-19,1610612751,Brooklyn Nets,108.9,109.0,-0.1,101.52,3,0.5558858501783591,0.146,0.282,1,3,-0.241,-0.1,0.4035674470457079,0.2842809364548495,0,133.7,-22.0,0
2018-19,1610612755,Philadelphia 76ers,111.6,109.0,2.6,102.59,2,0.5742771684945165,0.144,0.278,0,1,2.273,2.7,0.3424036281179138,0.3117913832199546,0,0.0,16.0,1
2018-19,1610612751,Brooklyn Nets,108.9,109.0,-0.1,101.52,2,0.5558858501783591,0.146,0.282,1,3,-0.241,-0.1,0.4035674470457079,0.2842809364548495,0,0.0,-16.0,0
2018-19,1610612755,Philadelphia 76ers,111.6,109.0,2.6,102.59,3,0.5742771684945165,0.144,0.278,1,1,2.273,2.7,0.3424036281179138,0.3117913832199546,0,133.7,4.0,1
2018-19,1610612751,Brooklyn Nets,108.9,109.0,-0.1,101.52,3,0.5558858501783591,0.146,0.282,0,3,-0.241,-0.1,0.4035674470457079,0.2842809364548495,0,133.7,-4.0,0
2018-19,1610612738,Boston Celtics,111.3,107.0,4.3,100.43,5,0.5672184093661687,0.127,0.257,1,1,3.915,4.4,0.3812154696132597,0.2154696132596685,0,0.0,0.0,1
2018-19,1610612754,Indiana Pacers,109.4,106.0,3.4,98.64,5,0.560840845831083,0.139,0.269,0,1,2.779,3.3,0.2919540229885057,0.2425287356321839,0,0.0,0.0,0
2018-19,1610612738,Boston Celtics,111.3,107.0,4.3,100.43,3,0.5672184093661687,0.127,0.257,1,1,3.915,4.4,0.3812154696132597,0.2154696132596685,0,0.0,10.0,1
2018-19,1610612754,Indiana Pacers,109.4,106.0,3.4,98.64,3,0.560840845831083,0.139,0.269,0,1,2.779,3.3,0.2919540229885057,0.2425287356321839,0,0.0,-10.0,0
2018-19,1610612738,Boston Celtics,111.3,107.0,4.3,100.43,2,0.5672184093661687,0.127,0.257,0,1,3.915,4.4,0.3812154696132597,0.2154696132596685,0,1296.2,8.0,1
2018-19,1610612754,Indiana Pacers,109.4,106.0,3.4,98.64,2,0.560840845831083,0.139,0.269,1,1,2.779,3.3,0.2919540229885057,0.2425287356321839,0,1296.2,-8.0,0
2018-19,1610612738,Boston Celtics,111.3,107.0,4.3,100.43,2,0.5672184093661687,0.127,0.257,0,1,3.915,4.4,0.3812154696132597,0.2154696132596685,0,0.0,8.0,1
2018-19,1610612754,Indiana Pacers,109.4,106.0,3.4,98.64,2,0.560840845831083,0.139,0.269,1,1,2.779,3.3,0.2919540229885057,0.2425287356321839,0,0.0,-8.0,0
2018-19,1610612744,Golden State Warriors,115.0,108.6,6.5,101.74,5,0.5957925002024784,0.139,0.257,1,-1,6.315,6.5,0.3830734966592428,0.2271714922048997,0,0.0,0.0,1
2018-19,1610612746,LA Clippers,111.4,110.4,1.0,102.66,5,0.5752698920431827,0.141,0.263,0,1,0.829,0.9,0.2948571428571429,0.3257142857142857,0,0.0,0.0,0
2018-19,1610612746,LA Clippers,111.4,110.4,1.0,102.66,2,0.5752698920431827,0.141,0.263,0,1,0.829,0.9,0.2948571428571429,0.3257142857142857,0,0.0,-17.0,1
2018-19,1610612744,Golden State Warriors,115.0,108.6,6.5,101.74,2,0.5957925002024784,0.139,0.257,1,-1,6.315,6.5,0.3830734966592428,0.2271714922048997,0,0.0,17.0,0
2018-19,1610612744,Golden State Warriors,115.0,108.6,6.5,101.74,3,0.5957925002024784,0.139,0.257,0,-1,6.315,6.5,0.3830734966592428,0.2271714922048997,0,560.3,-4.0,1
2018-19,1610612746,LA Clippers,111.4,110.4,1.0,102.66,3,0.5752698920431827,0.141,0.263,1,1,0.829,0.9,0.2948571428571429,0.3257142857142857,0,560.3,4.0,0
2018-19,1610612744,Golden State Warriors,115.0,108.6,6.5,101.74,3,0.5957925002024784,0.139,0.257,0,-1,6.315,6.5,0.3830734966592428,0.2271714922048997,0,0.0,27.0,1
2018-19,1610612746,LA Clippers,111.4,110.4,1.0,102.66,3,0.5752698920431827,0.141,0.263,1,1,0.829,0.9,0.2948571428571429,0.3257142857142857,0,0.0,-27.0,0
2018-19,1610612746,LA Clippers,111.4,110.4,1.0,102.66,3,0.5752698920431827,0.141,0.263,0,1,0.829,0.9,0.2948571428571429,0.3257142857142857,0,560.3,-8.0,1
2018-19,1610612744,Golden State Warriors,115.0,108.6,6.5,101.74,3,0.5957925002024784,0.139,0.257,1,-1,6.315,6.5,0.3830734966592428,0.2271714922048997,0,560.3,8.0,0
2018-19,1610612744,Golden State Warriors,115.0,108.6,6.5,101.74,2,0.5957925002024784,0.139,0.257,0,-1,6.315,6.5,0.3830734966592428,0.2271714922048997,0,560.3,-8.0,1
2018-19,1610612746,LA Clippers,111.4,110.4,1.0,102.66,2,0.5752698920431827,0.141,0.263,1,1,0.829,0.9,0.2948571428571429,0.3257142857142857,0,560.3,8.0,0
2018-19,1610612759,San Antonio Spurs,112.2,110.6,1.6,98.88,5,0.5719991806636624,0.122,0.246,0,3,1.813,1.7,0.2861990950226244,0.2375565610859728,0,0.0,0.0,1
2018-19,1610612743,Denver Nuggets,112.1,108.1,4.0,98.49,5,0.5579862091213356,0.136,0.308,1,1,4.188,4.0,0.3488888888888888,0.2322222222222222,0,0.0,0.0,0
2018-19,1610612743,Denver Nuggets,112.1,108.1,4.0,98.49,3,0.5579862091213356,0.136,0.308,1,1,4.188,4.0,0.3488888888888888,0.2322222222222222,0,0.0,-5.0,1
2018-19,1610612759,San Antonio Spurs,112.2,110.6,1.6,98.88,3,0.5719991806636624,0.122,0.246,0,3,1.813,1.7,0.2861990950226244,0.2375565610859728,0,0.0,5.0,0
2018-19,1610612759,San Antonio Spurs,112.2,110.6,1.6,98.88,2,0.5719991806636624,0.122,0.246,1,3,1.813,1.7,0.2861990950226244,0.2375565610859728,0,1294.9,-9.0,1
2018-19,1610612743,Denver Nuggets,112.1,108.1,4.0,98.49,2,0.5579862091213356,0.136,0.308,0,1,4.188,4.0,0.3488888888888888,0.2322222222222222,0,1294.9,9.0,0
2018-19,1610612743,Denver Nuggets,112.1,108.1,4.0,98.49,2,0.5579862091213356,0.136,0.308,0,1,4.188,4.0,0.3488888888888888,0.2322222222222222,0,0.0,-10.0,1
2018-19,1610612759,San Antonio Spurs,112.2,110.6,1.6,98.88,2,0.5719991806636624,0.122,0.246,1,3,1.813,1.7,0.2861990950226244,0.2375565610859728,0,0.0,10.0,0
2018-19,1610612743,Denver Nuggets,112.1,108.1,4.0,98.49,3,0.5579862091213356,0.136,0.308,1,1,4.188,4.0,0.3488888888888888,0.2322222222222222,0,1294.9,14.0,1
2018-19,1610612759,San Antonio Spurs,112.2,110.6,1.6,98.88,3,0.5719991806636624,0.122,0.246,0,3,1.813,1.7,0.2861990950226244,0.2375565610859728,0,1294.9,-14.0,0
2018-19,1610612759,San Antonio Spurs,112.2,110.6,1.6,98.88,2,0.5719991806636624,0.122,0.246,1,3,1.813,1.7,0.2861990950226244,0.2375565610859728,0,1294.9,-18.0,1
2018-19,1610612743,Denver Nuggets,112.1,108.1,4.0,98.49,2,0.5579862091213356,0.136,0.308,0,1,4.188,4.0,0.3488888888888888,0.2322222222222222,0,1294.9,18.0,0
2018-19,1610612743,Denver Nuggets,112.1,108.1,4.0,98.49,2,0.5579862091213356,0.136,0.308,1,1,4.188,4.0,0.3488888888888888,0.2322222222222222,0,1294.9,-17.0,1
2018-19,1610612759,San Antonio Spurs,112.2,110.6,1.6,98.88,2,0.5719991806636624,0.122,0.246,0,3,1.813,1.7,0.2861990950226244,0.2375565610859728,0,1294.9,17.0,0
2018-19,1610612757,Portland Trail Blazers,113.7,109.5,4.2,99.96,5,0.5686550588981876,0.137,0.308,1,3,4.438,4.2,0.3388520971302428,0.2571743929359824,0,0.0,0.0,1
2018-19,1610612760,Oklahoma City Thunder,109.8,106.5,3.4,103.38,5,0.5452380952380952,0.134,0.298,0,5,3.54,3.4,0.3468085106382979,0.2659574468085106,0,0.0,0.0,0
2018-19,1610612757,Portland Trail Blazers,113.7,109.5,4.2,99.96,2,0.5686550588981876,0.137,0.308,1,3,4.438,4.2,0.3388520971302428,0.2571743929359824,0,0.0,5.0,1
2018-19,1610612760,Oklahoma City Thunder,109.8,106.5,3.4,103.38,2,0.5452380952380952,0.134,0.298,0,5,3.54,3.4,0.3468085106382979,0.2659574468085106,0,0.0,-5.0,0
2018-19,1610612760,Oklahoma City Thunder,109.8,106.5,3.4,103.38,3,0.5452380952380952,0.134,0.298,1,5,3.54,3.4,0.3468085106382979,0.2659574468085106,0,2389.3,-20.0,1
2018-19,1610612757,Portland Trail Blazers,113.7,109.5,4.2,99.96,3,0.5686550588981876,0.137,0.308,0,3,4.438,4.2,0.3388520971302428,0.2571743929359824,0,2389.3,20.0,0
2018-19,1610612757,Portland Trail Blazers,113.7,109.5,4.2,99.96,2,0.5686550588981876,0.137,0.308,0,3,4.438,4.2,0.3388520971302428,0.2571743929359824,0,0.0,-12.0,1
2018-19,1610612760,Oklahoma City Thunder,109.8,106.5,3.4,103.38,2,0.5452380952380952,0.134,0.298,1,5,3.54,3.4,0.3468085106382979,0.2659574468085106,0,0.0,12.0,0
2018-19,1610612757,Portland Trail Blazers,113.7,109.5,4.2,99.96,2,0.5686550588981876,0.137,0.308,1,3,4.438,4.2,0.3388520971302428,0.2571743929359824,0,2389.3,13.0,1
2018-19,1610612760,Oklahoma City Thunder,109.8,106.5,3.4,103.38,2,0.5452380952380952,0.134,0.298,0,5,3.54,3.4,0.3468085106382979,0.2659574468085106,0,2389.3,-13.0,0
2018-19,1610612745,Houston Rockets,114.9,110.1,4.8,98.39,5,0.580317110948072,0.135,0.269,1,-1,5.195,4.8,0.5194508009153318,0.2791762013729977,0,0.0,0.0,1
2018-19,1610612762,Utah Jazz,110.3,105.3,5.0,100.84,5,0.5721163695963941,0.149,0.275,0,-1,5.364,5.3,0.3935185185185185,0.2951388888888889,0,0.0,0.0,0
2018-19,1610612745,Houston Rockets,114.9,110.1,4.8,98.39,3,0.580317110948072,0.135,0.269,1,-1,5.195,4.8,0.5194508009153318,0.2791762013729977,0,0.0,32.0,1
2018-19,1610612762,Utah Jazz,110.3,105.3,5.0,100.84,3,0.5721163695963941,0.149,0.275,0,-1,5.364,5.3,0.3935185185185185,0.2951388888888889,0,0.0,-32.0,0
2018-19,1610612745,Houston Rockets,114.9,110.1,4.8,98.39,3,0.580317110948072,0.135,0.269,0,-1,5.195,4.8,0.5194508009153318,0.2791762013729977,0,1932.1,20.0,1
2018-19,1610612762,Utah Jazz,110.3,105.3,5.0,100.84,3,0.5721163695963941,0.149,0.275,1,-1,5.364,5.3,0.3935185185185185,0.2951388888888889,0,1932.1,-20.0,0
2018-19,1610612762,Utah Jazz,110.3,105.3,5.0,100.84,2,0.5721163695963941,0.149,0.275,1,-1,5.364,5.3,0.3935185185185185,0.2951388888888889,0,0.0,-3.0,1
2018-19,1610612745,Houston Rockets,114.9,110.1,4.8,98.39,2,0.580317110948072,0.135,0.269,0,-1,5.195,4.8,0.5194508009153318,0.2791762013729977,0,0.0,3.0,0
2018-19,1610612745,Houston Rockets,114.9,110.1,4.8,98.39,2,0.580317110948072,0.135,0.269,1,-1,5.195,4.8,0.5194508009153318,0.2791762013729977,0,1932.1,-16.0,1
2018-19,1610612762,Utah Jazz,110.3,105.3,5.0,100.84,2,0.5721163695963941,0.149,0.275,0,-1,5.364,5.3,0.3935185185185185,0.2951388888888889,0,1932.1,16.0,0
2018-19,1610612738,Boston Celtics,111.3,107.0,4.3,100.43,7,0.5672184093661687,0.127,0.257,0,1,3.915,4.4,0.3812154696132597,0.2154696132596685,0,393.3,4.0,1
2018-19,1610612749,Milwaukee Bucks,113.5,104.9,8.6,103.57,6,0.5828759821534331,0.133,0.25,1,-1,8.052,8.9,0.4193194291986828,0.2546652030735455,0,404.9,23.0,0
2018-19,1610612749,Milwaukee Bucks,113.5,104.9,8.6,103.57,2,0.5828759821534331,0.133,0.25,1,-1,8.052,8.9,0.4193194291986828,0.2546652030735455,0,0.0,-22.0,1
2018-19,1610612738,Boston Celtics,111.3,107.0,4.3,100.43,2,0.5672184093661687,0.127,0.257,0,1,3.915,4.4,0.3812154696132597,0.2154696132596685,0,0.0,22.0,0
2018-19,1610612749,Milwaukee Bucks,113.5,104.9,8.6,103.57,3,0.5828759821534331,0.133,0.25,0,-1,8.052,8.9,0.4193194291986828,0.2546652030735455,0,1377.0,21.0,1
2018-19,1610612738,Boston Celtics,111.3,107.0,4.3,100.43,3,0.5672184093661687,0.127,0.257,1,1,3.915,4.4,0.3812154696132597,0.2154696132596685,0,1377.0,-21.0,0
2018-19,1610612749,Milwaukee Bucks,113.5,104.9,8.6,103.57,3,0.5828759821534331,0.133,0.25,0,-1,8.052,8.9,0.4193194291986828,0.2546652030735455,0,0.0,7.0,1
2018-19,1610612738,Boston Celtics,111.3,107.0,4.3,100.43,3,0.5672184093661687,0.127,0.257,1,1,3.915,4.4,0.3812154696132597,0.2154696132596685,0,0.0,-7.0,0
2018-19,1610612749,Milwaukee Bucks,113.5,104.9,8.6,103.57,2,0.5828759821534331,0.133,0.25,1,-1,8.052,8.9,0.4193194291986828,0.2546652030735455,0,1377.0,12.0,1
2018-19,1610612738,Boston Celtics,111.3,107.0,4.3,100.43,2,0.5672184093661687,0.127,0.257,0,1,3.915,4.4,0.3812154696132597,0.2154696132596685,0,1377.0,-12.0,0
2018-19,1610612761,Toronto Raptors,112.6,106.8,5.8,100.51,4,0.579064587973274,0.138,0.265,1,2,5.506,6.1,0.3793490460157127,0.2469135802469136,0,0.0,19.0,1
2018-19,1610612755,Philadelphia 76ers,111.6,109.0,2.6,102.59,4,0.5742771684945165,0.144,0.278,0,1,2.273,2.7,0.3424036281179138,0.3117913832199546,0,542.8,22.0,0
2018-19,1610612755,Philadelphia 76ers,111.6,109.0,2.6,102.59,2,0.5742771684945165,0.144,0.278,0,1,2.273,2.7,0.3424036281179138,0.3117913832199546,0,0.0,-13.0,1
2018-19,1610612761,Toronto Raptors,112.6,106.8,5.8,100.51,2,0.579064587973274,0.138,0.265,1,2,5.506,6.1,0.3793490460157127,0.2469135802469136,0,0.0,13.0,0
2018-19,1610612755,Philadelphia 76ers,111.6,109.0,2.6,102.59,3,0.5742771684945165,0.144,0.278,1,1,2.273,2.7,0.3424036281179138,0.3117913832199546,0,542.8,5.0,1
2018-19,1610612761,Toronto Raptors,112.6,106.8,5.8,100.51,3,0.579064587973274,0.138,0.265,0,2,5.506,6.1,0.3793490460157127,0.2469135802469136,0,542.8,-5.0,0
2018-19,1610612761,Toronto Raptors,112.6,106.8,5.8,100.51,3,0.579064587973274,0.138,0.265,0,2,5.506,6.1,0.3793490460157127,0.2469135802469136,0,0.0,-21.0,1
2018-19,1610612755,Philadelphia 76ers,111.6,109.0,2.6,102.59,3,0.5742771684945165,0.144,0.278,1,1,2.273,2.7,0.3424036281179138,0.3117913832199546,0,0.0,21.0,0
2018-19,1610612761,Toronto Raptors,112.6,106.8,5.8,100.51,2,0.579064587973274,0.138,0.265,1,2,5.506,6.1,0.3793490460157127,0.2469135802469136,0,542.8,5.0,1
2018-19,1610612755,Philadelphia 76ers,111.6,109.0,2.6,102.59,2,0.5742771684945165,0.144,0.278,0,1,2.273,2.7,0.3424036281179138,0.3117913832199546,0,542.8,-5.0,0
2018-19,1610612755,Philadelphia 76ers,111.6,109.0,2.6,102.59,2,0.5742771684945165,0.144,0.278,1,1,2.273,2.7,0.3424036281179138,0.3117913832199546,0,542.8,-36.0,1
2018-19,1610612761,Toronto Raptors,112.6,106.8,5.8,100.51,2,0.579064587973274,0.138,0.265,0,2,5.506,6.1,0.3793490460157127,0.2469135802469136,0,542.8,36.0,0
2018-19,1610612761,Toronto Raptors,112.6,106.8,5.8,100.51,3,0.579064587973274,0.138,0.265,1,2,5.506,6.1,0.3793490460157127,0.2469135802469136,0,542.8,-11.0,1
2018-19,1610612755,Philadelphia 76ers,111.6,109.0,2.6,102.59,3,0.5742771684945165,0.144,0.278,0,1,2.273,2.7,0.3424036281179138,0.3117913832199546,0,542.8,11.0,0
2018-19,1610612744,Golden State Warriors,115.0,108.6,6.5,101.74,2,0.5957925002024784,0.139,0.257,1,-1,6.315,6.5,0.3830734966592428,0.2271714922048997,0,560.3,19.0,1
2018-19,1610612745,Houston Rockets,114.9,110.1,4.8,98.39,4,0.580317110948072,0.135,0.269,0,-1,5.195,4.8,0.5194508009153318,0.2791762013729977,0,2641.2,7.0,0
2018-19,1610612744,Golden State Warriors,115.0,108.6,6.5,101.74,2,0.5957925002024784,0.139,0.257,1,-1,6.315,6.5,0.3830734966592428,0.2271714922048997,0,0.0,4.0,1
2018-19,1610612745,Houston Rockets,114.9,110.1,4.8,98.39,2,0.580317110948072,0.135,0.269,0,-1,5.195,4.8,0.5194508009153318,0.2791762013729977,0,0.0,-4.0,0
2018-19,1610612745,Houston Rockets,114.9,110.1,4.8,98.39,4,0.580317110948072,0.135,0.269,1,-1,5.195,4.8,0.5194508009153318,0.2791762013729977,0,2641.2,-6.0,1
2018-19,1610612744,Golden State Warriors,115.0,108.6,6.5,101.74,4,0.5957925002024784,0.139,0.257,0,-1,6.315,6.5,0.3830734966592428,0.2271714922048997,0,2641.2,6.0,0
2018-19,1610612745,Houston Rockets,114.9,110.1,4.8,98.39,2,0.580317110948072,0.135,0.269,1,-1,5.195,4.8,0.5194508009153318,0.2791762013729977,0,0.0,5.0,1
2018-19,1610612744,Golden State Warriors,115.0,108.6,6.5,101.74,2,0.5957925002024784,0.139,0.257,0,-1,6.315,6.5,0.3830734966592428,0.2271714922048997,0,0.0,-5.0,0
2018-19,1610612744,Golden State Warriors,115.0,108.6,6.5,101.74,2,0.5957925002024784,0.139,0.257,1,-1,6.315,6.5,0.3830734966592428,0.2271714922048997,0,2641.2,-4.0,1
2018-19,1610612745,Houston Rockets,114.9,110.1,4.8,98.39,2,0.580317110948072,0.135,0.269,0,-1,5.195,4.8,0.5194508009153318,0.2791762013729977,0,2641.2,4.0,0
2018-19,1610612744,Golden State Warriors,115.0,108.6,6.5,101.74,2,0.5957925002024784,0.139,0.257,0,-1,6.315,6.5,0.3830734966592428,0.2271714922048997,0,2641.2,5.0,1
2018-19,1610612745,Houston Rockets,114.9,110.1,4.8,98.39,2,0.580317110948072,0.135,0.269,1,-1,5.195,4.8,0.5194508009153318,0.2791762013729977,0,2641.2,-5.0,0
2018-19,1610612743,Denver Nuggets,112.1,108.1,4.0,98.49,2,0.5579862091213356,0.136,0.308,1,1,4.188,4.0,0.3488888888888888,0.2322222222222222,0,0.0,4.0,1
2018-19,1610612757,Portland Trail Blazers,113.7,109.5,4.2,99.96,6,0.5686550588981876,0.137,0.308,0,3,4.438,4.2,0.3388520971302428,0.2571743929359824,0,1576.7,3.0,0
2018-19,1610612757,Portland Trail Blazers,113.7,109.5,4.2,99.96,2,0.5686550588981876,0.137,0.308,0,3,4.438,4.2,0.3388520971302428,0.2571743929359824,0,0.0,-8.0,1
2018-19,1610612743,Denver Nuggets,112.1,108.1,4.0,98.49,2,0.5579862091213356,0.136,0.308,1,1,4.188,4.0,0.3488888888888888,0.2322222222222222,0,0.0,8.0,0
2018-19,1610612757,Portland Trail Blazers,113.7,109.5,4.2,99.96,2,0.5686550588981876,0.137,0.308,1,3,4.438,4.2,0.3388520971302428,0.2571743929359824,0,1576.7,7.0,1
2018-19,1610612743,Denver Nuggets,112.1,108.1,4.0,98.49,2,0.5579862091213356,0.136,0.308,0,1,4.188,4.0,0.3488888888888888,0.2322222222222222,0,1576.7,-7.0,0
2018-19,1610612743,Denver Nuggets,112.1,108.1,4.0,98.49,2,0.5579862091213356,0.136,0.308,0,1,4.188,4.0,0.3488888888888888,0.2322222222222222,0,0.0,-3.0,1
2018-19,1610612757,Portland Trail Blazers,113.7,109.5,4.2,99.96,2,0.5686550588981876,0.137,0.308,1,3,4.438,4.2,0.3388520971302428,0.2571743929359824,0,0.0,3.0,0
2018-19,1610612743,Denver Nuggets,112.1,108.1,4.0,98.49,2,0.5579862091213356,0.136,0.308,1,1,4.188,4.0,0.3488888888888888,0.2322222222222222,0,1576.7,4.0,1
2018-19,1610612757,Portland Trail Blazers,113.7,109.5,4.2,99.96,2,0.5686550588981876,0.137,0.308,0,3,4.438,4.2,0.3388520971302428,0.2571743929359824,0,1576.7,-4.0,0
2018-19,1610612757,Portland Trail Blazers,113.7,109.5,4.2,99.96,2,0.5686550588981876,0.137,0.308,1,3,4.438,4.2,0.3388520971302428,0.2571743929359824,0,1576.7,-26.0,1
2018-19,1610612743,Denver Nuggets,112.1,108.1,4.0,98.49,2,0.5579862091213356,0.136,0.308,0,1,4.188,4.0,0.3488888888888888,0.2322222222222222,0,1576.7,26.0,0
2018-19,1610612757,Portland Trail Blazers,113.7,109.5,4.2,99.96,3,0.5686550588981876,0.137,0.308,0,3,4.438,4.2,0.3388520971302428,0.2571743929359824,0,1576.7,11.0,1
2018-19,1610612743,Denver Nuggets,112.1,108.1,4.0,98.49,3,0.5579862091213356,0.136,0.308,1,1,4.188,4.0,0.3488888888888888,0.2322222222222222,0,1576.7,-11.0,0
2018-19,1610612749,Milwaukee Bucks,113.5,104.9,8.6,103.57,7,0.5828759821534331,0.133,0.25,1,-1,8.052,8.9,0.4193194291986828,0.2546652030735455,0,0.0,25.0,1
2018-19,1610612761,Toronto Raptors,112.6,106.8,5.8,100.51,3,0.579064587973274,0.138,0.265,0,2,5.506,6.1,0.3793490460157127,0.2469135802469136,0,693.3,2.0,0
2018-19,1610612749,Milwaukee Bucks,113.5,104.9,8.6,103.57,2,0.5828759821534331,0.133,0.25,1,-1,8.052,8.9,0.4193194291986828,0.2546652030735455,0,0.0,8.0,1
2018-19,1610612761,Toronto Raptors,112.6,106.8,5.8,100.51,2,0.579064587973274,0.138,0.265,0,2,5.506,6.1,0.3793490460157127,0.2469135802469136,0,0.0,-8.0,0
2018-19,1610612761,Toronto Raptors,112.6,106.8,5.8,100.51,2,0.579064587973274,0.138,0.265,1,2,5.506,6.1,0.3793490460157127,0.2469135802469136,0,693.3,-22.0,1
2018-19,1610612749,Milwaukee Bucks,113.5,104.9,8.6,103.57,2,0.5828759821534331,0.133,0.25,0,-1,8.052,8.9,0.4193194291986828,0.2546652030735455,0,693.3,22.0,0
2018-19,1610612761,Toronto Raptors,112.6,106.8,5.8,100.51,2,0.579064587973274,0.138,0.265,1,2,5.506,6.1,0.3793490460157127,0.2469135802469136,0,0.0,6.0,1
2018-19,1610612749,Milwaukee Bucks,113.5,104.9,8.6,103.57,2,0.5828759821534331,0.133,0.25,0,-1,8.052,8.9,0.4193194291986828,0.2546652030735455,0,0.0,-6.0,0
2018-19,1610612761,Toronto Raptors,112.6,106.8,5.8,100.51,2,0.579064587973274,0.138,0.265,0,2,5.506,6.1,0.3793490460157127,0.2469135802469136,0,693.3,18.0,1
2018-19,1610612749,Milwaukee Bucks,113.5,104.9,8.6,103.57,2,0.5828759821534331,0.133,0.25,1,-1,8.052,8.9,0.4193194291986828,0.2546652030735455,0,693.3,-18.0,0
2018-19,1610612761,Toronto Raptors,112.6,106.8,5.8,100.51,2,0.579064587973274,0.138,0.265,1,2,5.506,6.1,0.3793490460157127,0.2469135802469136,0,693.3,6.0,1
2018-19,1610612749,Milwaukee Bucks,113.5,104.9,8.6,103.57,2,0.5828759821534331,0.133,0.25,0,-1,8.052,8.9,0.4193194291986828,0.2546652030735455,0,693.3,-6.0,0
2018-19,1610612744,Golden State Warriors,115.0,108.6,6.5,101.74,4,0.5957925002024784,0.139,0.257,1,-1,6.315,6.5,0.3830734966592428,0.2271714922048997,0,2641.2,5.0,1
2018-19,1610612757,Portland Trail Blazers,113.7,109.5,4.2,99.96,2,0.5686550588981876,0.137,0.308,0,3,4.438,4.2,0.3388520971302428,0.2571743929359824,0,1520.5,4.0,0
2018-19,1610612744,Golden State Warriors,115.0,108.6,6.5,101.74,2,0.5957925002024784,0.139,0.257,1,-1,6.315,6.5,0.3830734966592428,0.2271714922048997,0,0.0,22.0,1
2018-19,1610612757,Portland Trail Blazers,113.7,109.5,4.2,99.96,2,0.5686550588981876,0.137,0.308,0,3,4.438,4.2,0.3388520971302428,0.2571743929359824,0,0.0,-22.0,0
2018-19,1610612744,Golden State Warriors,115.0,108.6,6.5,101.74,2,0.5957925002024784,0.139,0.257,0,-1,6.315,6.5,0.3830734966592428,0.2271714922048997,0,863.6,3.0,1
2018-19,1610612757,Portland Trail Blazers,113.7,109.5,4.2,99.96,2,0.5686550588981876,0.137,0.308,1,3,4.438,4.2,0.3388520971302428,0.2571743929359824,0,863.6,-3.0,0
2018-19,1610612744,Golden State Warriors,115.0,108.6,6.5,101.74,2,0.5957925002024784,0.139,0.257,0,-1,6.315,6.5,0.3830734966592428,0.2271714922048997,0,0.0,11.0,1
2018-19,1610612757,Portland Trail Blazers,113.7,109.5,4.2,99.96,2,0.5686550588981876,0.137,0.308,1,3,4.438,4.2,0.3388520971302428,0.2571743929359824,0,0.0,-11.0,0
2018-19,1610612761,Toronto Raptors,112.6,106.8,5.8,100.51,5,0.579064587973274,0.138,0.265,1,2,5.506,6.1,0.3793490460157127,0.2469135802469136,0,0.0,6.0,1
2018-19,1610612744,Golden State Warriors,115.0,108.6,6.5,101.74,10,0.5957925002024784,0.139,0.257,0,-1,6.315,6.5,0.3830734966592428,0.2271714922048997,0,3392.7,2.0,0
2018-19,1610612744,Golden State Warriors,115.0,108.6,6.5,101.74,3,0.5957925002024784,0.139,0.257,0,-1,6.315,6.5,0.3830734966592428,0.2271714922048997,0,0.0,-9.0,1
2018-19,1610612761,Toronto Raptors,112.6,106.8,5.8,100.51,3,0.579064587973274,0.138,0.265,1,2,5.506,6.1,0.3793490460157127,0.2469135802469136,0,0.0,9.0,0
2018-19,1610612761,Toronto Raptors,112.6,106.8,5.8,100.51,3,0.579064587973274,0.138,0.265,0,2,5.506,6.1,0.3793490460157127,0.2469135802469136,0,3641.9,-5.0,1
2018-19,1610612744,Golden State Warriors,115.0,108.6,6.5,101.74,3,0.5957925002024784,0.139,0.257,1,-1,6.315,6.5,0.3830734966592428,0.2271714922048997,0,3641.9,5.0,0
2018-19,1610612761,Toronto Raptors,112.6,106.8,5.8,100.51,2,0.579064587973274,0.138,0.265,0,2,5.506,6.1,0.3793490460157127,0.2469135802469136,0,0.0,14.0,1
2018-19,1610612744,Golden State Warriors,115.0,108.6,6.5,101.74,2,0.5957925002024784,0.139,0.257,1,-1,6.315,6.5,0.3830734966592428,0.2271714922048997,0,0.0,-14.0,0
2018-19,1610612744,Golden State Warriors,115.0,108.6,6.5,101.74,3,0.5957925002024784,0.139,0.257,0,-1,6.315,6.5,0.3830734966592428,0.2271714922048997,0,3641.9,-13.0,1
2018-19,1610612761,Toronto Raptors,112.6,106.8,5.8,100.51,3,0.579064587973274,0.138,0.265,1,2,5.506,6.1,0.3793490460157127,0.2469135802469136,0,3641.9,13.0,0
2018-19,1610612761,Toronto Raptors,112.6,106.8,5.8,100.51,3,0.579064587973274,0.138,0.265,0,2,5.506,6.1,0.3793490460157127,0.2469135802469136,0,3641.9,-1.0,1
2018-19,1610612744,Golden State Warriors,115.0,108.6,6.5,101.74,3,0.5957925002024784,0.139,0.257,1,-1,6.315,6.5,0.3830734966592428,0.2271714922048997,0,3641.9,1.0,0
2019-20,1610612753,Orlando Magic,107.9,109.2,-1.3,98.99,5,0.5441838763338338,0.129,0.267,0,1,-0.929,-1.0,0.363431151241535,0.2562076749435666,0,0.0,0.0,1
2019-20,1610612749,Milwaukee Bucks,111.9,102.5,9.4,105.51,5,0.5831892146843801,0.142,0.241,1,-1,9.408,10.1,0.4279427942794279,0.2717271727172717,0,0.0,0.0,0
2019-20,1610612749,Milwaukee Bucks,111.9,102.5,9.4,105.51,2,0.5831892146843801,0.142,0.241,1,-1,9.408,10.1,0.4279427942794279,0.2717271727172717,0,0.0,-12.0,1
2019-20,1610612753,Orlando Magic,107.9,109.2,-1.3,98.99,2,0.5441838763338338,0.129,0.267,0,1,-0.929,-1.0,0.363431151241535,0.2562076749435666,0,0.0,12.0,0
2019-20,1610612749,Milwaukee Bucks,111.9,102.5,9.4,105.51,2,0.5831892146843801,0.142,0.241,0,-1,9.408,10.1,0.4279427942794279,0.2717271727172717,0,1715.8,15.0,1
2019-20,1610612753,Orlando Magic,107.9,109.2,-1.3,98.99,2,0.5441838763338338,0.129,0.267,1,1,-0.929,-1.0,0.363431151241535,0.2562076749435666,0,1715.8,-15.0,0
2019-20,1610612749,Milwaukee Bucks,111.9,102.5,9.4,105.51,2,0.5831892146843801,0.142,0.241,0,-1,9.408,10.1,0.4279427942794279,0.2717271727172717,0,0.0,14.0,1
2019-20,1610612753,Orlando Magic,107.9,109.2,-1.3,98.99,2,0.5441838763338338,0.129,0.267,1,1,-0.929,-1.0,0.363431151241535,0.2562076749435666,0,0.0,-14.0,0
2019-20,1610612749,Milwaukee Bucks,111.9,102.5,9.4,105.51,5,0.5831892146843801,0.142,0.241,1,-1,9.408,10.1,0.4279427942794279,0.2717271727172717,0,1715.8,15.0,1
2019-20,1610612753,Orlando Magic,107.9,109.2,-1.3,98.99,5,0.5441838763338338,0.129,0.267,0,1,-0.929,-1.0,0.363431151241535,0.2562076749435666,0,1715.8,-15.0,0
2019-20,1610612761,Toronto Raptors,110.8,104.7,6.1,101.19,5,0.574876666530762,0.146,0.256,1,4,5.97,6.2,0.4209328782707622,0.2639362912400455,0,0.0,0.0,1
2019-20,1610612751,Brooklyn Nets,108.7,109.2,-0.5,101.7,5,0.5539919131055261,0.148,0.28,0,-1,-1.01,-0.6,0.4219269102990033,0.2668881506090809,0,0.0,0.0,0
2019-20,1610612761,Toronto Raptors,110.8,104.7,6.1,101.19,2,0.574876666530762,0.146,0.256,1,4,5.97,6.2,0.4209328782707622,0.2639362912400455,0,0.0,24.0,1
2019-20,1610612751,Brooklyn Nets,108.7,109.2,-0.5,101.7,2,0.5539919131055261,0.148,0.28,0,-1,-1.01,-0.6,0.4219269102990033,0.2668881506090809,0,0.0,-24.0,0
2019-20,1610612761,Toronto Raptors,110.8,104.7,6.1,101.19,2,0.574876666530762,0.146,0.256,0,4,5.97,6.2,0.4209328782707622,0.2639362912400455,0,553.6,5.0,1
2019-20,1610612751,Brooklyn Nets,108.7,109.2,-0.5,101.7,2,0.5539919131055261,0.148,0.28,1,-1,-1.01,-0.6,0.4219269102990033,0.2668881506090809,0,553.6,-5.0,0
2019-20,1610612761,Toronto Raptors,110.8,104.7,6.1,101.19,2,0.574876666530762,0.146,0.256,0,4,5.97,6.2,0.4209328782707622,0.2639362912400455,0,0.0,25.0,1
2019-20,1610612751,Brooklyn Nets,108.7,109.2,-0.5,101.7,2,0.5539919131055261,0.148,0.28,1,-1,-1.01,-0.6,0.4219269102990033,0.2668881506090809,0,0.0,-25.0,0
2019-20,1610612738,Boston Celtics,112.8,106.5,6.3,99.92,5,0.56959361974992,0.137,0.283,1,-1,5.831,6.3,0.3850446428571429,0.2589285714285714,0,0.0,0.0,1
2019-20,1610612755,Philadelphia 76ers,110.7,108.4,2.3,99.59,5,0.5662056548958632,0.142,0.281,0,1,2.2,2.4,0.3594994311717861,0.2548350398179749,0,0.0,0.0,0
2019-20,1610612738,Boston Celtics,112.8,106.5,6.3,99.92,2,0.56959361974992,0.137,0.283,1,-1,5.831,6.3,0.3850446428571429,0.2589285714285714,0,0.0,8.0,1
2019-20,1610612755,Philadelphia 76ers,110.7,108.4,2.3,99.59,2,0.5662056548958632,0.142,0.281,0,1,2.2,2.4,0.3594994311717861,0.2548350398179749,0,0.0,-8.0,0
2019-20,1610612738,Boston Celtics,112.8,106.5,6.3,99.92,2,0.56959361974992,0.137,0.283,0,-1,5.831,6.3,0.3850446428571429,0.2589285714285714,0,439.9,27.0,1
2019-20,1610612755,Philadelphia 76ers,110.7,108.4,2.3,99.59,2,0.5662056548958632,0.142,0.281,1,1,2.2,2.4,0.3594994311717861,0.2548350398179749,0,439.9,-27.0,0
2019-20,1610612738,Boston Celtics,112.8,106.5,6.3,99.92,2,0.56959361974992,0.137,0.283,0,-1,5.831,6.3,0.3850446428571429,0.2589285714285714,0,0.0,8.0,1
2019-20,1610612755,Philadelphia 76ers,110.7,108.4,2.3,99.59,2,0.5662056548958632,0.142,0.281,1,1,2.2,2.4,0.3594994311717861,0.2548350398179749,0,0.0,-8.0,0
2019-20,1610612748,Miami Heat,111.9,109.3,2.7,98.7,5,0.5864611260053619,0.149,0.257,0,-2,2.591,2.9,0.419431279620853,0.2985781990521327,0,0.0,0.0,1
2019-20,1610612754,Indiana Pacers,109.5,107.5,1.9,99.41,5,0.5644761826137209,0.132,0.243,1,2,1.632,2.0,0.3163841807909605,0.215819209039548,0,0.0,0.0,0
2019-20,1610612748,Miami Heat,111.9,109.3,2.7,98.7,2,0.5864611260053619,0.149,0.257,0,-2,2.591,2.9,0.419431279620853,0.2985781990521327,0,0.0,12.0,1
2019-20,1610612754,Indiana Pacers,109.5,107.5,1.9,99.41,2,0.5644761826137209,0.132,0.243,1,2,1.632,2.0,0.3163841807909605,0.215819209039548,0,0.0,-12.0,0
2019-20,1610612748,Miami Heat,111.9,109.3,2.7,98.7,2,0.5864611260053619,0.149,0.257,1,-2,2.591,2.9,0.419431279620853,0.2985781990521327,0,1650.9,9.0,1
2019-20,1610612754,Indiana Pacers,109.5,107.5,1.9,99.41,2,0.5644761826137209,0.132,0.243,0,2,1.632,2.0,0.3163841807909605,0.215819209039548,0,1650.9,-9.0,0
2019-20,1610612748,Miami Heat,111.9,109.3,2.7,98.7,2,0.5864611260053619,0.149,0.257,1,-2,2.591,2.9,0.419431279620853,0.2985781990521327,0,0.0,9.0,1
2019-20,1610612754,Indiana Pacers,109.5,107.5,1.9,99.41,2,0.5644761826137209,0.132,0.243,0,2,1.632,2.0,0.3163841807909605,0.215819209039548,0,0.0,-9.0,0
2019-20,1610612757,Portland Trail Blazers,113.2,114.3,-1.1,101.17,5,0.5697356426618049,0.126,0.266,0,3,-0.614,-1.1,0.3739035087719298,0.2423245614035087,0,0.0,0.0,1
2019-20,1610612747,Los Angeles Lakers,111.7,106.1,5.6,101.2,5,0.5727735574591887,0.149,0.283,1,-1,6.28,5.8,0.3578708946772367,0.27519818799547,0,0.0,0.0,0
2019-20,1610612747,Los Angeles Lakers,111.7,106.1,5.6,101.2,2,0.5727735574591887,0.149,0.283,1,-1,6.28,5.8,0.3578708946772367,0.27519818799547,0,0.0,-7.0,1
2019-20,1610612757,Portland Trail Blazers,113.2,114.3,-1.1,101.17,2,0.5697356426618049,0.126,0.266,0,3,-0.614,-1.1,0.3739035087719298,0.2423245614035087,0,0.0,7.0,0
2019-20,1610612747,Los Angeles Lakers,111.7,106.1,5.6,101.2,2,0.5727735574591887,0.149,0.283,0,-1,6.28,5.8,0.3578708946772367,0.27519818799547,0,1331.1,23.0,1
2019-20,1610612757,Portland Trail Blazers,113.2,114.3,-1.1,101.17,2,0.5697356426618049,0.126,0.266,1,3,-0.614,-1.1,0.3739035087719298,0.2423245614035087,0,1331.1,-23.0,0
2019-20,1610612747,Los Angeles Lakers,111.7,106.1,5.6,101.2,2,0.5727735574591887,0.149,0.283,0,-1,6.28,5.8,0.3578708946772367,0.27519818799547,0,0.0,8.0,1
2019-20,1610612757,Portland Trail Blazers,113.2,114.3,-1.1,101.17,2,0.5697356426618049,0.126,0.266,1,3,-0.614,-1.1,0.3739035087719298,0.2423245614035087,0,0.0,-8.0,0
2019-20,1610612747,Los Angeles Lakers,111.7,106.1,5.6,101.2,5,0.5727735574591887,0.149,0.283,1,-1,6.28,5.8,0.3578708946772367,0.27519818799547,0,1331.1,20.0,1
2019-20,1610612757,Portland Trail Blazers,113.2,114.3,-1.1,101.17,5,0.5697356426618049,0.126,0.266,0,3,-0.614,-1.1,0.3739035087719298,0.2423245614035087,0,1331.1,-20.0,0
2019-20,1610612746,LA Clippers,113.3,106.9,6.3,102.16,5,0.5770452109713015,0.142,0.278,1,2,6.655,6.4,0.3755605381165919,0.2948430493273543,0,0.0,0.0,1
2019-20,1610612742,Dallas Mavericks,115.9,111.2,4.8,99.89,5,0.5805183979676894,0.126,0.275,0,-2,4.872,4.9,0.4573643410852713,0.2635658914728682,0,0.0,0.0,0
2019-20,1610612742,Dallas Mavericks,115.9,111.2,4.8,99.89,2,0.5805183979676894,0.126,0.275,0,-2,4.872,4.9,0.4573643410852713,0.2635658914728682,0,0.0,-8.0,1
2019-20,1610612746,LA Clippers,113.3,106.9,6.3,102.16,2,0.5770452109713015,0.142,0.278,1,2,6.655,6.4,0.3755605381165919,0.2948430493273543,0,0.0,8.0,0
2019-20,1610612746,LA Clippers,113.3,106.9,6.3,102.16,2,0.5770452109713015,0.142,0.278,0,2,6.655,6.4,0.3755605381165919,0.2948430493273543,0,1999.8,-13.0,1
2019-20,1610612742,Dallas Mavericks,115.9,111.2,4.8,99.89,2,0.5805183979676894,0.126,0.275,1,-2,4.872,4.9,0.4573643410852713,0.2635658914728682,0,1999.8,13.0,0
2019-20,1610612742,Dallas Mavericks,115.9,111.2,4.8,99.89,2,0.5805183979676894,0.126,0.275,1,-2,4.872,4.9,0.4573643410852713,0.2635658914728682,0,0.0,-8.0,1
2019-20,1610612746,LA Clippers,113.3,106.9,6.3,102.16,2,0.5770452109713015,0.142,0.278,0,2,6.655,6.4,0.3755605381165919,0.2948430493273543,0,0.0,8.0,0
2019-20,1610612746,LA Clippers,113.3,106.9,6.3,102.16,2,0.5770452109713015,0.142,0.278,1,2,6.655,6.4,0.3755605381165919,0.2948430493273543,0,1999.8,-2.0,1
2019-20,1610612742,Dallas Mavericks,115.9,111.2,4.8,99.89,2,0.5805183979676894,0.126,0.275,0,-2,4.872,4.9,0.4573643410852713,0.2635658914728682,0,1999.8,2.0,0
2019-20,1610612746,LA Clippers,113.3,106.9,6.3,102.16,5,0.5770452109713015,0.142,0.278,0,2,6.655,6.4,0.3755605381165919,0.2948430493273543,0,1999.8,43.0,1
2019-20,1610612742,Dallas Mavericks,115.9,111.2,4.8,99.89,5,0.5805183979676894,0.126,0.275,1,-2,4.872,4.9,0.4573643410852713,0.2635658914728682,0,1999.8,-43.0,0
2019-20,1610612743,Denver Nuggets,112.6,110.4,2.2,97.64,5,0.5673014190181047,0.139,0.294,1,-3,2.351,2.1,0.344206974128234,0.2350956130483689,0,0.0,0.0,1
2019-20,1610612762,Utah Jazz,111.8,109.3,2.5,99.15,5,0.5849766640037002,0.152,0.261,0,1,2.522,2.5,0.4136310223266745,0.2679200940070506,0,0.0,0.0,0
2019-20,1610612762,Utah Jazz,111.8,109.3,2.5,99.15,2,0.5849766640037002,0.152,0.261,0,1,2.522,2.5,0.4136310223266745,0.2679200940070506,0,0.0,-10.0,1
2019-20,1610612743,Denver Nuggets,112.6,110.4,2.2,97.64,2,0.5673014190181047,0.139,0.294,1,-3,2.351,2.1,0.344206974128234,0.2350956130483689,0,0.0,10.0,0
2019-20,1610612762,Utah Jazz,111.8,109.3,2.5,99.15,2,0.5849766640037002,0.152,0.261,1,1,2.522,2.5,0.4136310223266745,0.2679200940070506,0,595.6,19.0,1
2019-20,1610612743,Denver Nuggets,112.6,110.4,2.2,97.64,2,0.5673014190181047,0.139,0.294,0,-3,2.351,2.1,0.344206974128234,0.2350956130483689,0,595.6,-19.0,0
2019-20,1610612762,Utah Jazz,111.8,109.3,2.5,99.15,2,0.5849766640037002,0.152,0.261,1,1,2.522,2.5,0.4136310223266745,0.2679200940070506,0,0.0,37.0,1
2019-20,1610612743,Denver Nuggets,112.6,110.4,2.2,97.64,2,0.5673014190181047,0.139,0.294,0,-3,2.351,2.1,0.344206974128234,0.2350956130483689,0,0.0,-37.0,0
2019-20,1610612743,Denver Nuggets,112.6,110.4,2.2,97.64,2,0.5673014190181047,0.139,0.294,1,-3,2.351,2.1,0.344206974128234,0.2350956130483689,0,595.6,-2.0,1
2019-20,1610612762,Utah Jazz,111.8,109.3,2.5,99.15,2,0.5849766640037002,0.152,0.261,0,1,2.522,2.5,0.4136310223266745,0.2679200940070506,0,595.6,2.0,0
2019-20,1610612743,Denver Nuggets,112.6,110.4,2.2,97.64,5,0.5673014190181047,0.139,0.294,0,-3,2.351,2.1,0.344206974128234,0.2350956130483689,0,595.6,10.0,1
2019-20,1610612762,Utah Jazz,111.8,109.3,2.5,99.15,5,0.5849766640037002,0.152,0.261,1,1,2.522,2.5,0.4136310223266745,0.2679200940070506,0,595.6,-10.0,0
2019-20,1610612743,Denver Nuggets,112.6,110.4,2.2,97.64,2,0.5673014190181047,0.139,0.294,1,-3,2.351,2.1,0.344206974128234,0.2350956130483689,0,595.6,12.0,1
2019-20,1610612762,Utah Jazz,111.8,109.3,2.5,99.15,2,0.5849766640037002,0.152,0.261,0,1,2.522,2.5,0.4136310223266745,0.2679200940070506,0,595.6,-12.0,0
2019-20,1610612745,Houston Rockets,112.5,109.8,2.7,104.04,5,0.5781084370460523,0.14,0.249,1,-3,3.13,3.0,0.5011061946902654,0.288716814159292,0,0.0,0.0,1
2019-20,1610612760,Oklahoma City Thunder,110.1,108.1,2.1,99.42,5,0.5725428369912459,0.137,0.241,0,-1,2.322,2.0,0.3532163742690058,0.2900584795321637,0,0.0,0.0,0
2019-20,1610612745,Houston Rockets,112.5,109.8,2.7,104.04,2,0.5781084370460523,0.14,0.249,1,-3,3.13,3.0,0.5011061946902654,0.288716814159292,0,0.0,15.0,1
2019-20,1610612760,Oklahoma City Thunder,110.1,108.1,2.1,99.42,2,0.5725428369912459,0.137,0.241,0,-1,2.322,2.0,0.3532163742690058,0.2900584795321637,0,0.0,-15.0,0
2019-20,1610612760,Oklahoma City Thunder,110.1,108.1,2.1,99.42,2,0.5725428369912459,0.137,0.241,1,-1,2.322,2.0,0.3532163742690058,0.2900584795321637,0,666.3,-13.0,1
2019-20,1610612745,Houston Rockets,112.5,109.8,2.7,104.04,2,0.5781084370460523,0.14,0.249,0,-3,3.13,3.0,0.5011061946902654,0.288716814159292,0,666.3,13.0,0
2019-20,1610612760,Oklahoma City Thunder,110.1,108.1,2.1,99.42,2,0.5725428369912459,0.137,0.241,1,-1,2.322,2.0,0.3532163742690058,0.2900584795321637,0,0.0,12.0,1
2019-20,1610612745,Houston Rockets,112.5,109.8,2.7,104.04,2,0.5781084370460523,0.14,0.249,0,-3,3.13,3.0,0.5011061946902654,0.288716814159292,0,0.0,-12.0,0
2019-20,1610612745,Houston Rockets,112.5,109.8,2.7,104.04,5,0.5781084370460523,0.14,0.249,1,-3,3.13,3.0,0.5011061946902654,0.288716814159292,0,666.3,-3.0,1
2019-20,1610612760,Oklahoma City Thunder,110.1,108.1,2.1,99.42,5,0.5725428369912459,0.137,0.241,0,-1,2.322,2.0,0.3532163742690058,0.2900584795321637,0,666.3,3.0,0
2019-20,1610612760,Oklahoma City Thunder,110.1,108.1,2.1,99.42,2,0.5725428369912459,0.137,0.241,1,-1,2.322,2.0,0.3532163742690058,0.2900584795321637,0,666.3,-34.0,1
2019-20,1610612745,Houston Rockets,112.5,109.8,2.7,104.04,2,0.5781084370460523,0.14,0.249,0,-3,3.13,3.0,0.5011061946902654,0.288716814159292,0,666.3,33.8,0
2019-20,1610612745,Houston Rockets,112.5,109.8,2.7,104.04,2,0.5781084370460523,0.14,0.249,1,-3,3.13,3.0,0.5011061946902654,0.288716814159292,0,666.3,-4.0,1
2019-20,1610612760,Oklahoma City Thunder,110.1,108.1,2.1,99.42,2,0.5725428369912459,0.137,0.241,0,-1,2.322,2.0,0.3532163742690058,0.2900584795321637,0,666.3,4.0,0
2019-20,1610612748,Miami Heat,111.9,109.3,2.7,98.7,7,0.5864611260053619,0.149,0.257,0,-2,2.591,2.9,0.419431279620853,0.2985781990521327,0,2044.1,12.0,1
2019-20,1610612749,Milwaukee Bucks,111.9,102.5,9.4,105.51,2,0.5831892146843801,0.142,0.241,1,-1,9.408,10.1,0.4279427942794279,0.2717271727172717,0,0.0,14.0,0
2019-20,1610612748,Miami Heat,111.9,109.3,2.7,98.7,2,0.5864611260053619,0.149,0.257,0,-2,2.591,2.9,0.419431279620853,0.2985781990521327,0,0.0,11.0,1
2019-20,1610612749,Milwaukee Bucks,111.9,102.5,9.4,105.51,2,0.5831892146843801,0.142,0.241,1,-1,9.408,10.1,0.4279427942794279,0.2717271727172717,0,0.0,-11.0,0
2019-20,1610612748,Miami Heat,111.9,109.3,2.7,98.7,2,0.5864611260053619,0.149,0.257,1,-2,2.591,2.9,0.419431279620853,0.2985781990521327,0,2044.1,2.0,1
2019-20,1610612749,Milwaukee Bucks,111.9,102.5,9.4,105.51,2,0.5831892146843801,0.142,0.241,0,-1,9.408,10.1,0.4279427942794279,0.2717271727172717,0,2044.1,-2.0,0
2019-20,1610612749,Milwaukee Bucks,111.9,102.5,9.4,105.51,2,0.5831892146843801,0.142,0.241,0,-1,9.408,10.1,0.4279427942794279,0.2717271727172717,0,0.0,-15.0,1
2019-20,1610612748,Miami Heat,111.9,109.3,2.7,98.7,2,0.5864611260053619,0.149,0.257,1,-2,2.591,2.9,0.419431279620853,0.2985781990521327,0,0.0,15.0,0
2019-20,1610612748,Miami Heat,111.9,109.3,2.7,98.7,2,0.5864611260053619,0.149,0.257,0,-2,2.591,2.9,0.419431279620853,0.2985781990521327,0,2044.1,-3.0,1
2019-20,1610612749,Milwaukee Bucks,111.9,102.5,9.4,105.51,2,0.5831892146843801,0.142,0.241,1,-1,9.408,10.1,0.4279427942794279,0.2717271727172717,0,2044.1,3.0,0
2019-20,1610612738,Boston Celtics,112.8,106.5,6.3,99.92,7,0.56959361974992,0.137,0.283,0,-1,5.831,6.3,0.3850446428571429,0.2589285714285714,0,542.8,4.0,1
2019-20,1610612761,Toronto Raptors,110.8,104.7,6.1,101.19,7,0.574876666530762,0.146,0.256,1,4,5.97,6.2,0.4209328782707622,0.2639362912400455,0,553.6,28.0,0
2019-20,1610612738,Boston Celtics,112.8,106.5,6.3,99.92,2,0.56959361974992,0.137,0.283,0,-1,5.831,6.3,0.3850446428571429,0.2589285714285714,0,0.0,18.0,1
2019-20,1610612761,Toronto Raptors,110.8,104.7,6.1,101.19,2,0.574876666530762,0.146,0.256,1,4,5.97,6.2,0.4209328782707622,0.2639362912400455,0,0.0,-18.0,0
2019-20,1610612761,Toronto Raptors,110.8,104.7,6.1,101.19,2,0.574876666530762,0.146,0.256,0,4,5.97,6.2,0.4209328782707622,0.2639362912400455,0,690.7,-3.0,1
2019-20,1610612738,Boston Celtics,112.8,106.5,6.3,99.92,2,0.56959361974992,0.137,0.283,1,-1,5.831,6.3,0.3850446428571429,0.2589285714285714,0,690.7,3.0,0
2019-20,1610612761,Toronto Raptors,110.8,104.7,6.1,101.19,2,0.574876666530762,0.146,0.256,0,4,5.97,6.2,0.4209328782707622,0.2639362912400455,0,0.0,1.0,1
2019-20,1610612738,Boston Celtics,112.8,106.5,6.3,99.92,2,0.56959361974992,0.137,0.283,1,-1,5.831,6.3,0.3850446428571429,0.2589285714285714,0,0.0,-1.0,0
2019-20,1610612738,Boston Celtics,112.8,106.5,6.3,99.92,2,0.56959361974992,0.137,0.283,0,-1,5.831,6.3,0.3850446428571429,0.2589285714285714,0,690.7,-7.0,1
2019-20,1610612761,Toronto Raptors,110.8,104.7,6.1,101.19,2,0.574876666530762,0.146,0.256,1,4,5.97,6.2,0.4209328782707622,0.2639362912400455,0,690.7,7.0,0
2019-20,1610612761,Toronto Raptors,110.8,104.7,6.1,101.19,2,0.574876666530762,0.146,0.256,0,4,5.97,6.2,0.4209328782707622,0.2639362912400455,0,690.7,-22.0,1
2019-20,1610612738,Boston Celtics,112.8,106.5,6.3,99.92,2,0.56959361974992,0.137,0.283,1,-1,5.831,6.3,0.3850446428571429,0.2589285714285714,0,690.7,22.0,0
2019-20,1610612738,Boston Celtics,112.8,106.5,6.3,99.92,2,0.56959361974992,0.137,0.283,0,-1,5.831,6.3,0.3850446428571429,0.2589285714285714,0,690.7,-3.0,1
2019-20,1610612761,Toronto Raptors,110.8,104.7,6.1,101.19,2,0.574876666530762,0.146,0.256,1,4,5.97,6.2,0.4209328782707622,0.2639362912400455,0,690.7,3.0,0
2019-20,1610612745,Houston Rockets,112.5,109.8,2.7,104.04,2,0.5781084370460523,0.14,0.249,0,-3,3.13,3.0,0.5011061946902654,0.288716814159292,0,2209.3,2.0,1
2019-20,1610612747,Los Angeles Lakers,111.7,106.1,5.6,101.2,6,0.5727735574591887,0.149,0.283,1,-1,6.28,5.8,0.3578708946772367,0.27519818799547,0,0.0,9.0,0
2019-20,1610612747,Los Angeles Lakers,111.7,106.1,5.6,101.2,2,0.5727735574591887,0.149,0.283,1,-1,6.28,5.8,0.3578708946772367,0.27519818799547,0,0.0,-15.0,1
2019-20,1610612745,Houston Rockets,112.5,109.8,2.7,104.04,2,0.5781084370460523,0.14,0.249,0,-3,3.13,3.0,0.5011061946902654,0.288716814159292,0,0.0,15.0,0
2019-20,1610612747,Los Angeles Lakers,111.7,106.1,5.6,101.2,2,0.5727735574591887,0.149,0.283,0,-1,6.28,5.8,0.3578708946772367,0.27519818799547,0,2209.3,8.0,1
2019-20,1610612745,Houston Rockets,112.5,109.8,2.7,104.04,2,0.5781084370460523,0.14,0.249,1,-3,3.13,3.0,0.5011061946902654,0.288716814159292,0,2209.3,-8.0,0
2019-20,1610612747,Los Angeles Lakers,111.7,106.1,5.6,101.2,2,0.5727735574591887,0.149,0.283,0,-1,6.28,5.8,0.3578708946772367,0.27519818799547,0,0.0,10.0,1
2019-20,1610612745,Houston Rockets,112.5,109.8,2.7,104.04,2,0.5781084370460523,0.14,0.249,1,-3,3.13,3.0,0.5011061946902654,0.288716814159292,0,0.0,-10.0,0
2019-20,1610612747,Los Angeles Lakers,111.7,106.1,5.6,101.2,2,0.5727735574591887,0.149,0.283,1,-1,6.28,5.8,0.3578708946772367,0.27519818799547,0,2209.3,10.0,1
2019-20,1610612745,Houston Rockets,112.5,109.8,2.7,104.04,2,0.5781084370460523,0.14,0.249,0,-3,3.13,3.0,0.5011061946902654,0.288716814159292,0,2209.3,-10.0,0
2019-20,1610612746,LA Clippers,113.3,106.9,6.3,102.16,4,0.5770452109713015,0.142,0.278,1,2,6.655,6.4,0.3755605381165919,0.2948430493273543,0,1999.8,14.0,1
2019-20,1610612743,Denver Nuggets,112.6,110.4,2.2,97.64,2,0.5673014190181047,0.139,0.294,0,-3,2.351,2.1,0.344206974128234,0.2350956130483689,0,1348.6,2.0,0
2019-20,1610612743,Denver Nuggets,112.6,110.4,2.2,97.64,2,0.5673014190181047,0.139,0.294,0,-3,2.351,2.1,0.344206974128234,0.2350956130483689,0,0.0,-23.0,1
2019-20,1610612746,LA Clippers,113.3,106.9,6.3,102.16,2,0.5770452109713015,0.142,0.278,1,2,6.655,6.4,0.3755605381165919,0.2948430493273543,0,0.0,23.0,0
2019-20,1610612746,LA Clippers,113.3,106.9,6.3,102.16,2,0.5770452109713015,0.142,0.278,0,2,6.655,6.4,0.3755605381165919,0.2948430493273543,0,1348.6,-9.0,1
2019-20,1610612743,Denver Nuggets,112.6,110.4,2.2,97.64,2,0.5673014190181047,0.139,0.294,1,-3,2.351,2.1,0.344206974128234,0.2350956130483689,0,1348.6,9.0,0
2019-20,1610612746,LA Clippers,113.3,106.9,6.3,102.16,2,0.5770452109713015,0.142,0.278,0,2,6.655,6.4,0.3755605381165919,0.2948430493273543,0,0.0,6.0,1
2019-20,1610612743,Denver Nuggets,112.6,110.4,2.2,97.64,2,0.5673014190181047,0.139,0.294,1,-3,2.351,2.1,0.344206974128234,0.2350956130483689,0,0.0,-6.0,0
2019-20,1610612743,Denver Nuggets,112.6,110.4,2.2,97.64,2,0.5673014190181047,0.139,0.294,0,-3,2.351,2.1,0.344206974128234,0.2350956130483689,0,1348.6,-11.0,1
2019-20,1610612746,LA Clippers,113.3,106.9,6.3,102.16,2,0.5770452109713015,0.142,0.278,1,2,6.655,6.4,0.3755605381165919,0.2948430493273543,0,1348.6,11.0,0
2019-20,1610612743,Denver Nuggets,112.6,110.4,2.2,97.64,2,0.5673014190181047,0.139,0.294,1,-3,2.351,2.1,0.344206974128234,0.2350956130483689,0,1348.6,6.0,1
2019-20,1610612746,LA Clippers,113.3,106.9,6.3,102.16,2,0.5770452109713015,0.142,0.278,0,2,6.655,6.4,0.3755605381165919,0.2948430493273543,0,1348.6,-6.0,0
2019-20,1610612743,Denver Nuggets,112.6,110.4,2.2,97.64,2,0.5673014190181047,0.139,0.294,0,-3,2.351,2.1,0.344206974128234,0.2350956130483689,0,1348.6,13.0,1
2019-20,1610612746,LA Clippers,113.3,106.9,6.3,102.16,2,0.5770452109713015,0.142,0.278,1,2,6.655,6.4,0.3755605381165919,0.2948430493273543,0,1348.6,-13.0,0
2019-20,1610612748,Miami Heat,111.9,109.3,2.7,98.7,7,0.5864611260053619,0.149,0.257,0,-2,2.591,2.9,0.419431279620853,0.2985781990521327,0,1377.0,9.0,1
2019-20,1610612738,Boston Celtics,112.8,106.5,6.3,99.92,4,0.56959361974992,0.137,0.283,1,-1,5.831,6.3,0.3850446428571429,0.2589285714285714,0,690.7,5.0,0
2019-20,1610612748,Miami Heat,111.9,109.3,2.7,98.7,2,0.5864611260053619,0.149,0.257,0,-2,2.591,2.9,0.419431279620853,0.2985781990521327,0,0.0,3.0,1
2019-20,1610612738,Boston Celtics,112.8,106.5,6.3,99.92,2,0.56959361974992,0.137,0.283,1,-1,5.831,6.3,0.3850446428571429,0.2589285714285714,0,0.0,-3.2,0
2019-20,1610612738,Boston Celtics,112.8,106.5,6.3,99.92,2,0.56959361974992,0.137,0.283,0,-1,5.831,6.3,0.3850446428571429,0.2589285714285714,0,2023.6,-5.0,1
2019-20,1610612748,Miami Heat,111.9,109.3,2.7,98.7,2,0.5864611260053619,0.149,0.257,1,-2,2.591,2.9,0.419431279620853,0.2985781990521327,0,2023.6,5.0,0
2019-20,1610612748,Miami Heat,111.9,109.3,2.7,98.7,4,0.5864611260053619,0.149,0.257,1,-2,2.591,2.9,0.419431279620853,0.2985781990521327,0,0.0,-11.0,1
2019-20,1610612738,Boston Celtics,112.8,106.5,6.3,99.92,4,0.56959361974992,0.137,0.283,0,-1,5.831,6.3,0.3850446428571429,0.2589285714285714,0,0.0,11.0,0
2019-20,1610612738,Boston Celtics,112.8,106.5,6.3,99.92,2,0.56959361974992,0.137,0.283,1,-1,5.831,6.3,0.3850446428571429,0.2589285714285714,0,2023.6,-3.0,1
2019-20,1610612748,Miami Heat,111.9,109.3,2.7,98.7,2,0.5864611260053619,0.149,0.257,0,-2,2.591,2.9,0.419431279620853,0.2985781990521327,0,2023.6,3.0,0
2019-20,1610612748,Miami Heat,111.9,109.3,2.7,98.7,2,0.5864611260053619,0.149,0.257,1,-2,2.591,2.9,0.419431279620853,0.2985781990521327,0,2023.6,-13.0,1
2019-20,1610612738,Boston Celtics,112.8,106.5,6.3,99.92,2,0.56959361974992,0.137,0.283,0,-1,5.831,6.3,0.3850446428571429,0.2589285714285714,0,2023.6,13.0,0
2019-20,1610612747,Los Angeles Lakers,111.7,106.1,5.6,101.2,6,0.5727735574591887,0.149,0.283,1,-1,6.28,5.8,0.3578708946772367,0.27519818799547,0,0.0,23.0,1
2019-20,1610612743,Denver Nuggets,112.6,110.4,2.2,97.64,3,0.5673014190181047,0.139,0.294,0,-3,2.351,2.1,0.344206974128234,0.2350956130483689,0,13.0,15.0,0
2019-20,1610612747,Los Angeles Lakers,111.7,106.1,5.6,101.2,2,0.5727735574591887,0.149,0.283,1,-1,6.28,5.8,0.3578708946772367,0.27519818799547,0,0.0,12.0,1
2019-20,1610612743,Denver Nuggets,112.6,110.4,2.2,97.64,2,0.5673014190181047,0.139,0.294,0,-3,2.351,2.1,0.344206974128234,0.2350956130483689,0,0.0,-12.0,0
2019-20,1610612743,Denver Nuggets,112.6,110.4,2.2,97.64,2,0.5673014190181047,0.139,0.294,1,-3,2.351,2.1,0.344206974128234,0.2350956130483689,0,1336.9,-2.0,1
2019-20,1610612747,Los Angeles Lakers,111.7,106.1,5.6,101.2,2,0.5727735574591887,0.149,0.283,0,-1,6.28,5.8,0.3578708946772367,0.27519818799547,0,1336.9,2.0,0
2019-20,1610612747,Los Angeles Lakers,111.7,106.1,5.6,101.2,2,0.5727735574591887,0.149,0.283,0,-1,6.28,5.8,0.3578708946772367,0.27519818799547,0,0.0,-8.0,1
2019-20,1610612743,Denver Nuggets,112.6,110.4,2.2,97.64,2,0.5673014190181047,0.139,0.294,1,-3,2.351,2.1,0.344206974128234,0.2350956130483689,0,0.0,8.0,0
2019-20,1610612747,Los Angeles Lakers,111.7,106.1,5.6,101.2,2,0.5727735574591887,0.149,0.283,1,-1,6.28,5.8,0.3578708946772367,0.27519818799547,0,1336.9,6.0,1
2019-20,1610612743,Denver Nuggets,112.6,110.4,2.2,97.64,2,0.5673014190181047,0.139,0.294,0,-3,2.351,2.1,0.344206974128234,0.2350956130483689,0,1336.9,-6.0,0
2019-20,1610612747,Los Angeles Lakers,111.7,106.1,5.6,101.2,4,0.5727735574591887,0.149,0.283,1,-1,6.28,5.8,0.3578708946772367,0.27519818799547,0,0.0,10.0,1
2019-20,1610612748,Miami Heat,111.9,109.3,2.7,98.7,3,0.5864611260053619,0.149,0.257,0,-2,2.591,2.9,0.419431279620853,0.2985781990521327,0,3760.4,12.0,0
2019-20,1610612747,Los Angeles Lakers,111.7,106.1,5.6,101.2,2,0.5727735574591887,0.149,0.283,1,-1,6.28,5.8,0.3578708946772367,0.27519818799547,0,0.0,18.0,1
2019-20,1610612748,Miami Heat,111.9,109.3,2.7,98.7,2,0.5864611260053619,0.149,0.257,0,-2,2.591,2.9,0.419431279620853,0.2985781990521327,0,0.0,-18.0,0
2019-20,1610612748,Miami Heat,111.9,109.3,2.7,98.7,2,0.5864611260053619,0.149,0.257,1,-2,2.591,2.9,0.419431279620853,0.2985781990521327,0,3760.4,-10.0,1
2019-20,1610612747,Los Angeles Lakers,111.7,106.1,5.6,101.2,2,0.5727735574591887,0.149,0.283,0,-1,6.28,5.8,0.3578708946772367,0.27519818799547,0,3760.4,10.0,0
2019-20,1610612747,Los Angeles Lakers,111.7,106.1,5.6,101.2,2,0.5727735574591887,0.149,0.283,0,-1,6.28,5.8,0.3578708946772367,0.27519818799547,0,0.0,-11.0,1
2019-20,1610612748,Miami Heat,111.9,109.3,2.7,98.7,2,0.5864611260053619,0.149,0.257,1,-2,2.591,2.9,0.419431279620853,0.2985781990521327,0,0.0,11.0,0
2019-20,1610612748,Miami Heat,111.9,109.3,2.7,98.7,3,0.5864611260053619,0.149,0.257,0,-2,2.591,2.9,0.419431279620853,0.2985781990521327,0,3760.4,-6.0,1
2019-20,1610612747,Los Angeles Lakers,111.7,106.1,5.6,101.2,3,0.5727735574591887,0.149,0.283,1,-1,6.28,5.8,0.3578708946772367,0.27519818799547,0,3760.4,6.0,0
2019-20,1610612747,Los Angeles Lakers,111.7,106.1,5.6,101.2,2,0.5727735574591887,0.149,0.283,0,-1,6.28,5.8,0.3578708946772367,0.27519818799547,0,3760.4,-3.0,1
2019-20,1610612748,Miami Heat,111.9,109.3,2.7,98.7,2,0.5864611260053619,0.149,0.257,1,-2,2.591,2.9,0.419431279620853,0.2985781990521327,0,3760.4,3.0,0
2020-21,1610612755,Philadelphia 76ers,112.5,107.0,5.5,100.12,5,0.578883000407664,0.143,0.277,1,2,5.302,5.6,0.3463751438434982,0.2934407364787111,0,0.0,0.0,1
2020-21,1610612764,Washington Wizards,110.7,112.3,-1.6,104.67,5,0.5691803022611004,0.137,0.25,0,2,-1.839,-1.8,0.319031903190319,0.2882288228822882,0,0.0,0.0,0
2020-21,1610612755,Philadelphia 76ers,112.5,107.0,5.5,100.12,3,0.578883000407664,0.143,0.277,1,2,5.302,5.6,0.3463751438434982,0.2934407364787111,0,0.0,7.0,1
2020-21,1610612764,Washington Wizards,110.7,112.3,-1.6,104.67,3,0.5691803022611004,0.137,0.25,0,2,-1.839,-1.8,0.319031903190319,0.2882288228822882,0,0.0,-7.0,0
2020-21,1610612755,Philadelphia 76ers,112.5,107.0,5.5,100.12,3,0.578883000407664,0.143,0.277,0,2,5.302,5.6,0.3463751438434982,0.2934407364787111,0,194.1,25.0,1
2020-21,1610612764,Washington Wizards,110.7,112.3,-1.6,104.67,3,0.5691803022611004,0.137,0.25,1,2,-1.839,-1.8,0.319031903190319,0.2882288228822882,0,194.1,-25.0,0
2020-21,1610612764,Washington Wizards,110.7,112.3,-1.6,104.67,2,0.5691803022611004,0.137,0.25,1,2,-1.839,-1.8,0.319031903190319,0.2882288228822882,0,0.0,-29.0,1
2020-21,1610612755,Philadelphia 76ers,112.5,107.0,5.5,100.12,2,0.578883000407664,0.143,0.277,0,2,5.302,5.6,0.3463751438434982,0.2934407364787111,0,0.0,29.0,0
2020-21,1610612755,Philadelphia 76ers,112.5,107.0,5.5,100.12,2,0.578883000407664,0.143,0.277,1,2,5.302,5.6,0.3463751438434982,0.2934407364787111,0,194.1,-8.0,1
2020-21,1610612764,Washington Wizards,110.7,112.3,-1.6,104.67,2,0.5691803022611004,0.137,0.25,0,2,-1.839,-1.8,0.319031903190319,0.2882288228822882,0,194.1,0.6,0
2020-21,1610612751,Brooklyn Nets,117.3,113.1,4.2,100.27,5,0.6100823045267489,0.134,0.252,1,5,4.241,4.5,0.4135166093928981,0.2577319587628866,0,0.0,0.0,1
2020-21,1610612738,Boston Celtics,113.1,111.8,1.2,98.94,5,0.5741851262595357,0.141,0.289,0,-1,1.321,1.5,0.4094488188976377,0.233970753655793,0,0.0,0.0,0
2020-21,1610612751,Brooklyn Nets,117.3,113.1,4.2,100.27,3,0.6100823045267489,0.134,0.252,1,5,4.241,4.5,0.4135166093928981,0.2577319587628866,0,0.0,11.0,1
2020-21,1610612738,Boston Celtics,113.1,111.8,1.2,98.94,3,0.5741851262595357,0.141,0.289,0,-1,1.321,1.5,0.4094488188976377,0.233970753655793,0,0.0,-11.0,0
2020-21,1610612738,Boston Celtics,113.1,111.8,1.2,98.94,3,0.5741851262595357,0.141,0.289,1,-1,1.321,1.5,0.4094488188976377,0.233970753655793,0,306.3,-22.0,1
2020-21,1610612751,Brooklyn Nets,117.3,113.1,4.2,100.27,3,0.6100823045267489,0.134,0.252,0,5,4.241,4.5,0.4135166093928981,0.2577319587628866,0,306.3,22.0,0
2020-21,1610612751,Brooklyn Nets,117.3,113.1,4.2,100.27,2,0.6100823045267489,0.134,0.252,0,5,4.241,4.5,0.4135166093928981,0.2577319587628866,0,0.0,-6.0,1
2020-21,1610612738,Boston Celtics,113.1,111.8,1.2,98.94,2,0.5741851262595357,0.141,0.289,1,-1,1.321,1.5,0.4094488188976377,0.233970753655793,0,0.0,6.0,0
2020-21,1610612751,Brooklyn Nets,117.3,113.1,4.2,100.27,2,0.6100823045267489,0.134,0.252,1,5,4.241,4.5,0.4135166093928981,0.2577319587628866,0,306.3,15.0,1
2020-21,1610612738,Boston Celtics,113.1,111.8,1.2,98.94,2,0.5741851262595357,0.141,0.289,0,-1,1.321,1.5,0.4094488188976377,0.233970753655793,0,306.3,-15.0,0
2020-21,1610612749,Milwaukee Bucks,116.5,110.7,5.8,102.85,5,0.5932856465380968,0.134,0.269,1,-1,5.574,5.9,0.4041394335511983,0.233115468409586,0,0.0,0.0,1
2020-21,1610612748,Miami Heat,110.6,110.7,-0.1,97.09,5,0.5812828013421663,0.144,0.24,0,1,-0.053,0.0,0.4324970131421744,0.2520908004778973,0,0.0,0.0,0
2020-21,1610612749,Milwaukee Bucks,116.5,110.7,5.8,102.85,2,0.5932856465380968,0.134,0.269,1,-1,5.574,5.9,0.4041394335511983,0.233115468409586,0,0.0,2.0,1
2020-21,1610612748,Miami Heat,110.6,110.7,-0.1,97.09,2,0.5812828013421663,0.144,0.24,0,1,-0.053,0.0,0.4324970131421744,0.2520908004778973,0,0.0,-2.0,0
2020-21,1610612749,Milwaukee Bucks,116.5,110.7,5.8,102.85,3,0.5932856465380968,0.134,0.269,0,-1,5.574,5.9,0.4041394335511983,0.233115468409586,0,2044.1,34.0,1
2020-21,1610612748,Miami Heat,110.6,110.7,-0.1,97.09,3,0.5812828013421663,0.144,0.24,1,1,-0.053,0.0,0.4324970131421744,0.2520908004778973,0,2044.1,-34.0,0
2020-21,1610612749,Milwaukee Bucks,116.5,110.7,5.8,102.85,2,0.5932856465380968,0.134,0.269,0,-1,5.574,5.9,0.4041394335511983,0.233115468409586,0,0.0,29.0,1
2020-21,1610612748,Miami Heat,110.6,110.7,-0.1,97.09,2,0.5812828013421663,0.144,0.24,1,1,-0.053,0.0,0.4324970131421744,0.2520908004778973,0,0.0,-29.0,0
2020-21,1610612737,Atlanta Hawks,114.3,112.1,2.2,98.68,5,0.5810031886190827,0.133,0.284,0,4,2.19,2.3,0.3830275229357798,0.2775229357798165,0,0.0,0.0,1
2020-21,1610612752,New York Knicks,110.2,107.8,2.4,96.32,5,0.5590620297609096,0.133,0.264,1,3,2.094,2.3,0.3468208092485549,0.2416184971098265,0,0.0,0.0,0
2020-21,1610612752,New York Knicks,110.2,107.8,2.4,96.32,3,0.5590620297609096,0.133,0.264,1,3,2.094,2.3,0.3468208092485549,0.2416184971098265,0,0.0,-2.0,1
2020-21,1610612737,Atlanta Hawks,114.3,112.1,2.2,98.68,3,0.5810031886190827,0.133,0.284,0,4,2.19,2.3,0.3830275229357798,0.2775229357798165,0,0.0,2.0,0
2020-21,1610612737,Atlanta Hawks,114.3,112.1,2.2,98.68,2,0.5810031886190827,0.133,0.284,1,4,2.19,2.3,0.3830275229357798,0.2775229357798165,0,1203.7,-9.0,1
2020-21,1610612752,New York Knicks,110.2,107.8,2.4,96.32,2,0.5590620297609096,0.133,0.264,0,3,2.094,2.3,0.3468208092485549,0.2416184971098265,0,1203.7,9.0,0
2020-21,1610612737,Atlanta Hawks,114.3,112.1,2.2,98.68,2,0.5810031886190827,0.133,0.284,1,4,2.19,2.3,0.3830275229357798,0.2775229357798165,0,0.0,11.0,1
2020-21,1610612752,New York Knicks,110.2,107.8,2.4,96.32,2,0.5590620297609096,0.133,0.264,0,3,2.094,2.3,0.3468208092485549,0.2416184971098265,0,0.0,-11.0,0
2020-21,1610612737,Atlanta Hawks,114.3,112.1,2.2,98.68,3,0.5810031886190827,0.133,0.284,0,4,2.19,2.3,0.3830275229357798,0.2775229357798165,0,1203.7,17.0,1
2020-21,1610612752,New York Knicks,110.2,107.8,2.4,96.32,3,0.5590620297609096,0.133,0.264,1,3,2.094,2.3,0.3468208092485549,0.2416184971098265,0,1203.7,-17.0,0
2020-21,1610612763,Memphis Grizzlies,111.7,110.5,1.2,100.77,5,0.5599375321235124,0.131,0.285,0,-1,1.113,1.0,0.3420479302832244,0.2320261437908496,0,0.0,0.0,1
2020-21,1610612762,Utah Jazz,116.5,107.5,9.0,99.37,5,0.5965559655596556,0.142,0.284,1,2,8.939,9.3,0.4880817253121453,0.2440408626560726,0,0.0,0.0,0
2020-21,1610612762,Utah Jazz,116.5,107.5,9.0,99.37,3,0.5965559655596556,0.142,0.284,1,2,8.939,9.3,0.4880817253121453,0.2440408626560726,0,0.0,-3.0,1
2020-21,1610612763,Memphis Grizzlies,111.7,110.5,1.2,100.77,3,0.5599375321235124,0.131,0.285,0,-1,1.113,1.0,0.3420479302832244,0.2320261437908496,0,0.0,3.0,0
2020-21,1610612762,Utah Jazz,116.5,107.5,9.0,99.37,3,0.5965559655596556,0.142,0.284,0,2,8.939,9.3,0.4880817253121453,0.2440408626560726,0,2009.2,12.0,1
2020-21,1610612763,Memphis Grizzlies,111.7,110.5,1.2,100.77,3,0.5599375321235124,0.131,0.285,1,-1,1.113,1.0,0.3420479302832244,0.2320261437908496,0,2009.2,-12.0,0
2020-21,1610612762,Utah Jazz,116.5,107.5,9.0,99.37,2,0.5965559655596556,0.142,0.284,0,2,8.939,9.3,0.4880817253121453,0.2440408626560726,0,0.0,10.0,1
2020-21,1610612763,Memphis Grizzlies,111.7,110.5,1.2,100.77,2,0.5599375321235124,0.131,0.285,1,-1,1.113,1.0,0.3420479302832244,0.2320261437908496,0,0.0,-10.0,0
2020-21,1610612762,Utah Jazz,116.5,107.5,9.0,99.37,2,0.5965559655596556,0.142,0.284,1,2,8.939,9.3,0.4880817253121453,0.2440408626560726,0,2009.2,7.0,1
2020-21,1610612763,Memphis Grizzlies,111.7,110.5,1.2,100.77,2,0.5599375321235124,0.131,0.285,0,-1,1.113,1.0,0.3420479302832244,0.2320261437908496,0,2009.2,-7.0,0
2020-21,1610612756,Phoenix Suns,116.3,110.4,5.9,98.0,5,0.5972360351400631,0.126,0.248,1,3,5.675,5.8,0.391845979614949,0.2117780294450736,0,0.0,0.0,1
2020-21,1610612747,Los Angeles Lakers,109.8,106.8,2.9,98.85,5,0.5682289936898041,0.152,0.269,0,5,2.769,2.8,0.3623693379790941,0.2706155632984902,0,0.0,0.0,0
2020-21,1610612747,Los Angeles Lakers,109.8,106.8,2.9,98.85,2,0.5682289936898041,0.152,0.269,0,5,2.769,2.8,0.3623693379790941,0.2706155632984902,0,0.0,-9.0,1
2020-21,1610612756,Phoenix Suns,116.3,110.4,5.9,98.0,2,0.5972360351400631,0.126,0.248,1,3,5.675,5.8,0.391845979614949,0.2117780294450736,0,0.0,9.0,0
2020-21,1610612747,Los Angeles Lakers,109.8,106.8,2.9,98.85,2,0.5682289936898041,0.152,0.269,1,5,2.769,2.8,0.3623693379790941,0.2706155632984902,0,576.6,7.0,1
2020-21,1610612756,Phoenix Suns,116.3,110.4,5.9,98.0,2,0.5972360351400631,0.126,0.248,0,3,5.675,5.8,0.391845979614949,0.2117780294450736,0,576.6,-7.0,0
2020-21,1610612756,Phoenix Suns,116.3,110.4,5.9,98.0,3,0.5972360351400631,0.126,0.248,0,3,5.675,5.8,0.391845979614949,0.2117780294450736,0,0.0,-14.0,1
2020-21,1610612747,Los Angeles Lakers,109.8,106.8,2.9,98.85,3,0.5682289936898041,0.152,0.269,1,5,2.769,2.8,0.3623693379790941,0.2706155632984902,0,0.0,14.0,0
2020-21,1610612756,Phoenix Suns,116.3,110.4,5.9,98.0,2,0.5972360351400631,0.126,0.248,1,3,5.675,5.8,0.391845979614949,0.2117780294450736,0,576.6,8.0,1
2020-21,1610612747,Los Angeles Lakers,109.8,106.8,2.9,98.85,2,0.5682289936898041,0.152,0.269,0,5,2.769,2.8,0.3623693379790941,0.2706155632984902,0,576.6,-8.0,0
2020-21,1610612756,Phoenix Suns,116.3,110.4,5.9,98.0,2,0.5972360351400631,0.126,0.248,0,3,5.675,5.8,0.391845979614949,0.2117780294450736,0,576.6,30.0,1
2020-21,1610612747,Los Angeles Lakers,109.8,106.8,2.9,98.85,2,0.5682289936898041,0.152,0.269,1,5,2.769,2.8,0.3623693379790941,0.2706155632984902,0,576.6,-30.0,0
2020-21,1610612757,Portland Trail Blazers,117.1,115.3,1.8,98.97,5,0.5770148304242376,0.112,0.273,0,1,1.761,1.8,0.4478594950603732,0.2371020856201976,0,0.0,0.0,1
2020-21,1610612743,Denver Nuggets,116.3,111.5,4.8,97.74,5,0.5885661689507057,0.136,0.292,1,-1,4.822,4.9,0.3834080717488789,0.218609865470852,0,0.0,0.0,0
2020-21,1610612743,Denver Nuggets,116.3,111.5,4.8,97.74,2,0.5885661689507057,0.136,0.292,1,-1,4.822,4.9,0.3834080717488789,0.218609865470852,0,0.0,-14.0,1
2020-21,1610612757,Portland Trail Blazers,117.1,115.3,1.8,98.97,2,0.5770148304242376,0.112,0.273,0,1,1.761,1.8,0.4478594950603732,0.2371020856201976,0,0.0,14.0,0
2020-21,1610612743,Denver Nuggets,116.3,111.5,4.8,97.74,3,0.5885661689507057,0.136,0.292,0,-1,4.822,4.9,0.3834080717488789,0.218609865470852,0,1576.7,19.0,1
2020-21,1610612757,Portland Trail Blazers,117.1,115.3,1.8,98.97,3,0.5770148304242376,0.112,0.273,1,1,1.761,1.8,0.4478594950603732,0.2371020856201976,0,1576.7,-19.0,0
2020-21,1610612757,Portland Trail Blazers,117.1,115.3,1.8,98.97,2,0.5770148304242376,0.112,0.273,1,1,1.761,1.8,0.4478594950603732,0.2371020856201976,0,0.0,-5.0,1
2020-21,1610612743,Denver Nuggets,116.3,111.5,4.8,97.74,2,0.5885661689507057,0.136,0.292,0,-1,4.822,4.9,0.3834080717488789,0.218609865470852,0,0.0,5.0,0
2020-21,1610612743,Denver Nuggets,116.3,111.5,4.8,97.74,3,0.5885661689507057,0.136,0.292,1,-1,4.822,4.9,0.3834080717488789,0.218609865470852,0,1576.7,-20.0,1
2020-21,1610612757,Portland Trail Blazers,117.1,115.3,1.8,98.97,3,0.5770148304242376,0.112,0.273,0,1,1.761,1.8,0.4478594950603732,0.2371020856201976,0,1576.7,20.0,0
2020-21,1610612743,Denver Nuggets,116.3,111.5,4.8,97.74,2,0.5885661689507057,0.136,0.292,0,-1,4.822,4.9,0.3834080717488789,0.218609865470852,0,1576.7,7.0,1
2020-21,1610612757,Portland Trail Blazers,117.1,115.3,1.8,98.97,2,0.5770148304242376,0.112,0.273,1,1,1.761,1.8,0.4478594950603732,0.2371020856201976,0,1576.7,-7.0,0
2020-21,1610612742,Dallas Mavericks,114.6,112.3,2.3,97.94,5,0.5816119551268784,0.123,0.253,0,-1,2.262,2.3,0.436426116838488,0.2428407789232531,0,0.0,0.0,1
2020-21,1610612746,LA Clippers,116.7,110.6,6.1,97.63,5,0.5987898142701067,0.135,0.27,1,-2,6.022,6.2,0.4002306805074971,0.2226066897347174,0,0.0,0.0,0
2020-21,1610612742,Dallas Mavericks,114.6,112.3,2.3,97.94,3,0.5816119551268784,0.123,0.253,0,-1,2.262,2.3,0.436426116838488,0.2428407789232531,0,0.0,10.0,1
2020-21,1610612746,LA Clippers,116.7,110.6,6.1,97.63,3,0.5987898142701067,0.135,0.27,1,-2,6.022,6.2,0.4002306805074971,0.2226066897347174,0,0.0,-10.0,0
2020-21,1610612746,LA Clippers,116.7,110.6,6.1,97.63,3,0.5987898142701067,0.135,0.27,0,-2,6.022,6.2,0.4002306805074971,0.2226066897347174,0,1999.8,-6.0,1
2020-21,1610612742,Dallas Mavericks,114.6,112.3,2.3,97.94,3,0.5816119551268784,0.123,0.253,1,-1,2.262,2.3,0.436426116838488,0.2428407789232531,0,1999.8,6.0,0
2020-21,1610612746,LA Clippers,116.7,110.6,6.1,97.63,2,0.5987898142701067,0.135,0.27,0,-2,6.022,6.2,0.4002306805074971,0.2226066897347174,0,0.0,10.0,1
2020-21,1610612742,Dallas Mavericks,114.6,112.3,2.3,97.94,2,0.5816119551268784,0.123,0.253,1,-1,2.262,2.3,0.436426116838488,0.2428407789232531,0,0.0,-10.0,0
2020-21,1610612742,Dallas Mavericks,114.6,112.3,2.3,97.94,3,0.5816119551268784,0.123,0.253,0,-1,2.262,2.3,0.436426116838488,0.2428407789232531,0,1999.8,-25.0,1
2020-21,1610612746,LA Clippers,116.7,110.6,6.1,97.63,3,0.5987898142701067,0.135,0.27,1,-2,6.022,6.2,0.4002306805074971,0.2226066897347174,0,1999.8,25.0,0
2020-21,1610612746,LA Clippers,116.7,110.6,6.1,97.63,2,0.5987898142701067,0.135,0.27,0,-2,6.022,6.2,0.4002306805074971,0.2226066897347174,0,1999.8,-5.0,1
2020-21,1610612742,Dallas Mavericks,114.6,112.3,2.3,97.94,2,0.5816119551268784,0.123,0.253,1,-1,2.262,2.3,0.436426116838488,0.2428407789232531,0,1999.8,5.0,0
2020-21,1610612746,LA Clippers,116.7,110.6,6.1,97.63,2,0.5987898142701067,0.135,0.27,1,-2,6.022,6.2,0.4002306805074971,0.2226066897347174,0,1999.8,7.0,1
2020-21,1610612742,Dallas Mavericks,114.6,112.3,2.3,97.94,2,0.5816119551268784,0.123,0.253,0,-1,2.262,2.3,0.436426116838488,0.2428407789232531,0,1999.8,-7.0,0
2020-21,1610612737,Atlanta Hawks,114.3,112.1,2.2,98.68,4,0.5810031886190827,0.133,0.284,0,4,2.19,2.3,0.3830275229357798,0.2775229357798165,0,137.6,14.0,1
2020-21,1610612755,Philadelphia 76ers,112.5,107.0,5.5,100.12,4,0.578883000407664,0.143,0.277,1,2,5.302,5.6,0.3463751438434982,0.2934407364787111,0,0.0,17.0,0
2020-21,1610612755,Philadelphia 76ers,112.5,107.0,5.5,100.12,2,0.578883000407664,0.143,0.277,1,2,5.302,5.6,0.3463751438434982,0.2934407364787111,0,0.0,-4.0,1
2020-21,1610612737,Atlanta Hawks,114.3,112.1,2.2,98.68,2,0.5810031886190827,0.133,0.284,0,4,2.19,2.3,0.3830275229357798,0.2775229357798165,0,0.0,4.0,0
2020-21,1610612755,Philadelphia 76ers,112.5,107.0,5.5,100.12,3,0.578883000407664,0.143,0.277,0,2,5.302,5.6,0.3463751438434982,0.2934407364787111,0,1067.0,16.0,1
2020-21,1610612737,Atlanta Hawks,114.3,112.1,2.2,98.68,3,0.5810031886190827,0.133,0.284,1,4,2.19,2.3,0.3830275229357798,0.2775229357798165,0,1067.0,-16.0,0
2020-21,1610612737,Atlanta Hawks,114.3,112.1,2.2,98.68,3,0.5810031886190827,0.133,0.284,1,4,2.19,2.3,0.3830275229357798,0.2775229357798165,0,0.0,-16.0,1
2020-21,1610612755,Philadelphia 76ers,112.5,107.0,5.5,100.12,3,0.578883000407664,0.143,0.277,0,2,5.302,5.6,0.3463751438434982,0.2934407364787111,0,0.0,16.0,0
2020-21,1610612737,Atlanta Hawks,114.3,112.1,2.2,98.68,2,0.5810031886190827,0.133,0.284,0,4,2.19,2.3,0.3830275229357798,0.2775229357798165,0,1067.0,3.0,1
2020-21,1610612755,Philadelphia 76ers,112.5,107.0,5.5,100.12,2,0.578883000407664,0.143,0.277,1,2,5.302,5.6,0.3463751438434982,0.2934407364787111,0,1067.0,-3.0,0
2020-21,1610612755,Philadelphia 76ers,112.5,107.0,5.5,100.12,2,0.578883000407664,0.143,0.277,0,2,5.302,5.6,0.3463751438434982,0.2934407364787111,0,1067.0,-3.0,1
2020-21,1610612737,Atlanta Hawks,114.3,112.1,2.2,98.68,2,0.5810031886190827,0.133,0.284,1,4,2.19,2.3,0.3830275229357798,0.2775229357798165,0,1067.0,3.0,0
2020-21,1610612737,Atlanta Hawks,114.3,112.1,2.2,98.68,2,0.5810031886190827,0.133,0.284,0,4,2.19,2.3,0.3830275229357798,0.2775229357798165,0,1067.0,-5.0,1
2020-21,1610612755,Philadelphia 76ers,112.5,107.0,5.5,100.12,2,0.578883000407664,0.143,0.277,1,2,5.302,5.6,0.3463751438434982,0.2934407364787111,0,1067.0,5.0,0
2020-21,1610612751,Brooklyn Nets,117.3,113.1,4.2,100.27,4,0.6100823045267489,0.134,0.252,1,5,4.241,4.5,0.4135166093928981,0.2577319587628866,0,0.0,14.0,1
2020-21,1610612749,Milwaukee Bucks,116.5,110.7,5.8,102.85,7,0.5932856465380968,0.134,0.269,0,-1,5.574,5.9,0.4041394335511983,0.233115468409586,0,1753.6,17.0,0
2020-21,1610612751,Brooklyn Nets,117.3,113.1,4.2,100.27,2,0.6100823045267489,0.134,0.252,1,5,4.241,4.5,0.4135166093928981,0.2577319587628866,0,0.0,8.0,1
2020-21,1610612749,Milwaukee Bucks,116.5,110.7,5.8,102.85,2,0.5932856465380968,0.134,0.269,0,-1,5.574,5.9,0.4041394335511983,0.233115468409586,0,0.0,-8.0,0
2020-21,1610612749,Milwaukee Bucks,116.5,110.7,5.8,102.85,3,0.5932856465380968,0.134,0.269,1,-1,5.574,5.9,0.4041394335511983,0.233115468409586,0,1182.5,-39.0,1
2020-21,1610612751,Brooklyn Nets,117.3,113.1,4.2,100.27,3,0.6100823045267489,0.134,0.252,0,5,4.241,4.5,0.4135166093928981,0.2577319587628866,0,1182.5,39.0,0
2020-21,1610612749,Milwaukee Bucks,116.5,110.7,5.8,102.85,3,0.5932856465380968,0.134,0.269,1,-1,5.574,5.9,0.4041394335511983,0.233115468409586,0,0.0,3.0,1
2020-21,1610612751,Brooklyn Nets,117.3,113.1,4.2,100.27,3,0.6100823045267489,0.134,0.252,0,5,4.241,4.5,0.4135166093928981,0.2577319587628866,0,0.0,-3.0,0
2020-21,1610612751,Brooklyn Nets,117.3,113.1,4.2,100.27,2,0.6100823045267489,0.134,0.252,1,5,4.241,4.5,0.4135166093928981,0.2577319587628866,0,1182.5,-11.0,1
2020-21,1610612749,Milwaukee Bucks,116.5,110.7,5.8,102.85,2,0.5932856465380968,0.134,0.269,0,-1,5.574,5.9,0.4041394335511983,0.233115468409586,0,1182.5,11.0,0
2020-21,1610612749,Milwaukee Bucks,116.5,110.7,5.8,102.85,2,0.5932856465380968,0.134,0.269,1,-1,5.574,5.9,0.4041394335511983,0.233115468409586,0,1182.5,-6.0,1
2020-21,1610612751,Brooklyn Nets,117.3,113.1,4.2,100.27,2,0.6100823045267489,0.134,0.252,0,5,4.241,4.5,0.4135166093928981,0.2577319587628866,0,1182.5,6.0,0
2020-21,1610612749,Milwaukee Bucks,116.5,110.7,5.8,102.85,2,0.5932856465380968,0.134,0.269,0,-1,5.574,5.9,0.4041394335511983,0.233115468409586,0,1182.5,15.0,1
2020-21,1610612751,Brooklyn Nets,117.3,113.1,4.2,100.27,2,0.6100823045267489,0.134,0.252,1,5,4.241,4.5,0.4135166093928981,0.2577319587628866,0,1182.5,-15.0,0
2020-21,1610612762,Utah Jazz,116.5,107.5,9.0,99.37,6,0.5965559655596556,0.142,0.284,1,2,8.939,9.3,0.4880817253121453,0.2440408626560726,0,0.0,16.0,1
2020-21,1610612746,LA Clippers,116.7,110.6,6.1,97.63,2,0.5987898142701067,0.135,0.27,0,-2,6.022,6.2,0.4002306805074971,0.2226066897347174,0,948.0,15.0,0
2020-21,1610612762,Utah Jazz,116.5,107.5,9.0,99.37,2,0.5965559655596556,0.142,0.284,1,2,8.939,9.3,0.4880817253121453,0.2440408626560726,0,0.0,3.0,1
2020-21,1610612746,LA Clippers,116.7,110.6,6.1,97.63,2,0.5987898142701067,0.135,0.27,0,-2,6.022,6.2,0.4002306805074971,0.2226066897347174,0,0.0,-3.0,0
2020-21,1610612746,LA Clippers,116.7,110.6,6.1,97.63,2,0.5987898142701067,0.135,0.27,1,-2,6.022,6.2,0.4002306805074971,0.2226066897347174,0,948.0,-6.0,1
2020-21,1610612762,Utah Jazz,116.5,107.5,9.0,99.37,2,0.5965559655596556,0.142,0.284,0,2,8.939,9.3,0.4880817253121453,0.2440408626560726,0,948.0,6.0,0
2020-21,1610612746,LA Clippers,116.7,110.6,6.1,97.63,2,0.5987898142701067,0.135,0.27,1,-2,6.022,6.2,0.4002306805074971,0.2226066897347174,0,0.0,26.0,1
2020-21,1610612762,Utah Jazz,116.5,107.5,9.0,99.37,2,0.5965559655596556,0.142,0.284,0,2,8.939,9.3,0.4880817253121453,0.2440408626560726,0,0.0,-26.0,0
2020-21,1610612746,LA Clippers,116.7,110.6,6.1,97.63,2,0.5987898142701067,0.135,0.27,0,-2,6.022,6.2,0.4002306805074971,0.2226066897347174,0,948.0,14.0,1
2020-21,1610612762,Utah Jazz,116.5,107.5,9.0,99.37,2,0.5965559655596556,0.142,0.284,1,2,8.939,9.3,0.4880817253121453,0.2440408626560726,0,948.0,-14.0,0
2020-21,1610612746,LA Clippers,116.7,110.6,6.1,97.63,2,0.5987898142701067,0.135,0.27,1,-2,6.022,6.2,0.4002306805074971,0.2226066897347174,0,948.0,8.0,1
2020-21,1610612762,Utah Jazz,116.5,107.5,9.0,99.37,2,0.5965559655596556,0.142,0.284,0,2,8.939,9.3,0.4880817253121453,0.2440408626560726,0,948.0,-8.0,0
2020-21,1610612756,Phoenix Suns,116.3,110.4,5.9,98.0,4,0.5972360351400631,0.126,0.248,1,3,5.675,5.8,0.391845979614949,0.2117780294450736,0,576.6,13.0,1
2020-21,1610612743,Denver Nuggets,116.3,111.5,4.8,97.74,4,0.5885661689507057,0.136,0.292,0,-1,4.822,4.9,0.3834080717488789,0.218609865470852,0,1619.4,11.0,0
2020-21,1610612756,Phoenix Suns,116.3,110.4,5.9,98.0,2,0.5972360351400631,0.126,0.248,1,3,5.675,5.8,0.391845979614949,0.2117780294450736,0,0.0,17.0,1
2020-21,1610612743,Denver Nuggets,116.3,111.5,4.8,97.74,2,0.5885661689507057,0.136,0.292,0,-1,4.822,4.9,0.3834080717488789,0.218609865470852,0,0.0,-17.0,0
2020-21,1610612756,Phoenix Suns,116.3,110.4,5.9,98.0,2,0.5972360351400631,0.126,0.248,0,3,5.675,5.8,0.391845979614949,0.2117780294450736,0,942.1,25.0,1
2020-21,1610612743,Denver Nuggets,116.3,111.5,4.8,97.74,2,0.5885661689507057,0.136,0.292,1,-1,4.822,4.9,0.3834080717488789,0.218609865470852,0,942.1,-25.0,0
2020-21,1610612756,Phoenix Suns,116.3,110.4,5.9,98.0,2,0.5972360351400631,0.126,0.248,0,3,5.675,5.8,0.391845979614949,0.2117780294450736,0,0.0,14.0,1
2020-21,1610612743,Denver Nuggets,116.3,111.5,4.8,97.74,2,0.5885661689507057,0.136,0.292,1,-1,4.822,4.9,0.3834080717488789,0.218609865470852,0,0.0,-14.0,0
2020-21,1610612737,Atlanta Hawks,114.3,112.1,2.2,98.68,3,0.5810031886190827,0.133,0.284,0,4,2.19,2.3,0.3830275229357798,0.2775229357798165,0,1116.6,7.0,1
2020-21,1610612749,Milwaukee Bucks,116.5,110.7,5.8,102.85,4,0.5932856465380968,0.134,0.269,1,-1,5.574,5.9,0.4041394335511983,0.233115468409586,0,1182.5,4.0,0
2020-21,1610612749,Milwaukee Bucks,116.5,110.7,5.8,102.85,2,0.5932856465380968,0.134,0.269,1,-1,5.574,5.9,0.4041394335511983,0.233115468409586,0,0.0,-3.0,1
2020-21,1610612737,Atlanta Hawks,114.3,112.1,2.2,98.68,2,0.5810031886190827,0.133,0.284,0,4,2.19,2.3,0.3830275229357798,0.2775229357798165,0,0.0,3.0,0
2020-21,1610612749,Milwaukee Bucks,116.5,110.7,5.8,102.85,2,0.5932856465380968,0.134,0.269,0,-1,5.574,5.9,0.4041394335511983,0.233115468409586,0,1077.1,34.0,1
2020-21,1610612737,Atlanta Hawks,114.3,112.1,2.2,98.68,2,0.5810031886190827,0.133,0.284,1,4,2.19,2.3,0.3830275229357798,0.2775229357798165,0,1077.1,-34.0,0
2020-21,1610612737,Atlanta Hawks,114.3,112.1,2.2,98.68,2,0.5810031886190827,0.133,0.284,1,4,2.19,2.3,0.3830275229357798,0.2775229357798165,0,0.0,-11.0,1
2020-21,1610612749,Milwaukee Bucks,116.5,110.7,5.8,102.85,2,0.5932856465380968,0.134,0.269,0,-1,5.574,5.9,0.4041394335511983,0.233115468409586,0,0.0,11.0,0
2020-21,1610612749,Milwaukee Bucks,116.5,110.7,5.8,102.85,2,0.5932856465380968,0.134,0.269,1,-1,5.574,5.9,0.4041394335511983,0.233115468409586,0,1077.1,-22.0,1
2020-21,1610612737,Atlanta Hawks,114.3,112.1,2.2,98.68,2,0.5810031886190827,0.133,0.284,0,4,2.19,2.3,0.3830275229357798,0.2775229357798165,0,1077.1,22.0,0
2020-21,1610612749,Milwaukee Bucks,116.5,110.7,5.8,102.85,2,0.5932856465380968,0.134,0.269,0,-1,5.574,5.9,0.4041394335511983,0.233115468409586,0,1077.1,11.0,1
2020-21,1610612737,Atlanta Hawks,114.3,112.1,2.2,98.68,2,0.5810031886190827,0.133,0.284,1,4,2.19,2.3,0.3830275229357798,0.2775229357798165,0,1077.1,-11.0,0
2020-21,1610612756,Phoenix Suns,116.3,110.4,5.9,98.0,7,0.5972360351400631,0.126,0.248,1,3,5.675,5.8,0.391845979614949,0.2117780294450736,0,942.1,7.0,1
2020-21,1610612746,LA Clippers,116.7,110.6,6.1,97.63,2,0.5987898142701067,0.135,0.27,0,-2,6.022,6.2,0.4002306805074971,0.2226066897347174,0,582.4,12.0,0
2020-21,1610612756,Phoenix Suns,116.3,110.4,5.9,98.0,2,0.5972360351400631,0.126,0.248,1,3,5.675,5.8,0.391845979614949,0.2117780294450736,0,0.0,6.0,1
2020-21,1610612746,LA Clippers,116.7,110.6,6.1,97.63,2,0.5987898142701067,0.135,0.27,0,-2,6.022,6.2,0.4002306805074971,0.2226066897347174,0,0.0,-6.0,0
2020-21,1610612746,LA Clippers,116.7,110.6,6.1,97.63,2,0.5987898142701067,0.135,0.27,1,-2,6.022,6.2,0.4002306805074971,0.2226066897347174,0,582.4,-1.0,1
2020-21,1610612756,Phoenix Suns,116.3,110.4,5.9,98.0,2,0.5972360351400631,0.126,0.248,0,3,5.675,5.8,0.391845979614949,0.2117780294450736,0,582.4,1.0,0
2020-21,1610612756,Phoenix Suns,116.3,110.4,5.9,98.0,2,0.5972360351400631,0.126,0.248,0,3,5.675,5.8,0.391845979614949,0.2117780294450736,0,0.0,-14.0,1
2020-21,1610612746,LA Clippers,116.7,110.6,6.1,97.63,2,0.5987898142701067,0.135,0.27,1,-2,6.022,6.2,0.4002306805074971,0.2226066897347174,0,0.0,14.0,0
2020-21,1610612746,LA Clippers,116.7,110.6,6.1,97.63,2,0.5987898142701067,0.135,0.27,0,-2,6.022,6.2,0.4002306805074971,0.2226066897347174,0,582.4,-4.0,1
2020-21,1610612756,Phoenix Suns,116.3,110.4,5.9,98.0,2,0.5972360351400631,0.126,0.248,1,3,5.675,5.8,0.391845979614949,0.2117780294450736,0,582.4,4.0,0
2020-21,1610612756,Phoenix Suns,116.3,110.4,5.9,98.0,2,0.5972360351400631,0.126,0.248,0,3,5.675,5.8,0.391845979614949,0.2117780294450736,0,582.4,-14.0,1
2020-21,1610612746,LA Clippers,116.7,110.6,6.1,97.63,2,0.5987898142701067,0.135,0.27,1,-2,6.022,6.2,0.4002306805074971,0.2226066897347174,0,582.4,14.0,0
2020-21,1610612756,Phoenix Suns,116.3,110.4,5.9,98.0,6,0.5972360351400631,0.126,0.248,1,3,5.675,5.8,0.391845979614949,0.2117780294450736,0,582.4,27.0,1
2020-21,1610612749,Milwaukee Bucks,116.5,110.7,5.8,102.85,3,0.5932856465380968,0.134,0.269,0,-1,5.574,5.9,0.4041394335511983,0.233115468409586,0,2555.6,11.0,0
2020-21,1610612756,Phoenix Suns,116.3,110.4,5.9,98.0,2,0.5972360351400631,0.126,0.248,1,3,5.675,5.8,0.391845979614949,0.2117780294450736,0,0.0,13.0,1
2020-21,1610612749,Milwaukee Bucks,116.5,110.7,5.8,102.85,2,0.5932856465380968,0.134,0.269,0,-1,5.574,5.9,0.4041394335511983,0.233115468409586,0,0.0,-13.0,0
2020-21,1610612749,Milwaukee Bucks,116.5,110.7,5.8,102.85,3,0.5932856465380968,0.134,0.269,1,-1,5.574,5.9,0.4041394335511983,0.233115468409586,0,2352.3,-10.0,1
2020-21,1610612756,Phoenix Suns,116.3,110.4,5.9,98.0,3,0.5972360351400631,0.126,0.248,0,3,5.675,5.8,0.391845979614949,0.2117780294450736,0,2352.3,10.0,0
2020-21,1610612749,Milwaukee Bucks,116.5,110.7,5.8,102.85,3,0.5932856465380968,0.134,0.269,1,-1,5.574,5.9,0.4041394335511983,0.233115468409586,0,0.0,20.0,1
2020-21,1610612756,Phoenix Suns,116.3,110.4,5.9,98.0,3,0.5972360351400631,0.126,0.248,0,3,5.675,5.8,0.391845979614949,0.2117780294450736,0,0.0,-20.0,0
2020-21,1610612749,Milwaukee Bucks,116.5,110.7,5.8,102.85,3,0.5932856465380968,0.134,0.269,0,-1,5.574,5.9,0.4041394335511983,0.233115468409586,0,2352.3,6.0,1
2020-21,1610612756,Phoenix Suns,116.3,110.4,5.9,98.0,3,0.5972360351400631,0.126,0.248,1,3,5.675,5.8,0.391845979614949,0.2117780294450736,0,2352.3,-6.0,0
2020-21,1610612749,Milwaukee Bucks,116.5,110.7,5.8,102.85,3,0.5932856465380968,0.134,0.269,1,-1,5.574,5.9,0.4041394335511983,0.233115468409586,0,2352.3,4.0,1
2020-21,1610612756,Phoenix Suns,116.3,110.4,5.9,98.0,3,0.5972360351400631,0.126,0.248,0,3,5.675,5.8,0.391845979614949,0.2117780294450736,0,2352.3,-4.0,0
2021-22,1610612748,Miami Heat,113.0,108.4,4.5,96.53,5,0.5837649656109366,0.149,0.278,1,-1,4.262,4.5,0.4221698113207547,0.2523584905660377,0,0.0,0.0,1
2021-22,1610612737,Atlanta Hawks,115.4,113.7,1.6,98.67,5,0.5804590671885193,0.12,0.269,0,1,1.582,1.6,0.3895809739524348,0.2525481313703284,0,0.0,0.0,0
2021-22,1610612748,Miami Heat,113.0,108.4,4.5,96.53,2,0.5837649656109366,0.149,0.278,1,-1,4.262,4.5,0.4221698113207547,0.2523584905660377,0,0.0,24.0,1
2021-22,1610612737,Atlanta Hawks,115.4,113.7,1.6,98.67,2,0.5804590671885193,0.12,0.269,0,1,1.582,1.6,0.3895809739524348,0.2525481313703284,0,0.0,-24.0,0
2021-22,1610612737,Atlanta Hawks,115.4,113.7,1.6,98.67,3,0.5804590671885193,0.12,0.269,1,1,1.582,1.6,0.3895809739524348,0.2525481313703284,0,975.2,-10.0,1
2021-22,1610612748,Miami Heat,113.0,108.4,4.5,96.53,3,0.5837649656109366,0.149,0.278,0,-1,4.262,4.5,0.4221698113207547,0.2523584905660377,0,975.2,10.0,0
2021-22,1610612748,Miami Heat,113.0,108.4,4.5,96.53,2,0.5837649656109366,0.149,0.278,0,-1,4.262,4.5,0.4221698113207547,0.2523584905660377,0,0.0,-1.0,1
2021-22,1610612737,Atlanta Hawks,115.4,113.7,1.6,98.67,2,0.5804590671885193,0.12,0.269,1,1,1.582,1.6,0.3895809739524348,0.2525481313703284,0,0.0,1.0,0
2021-22,1610612748,Miami Heat,113.0,108.4,4.5,96.53,2,0.5837649656109366,0.149,0.278,1,-1,4.262,4.5,0.4221698113207547,0.2523584905660377,0,975.2,24.0,1
2021-22,1610612737,Atlanta Hawks,115.4,113.7,1.6,98.67,2,0.5804590671885193,0.12,0.269,0,1,1.582,1.6,0.3895809739524348,0.2525481313703284,0,975.2,-24.0,0
2021-22,1610612738,Boston Celtics,113.6,106.2,7.4,97.26,5,0.5786989109279888,0.139,0.277,1,1,7.047,7.3,0.4244851258581235,0.2391304347826086,0,0.0,0.0,1
2021-22,1610612751,Brooklyn Nets,113.2,112.3,0.9,99.4,5,0.5763262139094213,0.141,0.281,0,4,0.871,0.8,0.3585972850678732,0.2454751131221719,0,0.0,0.0,0
2021-22,1610612738,Boston Celtics,113.6,106.2,7.4,97.26,3,0.5786989109279888,0.139,0.277,1,1,7.047,7.3,0.4244851258581235,0.2391304347826086,0,0.0,1.0,1
2021-22,1610612751,Brooklyn Nets,113.2,112.3,0.9,99.4,3,0.5763262139094213,0.141,0.281,0,4,0.871,0.8,0.3585972850678732,0.2454751131221719,0,0.0,-1.0,0
2021-22,1610612738,Boston Celtics,113.6,106.2,7.4,97.26,3,0.5786989109279888,0.139,0.277,0,1,7.047,7.3,0.4244851258581235,0.2391304347826086,0,306.3,7.0,1
2021-22,1610612751,Brooklyn Nets,113.2,112.3,0.9,99.4,3,0.5763262139094213,0.141,0.281,1,4,0.871,0.8,0.3585972850678732,0.2454751131221719,0,306.3,-7.0,0
2021-22,1610612738,Boston Celtics,113.6,106.2,7.4,97.26,2,0.5786989109279888,0.139,0.277,0,1,7.047,7.3,0.4244851258581235,0.2391304347826086,0,0.0,6.0,1
2021-22,1610612751,Brooklyn Nets,113.2,112.3,0.9,99.4,2,0.5763262139094213,0.141,0.281,1,4,0.871,0.8,0.3585972850678732,0.2454751131221719,0,0.0,-6.0,0
2021-22,1610612749,Milwaukee Bucks,114.3,111.1,3.2,100.59,5,0.5805420402911255,0.133,0.269,1,-1,3.216,3.4,0.4295302013422818,0.256152125279642,0,0.0,0.0,1
2021-22,1610612741,Chicago Bulls,112.7,113.2,-0.5,98.76,5,0.5790784557907844,0.13,0.249,0,1,-0.347,-0.4,0.3314154200230149,0.2474108170310701,0,0.0,0.0,0
2021-22,1610612741,Chicago Bulls,112.7,113.2,-0.5,98.76,3,0.5790784557907844,0.13,0.249,0,1,-0.347,-0.4,0.3314154200230149,0.2474108170310701,0,0.0,-7.0,1
2021-22,1610612749,Milwaukee Bucks,114.3,111.1,3.2,100.59,3,0.5805420402911255,0.133,0.269,1,-1,3.216,3.4,0.4295302013422818,0.256152125279642,0,0.0,7.0,0
2021-22,1610612749,Milwaukee Bucks,114.3,111.1,3.2,100.59,2,0.5805420402911255,0.133,0.269,0,-1,3.216,3.4,0.4295302013422818,0.256152125279642,0,131.0,-4.0,1
2021-22,1610612741,Chicago Bulls,112.7,113.2,-0.5,98.76,2,0.5790784557907844,0.13,0.249,1,1,-0.347,-0.4,0.3314154200230149,0.2474108170310701,0,131.0,4.0,0
2021-22,1610612749,Milwaukee Bucks,114.3,111.1,3.2,100.59,2,0.5805420402911255,0.133,0.269,0,-1,3.216,3.4,0.4295302013422818,0.256152125279642,0,0.0,30.0,1
2021-22,1610612741,Chicago Bulls,112.7,113.2,-0.5,98.76,2,0.5790784557907844,0.13,0.249,1,1,-0.347,-0.4,0.3314154200230149,0.2474108170310701,0,0.0,-30.0,0
2021-22,1610612749,Milwaukee Bucks,114.3,111.1,3.2,100.59,3,0.5805420402911255,0.133,0.269,1,-1,3.216,3.4,0.4295302013422818,0.256152125279642,0,131.0,24.0,1
2021-22,1610612741,Chicago Bulls,112.7,113.2,-0.5,98.76,3,0.5790784557907844,0.13,0.249,0,1,-0.347,-0.4,0.3314154200230149,0.2474108170310701,0,131.0,-24.0,0
2021-22,1610612755,Philadelphia 76ers,113.0,110.2,2.8,96.71,5,0.5785915848881776,0.129,0.246,1,2,2.606,2.6,0.3763313609467456,0.2816568047337278,0,0.0,0.0,1
2021-22,1610612761,Toronto Raptors,112.1,109.9,2.2,96.63,5,0.5433486967577877,0.128,0.325,0,-1,2.277,2.3,0.3745892661555312,0.2332968236582694,0,0.0,0.0,0
2021-22,1610612755,Philadelphia 76ers,113.0,110.2,2.8,96.71,2,0.5785915848881776,0.129,0.246,1,2,2.606,2.6,0.3763313609467456,0.2816568047337278,0,0.0,20.0,1
2021-22,1610612761,Toronto Raptors,112.1,109.9,2.2,96.63,2,0.5433486967577877,0.128,0.325,0,-1,2.277,2.3,0.3745892661555312,0.2332968236582694,0,0.0,-20.0,0
2021-22,1610612755,Philadelphia 76ers,113.0,110.2,2.8,96.71,2,0.5785915848881776,0.129,0.246,0,2,2.606,2.6,0.3763313609467456,0.2816568047337278,0,542.8,15.0,1
2021-22,1610612761,Toronto Raptors,112.1,109.9,2.2,96.63,2,0.5433486967577877,0.128,0.325,1,-1,2.277,2.3,0.3745892661555312,0.2332968236582694,0,542.8,-15.0,0
2021-22,1610612761,Toronto Raptors,112.1,109.9,2.2,96.63,3,0.5433486967577877,0.128,0.325,1,-1,2.277,2.3,0.3745892661555312,0.2332968236582694,0,0.0,-3.0,1
2021-22,1610612755,Philadelphia 76ers,113.0,110.2,2.8,96.71,3,0.5785915848881776,0.129,0.246,0,2,2.606,2.6,0.3763313609467456,0.2816568047337278,0,0.0,3.0,0
2021-22,1610612761,Toronto Raptors,112.1,109.9,2.2,96.63,2,0.5433486967577877,0.128,0.325,0,-1,2.277,2.3,0.3745892661555312,0.2332968236582694,0,542.8,8.0,1
2021-22,1610612755,Philadelphia 76ers,113.0,110.2,2.8,96.71,2,0.5785915848881776,0.129,0.246,1,2,2.606,2.6,0.3763313609467456,0.2816568047337278,0,542.8,-8.0,0
2021-22,1610612755,Philadelphia 76ers,113.0,110.2,2.8,96.71,3,0.5785915848881776,0.129,0.246,0,2,2.606,2.6,0.3763313609467456,0.2816568047337278,0,542.8,-15.0,1
2021-22,1610612761,Toronto Raptors,112.1,109.9,2.2,96.63,3,0.5433486967577877,0.128,0.325,1,-1,2.277,2.3,0.3745892661555312,0.2332968236582694,0,542.8,15.0,0
2021-22,1610612756,Phoenix Suns,114.2,106.8,7.5,100.26,5,0.5806425507809339,0.129,0.264,1,-1,6.978,7.5,0.3540510543840177,0.220865704772475,0,0.0,0.0,1
2021-22,1610612740,New Orleans Pelicans,111.2,112.0,-0.8,98.02,5,0.5564719778429456,0.143,0.306,0,-2,-0.928,-1.0,0.3647727272727273,0.2636363636363636,0,0.0,0.0,0
2021-22,1610612740,New Orleans Pelicans,111.2,112.0,-0.8,98.02,2,0.5564719778429456,0.143,0.306,0,-2,-0.928,-1.0,0.3647727272727273,0.2636363636363636,0,0.0,-11.0,1
2021-22,1610612756,Phoenix Suns,114.2,106.8,7.5,100.26,2,0.5806425507809339,0.129,0.264,1,-1,6.978,7.5,0.3540510543840177,0.220865704772475,0,0.0,11.0,0
2021-22,1610612756,Phoenix Suns,114.2,106.8,7.5,100.26,3,0.5806425507809339,0.129,0.264,0,-1,6.978,7.5,0.3540510543840177,0.220865704772475,0,2112.2,-11.0,1
2021-22,1610612740,New Orleans Pelicans,111.2,112.0,-0.8,98.02,3,0.5564719778429456,0.143,0.306,1,-2,-0.928,-1.0,0.3647727272727273,0.2636363636363636,0,2112.2,11.0,0
2021-22,1610612740,New Orleans Pelicans,111.2,112.0,-0.8,98.02,2,0.5564719778429456,0.143,0.306,1,-2,-0.928,-1.0,0.3647727272727273,0.2636363636363636,0,0.0,-3.0,1
2021-22,1610612756,Phoenix Suns,114.2,106.8,7.5,100.26,2,0.5806425507809339,0.129,0.264,0,-1,6.978,7.5,0.3540510543840177,0.220865704772475,0,0.0,3.0,0
2021-22,1610612756,Phoenix Suns,114.2,106.8,7.5,100.26,2,0.5806425507809339,0.129,0.264,1,-1,6.978,7.5,0.3540510543840177,0.220865704772475,0,2112.2,-15.0,1
2021-22,1610612740,New Orleans Pelicans,111.2,112.0,-0.8,98.02,2,0.5564719778429456,0.143,0.306,0,-2,-0.928,-1.0,0.3647727272727273,0.2636363636363636,0,2112.2,15.0,0
2021-22,1610612756,Phoenix Suns,114.2,106.8,7.5,100.26,2,0.5806425507809339,0.129,0.264,0,-1,6.978,7.5,0.3540510543840177,0.220865704772475,0,2112.2,15.0,1
2021-22,1610612740,New Orleans Pelicans,111.2,112.0,-0.8,98.02,2,0.5564719778429456,0.143,0.306,1,-2,-0.928,-1.0,0.3647727272727273,0.2636363636363636,0,2112.2,-15.0,0
2021-22,1610612750,Minnesota Timberwolves,113.8,111.0,2.7,101.47,5,0.5728322328100905,0.141,0.284,0,-1,2.568,2.6,0.4538461538461538,0.2538461538461539,0,0.0,0.0,1
2021-22,1610612763,Memphis Grizzlies,114.3,108.9,5.3,100.52,5,0.5527715083585172,0.13,0.338,1,-1,5.392,5.7,0.3463983050847458,0.2447033898305085,0,0.0,0.0,0
2021-22,1610612763,Memphis Grizzlies,114.3,108.9,5.3,100.52,3,0.5527715083585172,0.13,0.338,1,-1,5.392,5.7,0.3463983050847458,0.2447033898305085,0,0.0,-13.0,1
2021-22,1610612750,Minnesota Timberwolves,113.8,111.0,2.7,101.47,3,0.5728322328100905,0.141,0.284,0,-1,2.568,2.6,0.4538461538461538,0.2538461538461539,0,0.0,13.0,0
2021-22,1610612763,Memphis Grizzlies,114.3,108.9,5.3,100.52,2,0.5527715083585172,0.13,0.338,0,-1,5.392,5.7,0.3463983050847458,0.2447033898305085,0,1127.9,28.0,1
2021-22,1610612750,Minnesota Timberwolves,113.8,111.0,2.7,101.47,2,0.5728322328100905,0.141,0.284,1,-1,2.568,2.6,0.4538461538461538,0.2538461538461539,0,1127.9,-28.0,0
2021-22,1610612750,Minnesota Timberwolves,113.8,111.0,2.7,101.47,2,0.5728322328100905,0.141,0.284,1,-1,2.568,2.6,0.4538461538461538,0.2538461538461539,0,0.0,-9.0,1
2021-22,1610612763,Memphis Grizzlies,114.3,108.9,5.3,100.52,2,0.5527715083585172,0.13,0.338,0,-1,5.392,5.7,0.3463983050847458,0.2447033898305085,0,0.0,9.0,0
2021-22,1610612763,Memphis Grizzlies,114.3,108.9,5.3,100.52,3,0.5527715083585172,0.13,0.338,1,-1,5.392,5.7,0.3463983050847458,0.2447033898305085,0,1127.9,-1.0,1
2021-22,1610612750,Minnesota Timberwolves,113.8,111.0,2.7,101.47,3,0.5728322328100905,0.141,0.284,0,-1,2.568,2.6,0.4538461538461538,0.2538461538461539,0,1127.9,1.0,0
2021-22,1610612763,Memphis Grizzlies,114.3,108.9,5.3,100.52,3,0.5527715083585172,0.13,0.338,0,-1,5.392,5.7,0.3463983050847458,0.2447033898305085,0,1127.9,2.0,1
2021-22,1610612750,Minnesota Timberwolves,113.8,111.0,2.7,101.47,3,0.5728322328100905,0.141,0.284,1,-1,2.568,2.6,0.4538461538461538,0.2538461538461539,0,1127.9,-2.0,0
2021-22,1610612744,Golden State Warriors,112.1,106.6,5.5,98.74,5,0.5821759744891536,0.15,0.269,1,5,5.498,5.5,0.4560185185185185,0.2349537037037037,0,0.0,0.0,1
2021-22,1610612743,Denver Nuggets,113.8,111.5,2.3,98.41,5,0.5898053171446516,0.146,0.268,0,-1,2.228,2.3,0.4159907300115875,0.2433371958285052,0,0.0,0.0,0
2021-22,1610612744,Golden State Warriors,112.1,106.6,5.5,98.74,2,0.5821759744891536,0.15,0.269,1,5,5.498,5.5,0.4560185185185185,0.2349537037037037,0,0.0,16.0,1
2021-22,1610612743,Denver Nuggets,113.8,111.5,2.3,98.41,2,0.5898053171446516,0.146,0.268,0,-1,2.228,2.3,0.4159907300115875,0.2433371958285052,0,0.0,-16.0,0
2021-22,1610612744,Golden State Warriors,112.1,106.6,5.5,98.74,3,0.5821759744891536,0.15,0.269,0,5,5.498,5.5,0.4560185185185185,0.2349537037037037,0,1520.5,20.0,1
2021-22,1610612743,Denver Nuggets,113.8,111.5,2.3,98.41,3,0.5898053171446516,0.146,0.268,1,-1,2.228,2.3,0.4159907300115875,0.2433371958285052,0,1520.5,-20.0,0
2021-22,1610612743,Denver Nuggets,113.8,111.5,2.3,98.41,3,0.5898053171446516,0.146,0.268,1,-1,2.228,2.3,0.4159907300115875,0.2433371958285052,0,0.0,-5.0,1
2021-22,1610612744,Golden State Warriors,112.1,106.6,5.5,98.74,3,0.5821759744891536,0.15,0.269,0,5,5.498,5.5,0.4560185185185185,0.2349537037037037,0,0.0,5.0,0
2021-22,1610612744,Golden State Warriors,112.1,106.6,5.5,98.74,3,0.5821759744891536,0.15,0.269,1,5,5.498,5.5,0.4560185185185185,0.2349537037037037,0,1520.5,-5.0,1
2021-22,1610612743,Denver Nuggets,113.8,111.5,2.3,98.41,3,0.5898053171446516,0.146,0.268,0,-1,2.228,2.3,0.4159907300115875,0.2433371958285052,0,1520.5,5.0,0
2021-22,1610612762,Utah Jazz,116.2,110.0,6.2,97.5,5,0.588625435251202,0.143,0.3,0,1,5.868,6.0,0.4675174013921113,0.2714617169373549,0,0.0,0.0,1
2021-22,1610612742,Dallas Mavericks,112.5,109.1,3.5,95.64,5,0.5718642775447961,0.13,0.256,1,4,3.159,3.3,0.4394829612220917,0.2491186839012926,0,0.0,0.0,0
2021-22,1610612742,Dallas Mavericks,112.5,109.1,3.5,95.64,2,0.5718642775447961,0.13,0.256,1,4,3.159,3.3,0.4394829612220917,0.2491186839012926,0,0.0,-6.0,1
2021-22,1610612762,Utah Jazz,116.2,110.0,6.2,97.5,2,0.588625435251202,0.143,0.3,0,1,5.868,6.0,0.4675174013921113,0.2714617169373549,0,0.0,6.0,0
2021-22,1610612742,Dallas Mavericks,112.5,109.1,3.5,95.64,3,0.5718642775447961,0.13,0.256,0,4,3.159,3.3,0.4394829612220917,0.2491186839012926,0,1606.8,6.0,1
2021-22,1610612762,Utah Jazz,116.2,110.0,6.2,97.5,3,0.588625435251202,0.143,0.3,1,1,5.868,6.0,0.4675174013921113,0.2714617169373549,0,1606.8,-6.0,0
2021-22,1610612762,Utah Jazz,116.2,110.0,6.2,97.5,2,0.588625435251202,0.143,0.3,1,1,5.868,6.0,0.4675174013921113,0.2714617169373549,0,0.0,-8.0,1
2021-22,1610612742,Dallas Mavericks,112.5,109.1,3.5,95.64,2,0.5718642775447961,0.13,0.256,0,4,3.159,3.3,0.4394829612220917,0.2491186839012926,0,0.0,8.0,0
2021-22,1610612742,Dallas Mavericks,112.5,109.1,3.5,95.64,2,0.5718642775447961,0.13,0.256,1,4,3.159,3.3,0.4394829612220917,0.2491186839012926,0,1606.8,-1.0,1
2021-22,1610612762,Utah Jazz,116.2,110.0,6.2,97.5,2,0.588625435251202,0.143,0.3,0,1,5.868,6.0,0.4675174013921113,0.2714617169373549,0,1606.8,1.0,0
2021-22,1610612742,Dallas Mavericks,112.5,109.1,3.5,95.64,3,0.5718642775447961,0.13,0.256,0,4,3.159,3.3,0.4394829612220917,0.2491186839012926,0,1606.8,25.0,1
2021-22,1610612762,Utah Jazz,116.2,110.0,6.2,97.5,3,0.588625435251202,0.143,0.3,1,1,5.868,6.0,0.4675174013921113,0.2714617169373549,0,1606.8,-25.0,0
2021-22,1610612748,Miami Heat,113.0,108.4,4.5,96.53,6,0.5837649656109366,0.149,0.278,1,-1,4.262,4.5,0.4221698113207547,0.2523584905660377,0,0.0,3.0,1
2021-22,1610612755,Philadelphia 76ers,113.0,110.2,2.8,96.71,4,0.5785915848881776,0.129,0.246,0,2,2.606,2.6,0.3763313609467456,0.2816568047337278,0,1987.5,35.0,0
2021-22,1610612748,Miami Heat,113.0,108.4,4.5,96.53,2,0.5837649656109366,0.149,0.278,1,-1,4.262,4.5,0.4221698113207547,0.2523584905660377,0,0.0,14.0,1
2021-22,1610612755,Philadelphia 76ers,113.0,110.2,2.8,96.71,2,0.5785915848881776,0.129,0.246,0,2,2.606,2.6,0.3763313609467456,0.2816568047337278,0,0.0,-14.0,0
2021-22,1610612755,Philadelphia 76ers,113.0,110.2,2.8,96.71,2,0.5785915848881776,0.129,0.246,1,2,2.606,2.6,0.3763313609467456,0.2816568047337278,0,1637.7,-16.0,1
2021-22,1610612748,Miami Heat,113.0,108.4,4.5,96.53,2,0.5837649656109366,0.149,0.278,0,-1,4.262,4.5,0.4221698113207547,0.2523584905660377,0,1637.7,16.0,0
2021-22,1610612755,Philadelphia 76ers,113.0,110.2,2.8,96.71,2,0.5785915848881776,0.129,0.246,1,2,2.606,2.6,0.3763313609467456,0.2816568047337278,0,0.0,20.0,1
2021-22,1610612748,Miami Heat,113.0,108.4,4.5,96.53,2,0.5837649656109366,0.149,0.278,0,-1,4.262,4.5,0.4221698113207547,0.2523584905660377,0,0.0,-20.0,0
2021-22,1610612748,Miami Heat,113.0,108.4,4.5,96.53,2,0.5837649656109366,0.149,0.278,1,-1,4.262,4.5,0.4221698113207547,0.2523584905660377,0,1637.7,-8.0,1
2021-22,1610612755,Philadelphia 76ers,113.0,110.2,2.8,96.71,2,0.5785915848881776,0.129,0.246,0,2,2.606,2.6,0.3763313609467456,0.2816568047337278,0,1637.7,8.0,0
2021-22,1610612748,Miami Heat,113.0,108.4,4.5,96.53,2,0.5837649656109366,0.149,0.278,0,-1,4.262,4.5,0.4221698113207547,0.2523584905660377,0,1637.7,35.0,1
2021-22,1610612755,Philadelphia 76ers,113.0,110.2,2.8,96.71,2,0.5785915848881776,0.129,0.246,1,2,2.606,2.6,0.3763313609467456,0.2816568047337278,0,1637.7,-35.0,0
2021-22,1610612749,Milwaukee Bucks,114.3,111.1,3.2,100.59,4,0.5805420402911255,0.133,0.269,0,-1,3.216,3.4,0.4295302013422818,0.256152125279642,0,1377.0,16.0,1
2021-22,1610612738,Boston Celtics,113.6,106.2,7.4,97.26,6,0.5786989109279888,0.139,0.277,1,1,7.047,7.3,0.4244851258581235,0.2391304347826086,0,306.3,4.0,0
2021-22,1610612738,Boston Celtics,113.6,106.2,7.4,97.26,2,0.5786989109279888,0.139,0.277,1,1,7.047,7.3,0.4244851258581235,0.2391304347826086,0,0.0,-12.0,1
2021-22,1610612749,Milwaukee Bucks,114.3,111.1,3.2,100.59,2,0.5805420402911255,0.133,0.269,0,-1,3.216,3.4,0.4295302013422818,0.256152125279642,0,0.0,12.0,0
2021-22,1610612749,Milwaukee Bucks,114.3,111.1,3.2,100.59,4,0.5805420402911255,0.133,0.269,1,-1,3.216,3.4,0.4295302013422818,0.256152125279642,0,1377.0,-23.0,1
2021-22,1610612738,Boston Celtics,113.6,106.2,7.4,97.26,4,0.5786989109279888,0.139,0.277,0,1,7.047,7.3,0.4244851258581235,0.2391304347826086,0,1377.0,23.0,0
2021-22,1610612738,Boston Celtics,113.6,106.2,7.4,97.26,2,0.5786989109279888,0.139,0.277,0,1,7.047,7.3,0.4244851258581235,0.2391304347826086,0,0.0,-2.0,1
2021-22,1610612749,Milwaukee Bucks,114.3,111.1,3.2,100.59,2,0.5805420402911255,0.133,0.269,1,-1,3.216,3.4,0.4295302013422818,0.256152125279642,0,0.0,2.0,0
2021-22,1610612749,Milwaukee Bucks,114.3,111.1,3.2,100.59,2,0.5805420402911255,0.133,0.269,0,-1,3.216,3.4,0.4295302013422818,0.256152125279642,0,1377.0,-8.0,1
2021-22,1610612738,Boston Celtics,113.6,106.2,7.4,97.26,2,0.5786989109279888,0.139,0.277,1,1,7.047,7.3,0.4244851258581235,0.2391304347826086,0,1377.0,8.0,0
2021-22,1610612738,Boston Celtics,113.6,106.2,7.4,97.26,2,0.5786989109279888,0.139,0.277,0,1,7.047,7.3,0.4244851258581235,0.2391304347826086,0,1377.0,-3.0,1
2021-22,1610612749,Milwaukee Bucks,114.3,111.1,3.2,100.59,2,0.5805420402911255,0.133,0.269,1,-1,3.216,3.4,0.4295302013422818,0.256152125279642,0,1377.0,3.0,0
2021-22,1610612738,Boston Celtics,113.6,106.2,7.4,97.26,2,0.5786989109279888,0.139,0.277,1,1,7.047,7.3,0.4244851258581235,0.2391304347826086,0,1377.0,13.0,1
2021-22,1610612749,Milwaukee Bucks,114.3,111.1,3.2,100.59,2,0.5805420402911255,0.133,0.269,0,-1,3.216,3.4,0.4295302013422818,0.256152125279642,0,1377.0,-13.0,0
2021-22,1610612756,Phoenix Suns,114.2,106.8,7.5,100.26,4,0.5806425507809339,0.129,0.264,1,-1,6.978,7.5,0.3540510543840177,0.220865704772475,0,2112.2,6.0,1
2021-22,1610612742,Dallas Mavericks,112.5,109.1,3.5,95.64,4,0.5718642775447961,0.13,0.256,0,4,3.159,3.3,0.4394829612220917,0.2491186839012926,0,814.3,2.0,0
2021-22,1610612756,Phoenix Suns,114.2,106.8,7.5,100.26,2,0.5806425507809339,0.129,0.264,1,-1,6.978,7.5,0.3540510543840177,0.220865704772475,0,0.0,7.0,1
2021-22,1610612742,Dallas Mavericks,112.5,109.1,3.5,95.64,2,0.5718642775447961,0.13,0.256,0,4,3.159,3.3,0.4394829612220917,0.2491186839012926,0,0.0,-7.0,0
2021-22,1610612742,Dallas Mavericks,112.5,109.1,3.5,95.64,2,0.5718642775447961,0.13,0.256,1,4,3.159,3.3,0.4394829612220917,0.2491186839012926,0,1421.9,-20.0,1
2021-22,1610612756,Phoenix Suns,114.2,106.8,7.5,100.26,2,0.5806425507809339,0.129,0.264,0,-1,6.978,7.5,0.3540510543840177,0.220865704772475,0,1421.9,20.0,0
2021-22,1610612742,Dallas Mavericks,112.5,109.1,3.5,95.64,2,0.5718642775447961,0.13,0.256,1,4,3.159,3.3,0.4394829612220917,0.2491186839012926,0,0.0,9.0,1
2021-22,1610612756,Phoenix Suns,114.2,106.8,7.5,100.26,2,0.5806425507809339,0.129,0.264,0,-1,6.978,7.5,0.3540510543840177,0.220865704772475,0,0.0,-9.0,0
2021-22,1610612756,Phoenix Suns,114.2,106.8,7.5,100.26,2,0.5806425507809339,0.129,0.264,1,-1,6.978,7.5,0.3540510543840177,0.220865704772475,0,1421.9,-10.0,1
2021-22,1610612742,Dallas Mavericks,112.5,109.1,3.5,95.64,2,0.5718642775447961,0.13,0.256,0,4,3.159,3.3,0.4394829612220917,0.2491186839012926,0,1421.9,10.0,0
2021-22,1610612742,Dallas Mavericks,112.5,109.1,3.5,95.64,2,0.5718642775447961,0.13,0.256,1,4,3.159,3.3,0.4394829612220917,0.2491186839012926,0,1421.9,-30.0,1
2021-22,1610612756,Phoenix Suns,114.2,106.8,7.5,100.26,2,0.5806425507809339,0.129,0.264,0,-1,6.978,7.5,0.3540510543840177,0.220865704772475,0,1421.9,30.0,0
2021-22,1610612742,Dallas Mavericks,112.5,109.1,3.5,95.64,3,0.5718642775447961,0.13,0.256,0,4,3.159,3.3,0.4394829612220917,0.2491186839012926,0,1421.9,27.0,1
2021-22,1610612756,Phoenix Suns,114.2,106.8,7.5,100.26,3,0.5806425507809339,0.129,0.264,1,-1,6.978,7.5,0.3540510543840177,0.220865704772475,0,1421.9,-27.0,0
2021-22,1610612744,Golden State Warriors,112.1,106.6,5.5,98.74,4,0.5821759744891536,0.15,0.269,0,5,5.498,5.5,0.4560185185185185,0.2349537037037037,0,2892.4,4.0,1
2021-22,1610612763,Memphis Grizzlies,114.3,108.9,5.3,100.52,2,0.5527715083585172,0.13,0.338,1,-1,5.392,5.7,0.3463983050847458,0.2447033898305085,0,1127.9,8.0,0
2021-22,1610612763,Memphis Grizzlies,114.3,108.9,5.3,100.52,2,0.5527715083585172,0.13,0.338,1,-1,5.392,5.7,0.3463983050847458,0.2447033898305085,0,0.0,-1.0,1
2021-22,1610612744,Golden State Warriors,112.1,106.6,5.5,98.74,2,0.5821759744891536,0.15,0.269,0,5,5.498,5.5,0.4560185185185185,0.2349537037037037,0,0.0,1.0,0
2021-22,1610612744,Golden State Warriors,112.1,106.6,5.5,98.74,4,0.5821759744891536,0.15,0.269,1,5,5.498,5.5,0.4560185185185185,0.2349537037037037,0,2892.4,-5.0,1
2021-22,1610612763,Memphis Grizzlies,114.3,108.9,5.3,100.52,4,0.5527715083585172,0.13,0.338,0,-1,5.392,5.7,0.3463983050847458,0.2447033898305085,0,2892.4,5.0,0
2021-22,1610612744,Golden State Warriors,112.1,106.6,5.5,98.74,2,0.5821759744891536,0.15,0.269,1,5,5.498,5.5,0.4560185185185185,0.2349537037037037,0,0.0,30.0,1
2021-22,1610612763,Memphis Grizzlies,114.3,108.9,5.3,100.52,2,0.5527715083585172,0.13,0.338,0,-1,5.392,5.7,0.3463983050847458,0.2447033898305085,0,0.0,-30.0,0
2021-22,1610612763,Memphis Grizzlies,114.3,108.9,5.3,100.52,2,0.5527715083585172,0.13,0.338,1,-1,5.392,5.7,0.3463983050847458,0.2447033898305085,0,2892.4,-3.0,1
2021-22,1610612744,Golden State Warriors,112.1,106.6,5.5,98.74,2,0.5821759744891536,0.15,0.269,0,5,5.498,5.5,0.4560185185185185,0.2349537037037037,0,2892.4,3.0,0
2021-22,1610612744,Golden State Warriors,112.1,106.6,5.5,98.74,2,0.5821759744891536,0.15,0.269,1,5,5.498,5.5,0.4560185185185185,0.2349537037037037,0,2892.4,-39.0,1
2021-22,1610612763,Memphis Grizzlies,114.3,108.9,5.3,100.52,2,0.5527715083585172,0.13,0.338,0,-1,5.392,5.7,0.3463983050847458,0.2447033898305085,0,2892.4,39.0,0
2021-22,1610612748,Miami Heat,113.0,108.4,4.5,96.53,5,0.5837649656109366,0.149,0.278,1,-1,4.262,4.5,0.4221698113207547,0.2523584905660377,0,1637.7,9.0,1
2021-22,1610612738,Boston Celtics,113.6,106.2,7.4,97.26,2,0.5786989109279888,0.139,0.277,0,1,7.047,7.3,0.4244851258581235,0.2391304347826086,0,2023.6,28.0,0
2021-22,1610612738,Boston Celtics,113.6,106.2,7.4,97.26,2,0.5786989109279888,0.139,0.277,0,1,7.047,7.3,0.4244851258581235,0.2391304347826086,0,0.0,-11.0,1
2021-22,1610612748,Miami Heat,113.0,108.4,4.5,96.53,2,0.5837649656109366,0.149,0.278,1,-1,4.262,4.5,0.4221698113207547,0.2523584905660377,0,0.0,11.0,0
2021-22,1610612748,Miami Heat,113.0,108.4,4.5,96.53,2,0.5837649656109366,0.149,0.278,0,-1,4.262,4.5,0.4221698113207547,0.2523584905660377,0,2023.6,-25.0,1
2021-22,1610612738,Boston Celtics,113.6,106.2,7.4,97.26,2,0.5786989109279888,0.139,0.277,1,1,7.047,7.3,0.4244851258581235,0.2391304347826086,0,2023.6,25.0,0
2021-22,1610612738,Boston Celtics,113.6,106.2,7.4,97.26,2,0.5786989109279888,0.139,0.277,1,1,7.047,7.3,0.4244851258581235,0.2391304347826086,0,0.0,-6.0,1
2021-22,1610612748,Miami Heat,113.0,108.4,4.5,96.53,2,0.5837649656109366,0.149,0.278,0,-1,4.262,4.5,0.4221698113207547,0.2523584905660377,0,0.0,6.0,0
2021-22,1610612738,Boston Celtics,113.6,106.2,7.4,97.26,2,0.5786989109279888,0.139,0.277,0,1,7.047,7.3,0.4244851258581235,0.2391304347826086,0,2023.6,20.0,1
2021-22,1610612748,Miami Heat,113.0,108.4,4.5,96.53,2,0.5837649656109366,0.149,0.278,1,-1,4.262,4.5,0.4221698113207547,0.2523584905660377,0,2023.6,-20.0,0
2021-22,1610612748,Miami Heat,113.0,108.4,4.5,96.53,2,0.5837649656109366,0.149,0.278,0,-1,4.262,4.5,0.4221698113207547,0.2523584905660377,0,2023.6,-13.0,1
2021-22,1610612738,Boston Celtics,113.6,106.2,7.4,97.26,2,0.5786989109279888,0.139,0.277,1,1,7.047,7.3,0.4244851258581235,0.2391304347826086,0,2023.6,13.0,0
2021-22,1610612738,Boston Celtics,113.6,106.2,7.4,97.26,2,0.5786989109279888,0.139,0.277,0,1,7.047,7.3,0.4244851258581235,0.2391304347826086,0,2023.6,-8.0,1
2021-22,1610612748,Miami Heat,113.0,108.4,4.5,96.53,2,0.5837649656109366,0.149,0.278,1,-1,4.262,4.5,0.4221698113207547,0.2523584905660377,0,2023.6,8.0,0
2021-22,1610612744,Golden State Warriors,112.1,106.6,5.5,98.74,5,0.5821759744891536,0.15,0.269,1,5,5.498,5.5,0.4560185185185185,0.2349537037037037,0,0.0,14.0,1
2021-22,1610612742,Dallas Mavericks,112.5,109.1,3.5,95.64,3,0.5718642775447961,0.13,0.256,0,4,3.159,3.3,0.4394829612220917,0.2491186839012926,0,1048.3,33.0,0
2021-22,1610612744,Golden State Warriors,112.1,106.6,5.5,98.74,2,0.5821759744891536,0.15,0.269,1,5,5.498,5.5,0.4560185185185185,0.2349537037037037,0,0.0,25.0,1
2021-22,1610612742,Dallas Mavericks,112.5,109.1,3.5,95.64,2,0.5718642775447961,0.13,0.256,0,4,3.159,3.3,0.4394829612220917,0.2491186839012926,0,0.0,-25.0,0
2021-22,1610612744,Golden State Warriors,112.1,106.6,5.5,98.74,2,0.5821759744891536,0.15,0.269,0,5,5.498,5.5,0.4560185185185185,0.2349537037037037,0,2378.7,9.0,1
2021-22,1610612742,Dallas Mavericks,112.5,109.1,3.5,95.64,2,0.5718642775447961,0.13,0.256,1,4,3.159,3.3,0.4394829612220917,0.2491186839012926,0,2378.7,-9.0,0
2021-22,1610612742,Dallas Mavericks,112.5,109.1,3.5,95.64,2,0.5718642775447961,0.13,0.256,1,4,3.159,3.3,0.4394829612220917,0.2491186839012926,0,0.0,-9.0,1
2021-22,1610612744,Golden State Warriors,112.1,106.6,5.5,98.74,2,0.5821759744891536,0.15,0.269,0,5,5.498,5.5,0.4560185185185185,0.2349537037037037,0,0.0,9.0,0
2021-22,1610612744,Golden State Warriors,112.1,106.6,5.5,98.74,2,0.5821759744891536,0.15,0.269,1,5,5.498,5.5,0.4560185185185185,0.2349537037037037,0,2378.7,-10.0,1
2021-22,1610612742,Dallas Mavericks,112.5,109.1,3.5,95.64,2,0.5718642775447961,0.13,0.256,0,4,3.159,3.3,0.4394829612220917,0.2491186839012926,0,2378.7,10.0,0
2021-22,1610612738,Boston Celtics,113.6,106.2,7.4,97.26,4,0.5786989109279888,0.139,0.277,0,1,7.047,7.3,0.4244851258581235,0.2391304347826086,0,4166.2,4.0,1
2021-22,1610612744,Golden State Warriors,112.1,106.6,5.5,98.74,7,0.5821759744891536,0.15,0.269,1,5,5.498,5.5,0.4560185185185185,0.2349537037037037,0,0.0,10.0,0
2021-22,1610612744,Golden State Warriors,112.1,106.6,5.5,98.74,3,0.5821759744891536,0.15,0.269,1,5,5.498,5.5,0.4560185185185185,0.2349537037037037,0,0.0,-12.0,1
2021-22,1610612738,Boston Celtics,113.6,106.2,7.4,97.26,3,0.5786989109279888,0.139,0.277,0,1,7.047,7.3,0.4244851258581235,0.2391304347826086,0,0.0,12.0,0
2021-22,1610612738,Boston Celtics,113.6,106.2,7.4,97.26,3,0.5786989109279888,0.139,0.277,1,1,7.047,7.3,0.4244851258581235,0.2391304347826086,0,4331.0,-19.0,1
2021-22,1610612744,Golden State Warriors,112.1,106.6,5.5,98.74,3,0.5821759744891536,0.15,0.269,0,5,5.498,5.5,0.4560185185185185,0.2349537037037037,0,4331.0,19.0,0
2021-22,1610612744,Golden State Warriors,112.1,106.6,5.5,98.74,2,0.5821759744891536,0.15,0.269,0,5,5.498,5.5,0.4560185185185185,0.2349537037037037,0,0.0,-16.0,1
2021-22,1610612738,Boston Celtics,113.6,106.2,7.4,97.26,2,0.5786989109279888,0.139,0.277,1,1,7.047,7.3,0.4244851258581235,0.2391304347826086,0,0.0,16.0,0
2021-22,1610612744,Golden State Warriors,112.1,106.6,5.5,98.74,3,0.5821759744891536,0.15,0.269,1,5,5.498,5.5,0.4560185185185185,0.2349537037037037,0,4331.0,10.0,1
2021-22,1610612738,Boston Celtics,113.6,106.2,7.4,97.26,3,0.5786989109279888,0.139,0.277,0,1,7.047,7.3,0.4244851258581235,0.2391304347826086,0,4331.0,-10.0,0
2021-22,1610612744,Golden State Warriors,112.1,106.6,5.5,98.74,3,0.5821759744891536,0.15,0.269,0,5,5.498,5.5,0.4560185185185185,0.2349537037037037,0,4331.0,10.0,1
2021-22,1610612738,Boston Celtics,113.6,106.2,7.4,97.26,3,0.5786989109279888,0.139,0.277,1,1,7.047,7.3,0.4244851258581235,0.2391304347826086,0,4331.0,-10.0,0
2022-23,1610612748,Miami Heat,112.3,112.8,-0.5,96.76,5,0.5737790819534688,0.138,0.274,0,1,-0.098,-0.3,0.4079718640093786,0.2696365767878077,0,0.0,0.0,1
2022-23,1610612749,Milwaukee Bucks,114.3,110.9,3.4,101.45,5,0.5830075007979573,0.143,0.284,1,-2,3.647,3.6,0.4457964601769911,0.247787610619469,0,0.0,0.0,0
2022-23,1610612749,Milwaukee Bucks,114.3,110.9,3.4,101.45,3,0.5830075007979573,0.143,0.284,1,-2,3.647,3.6,0.4457964601769911,0.247787610619469,0,0.0,-13.0,1
2022-23,1610612748,Miami Heat,112.3,112.8,-0.5,96.76,3,0.5737790819534688,0.138,0.274,0,1,-0.098,-0.3,0.4079718640093786,0.2696365767878077,0,0.0,13.0,0
2022-23,1610612748,Miami Heat,112.3,112.8,-0.5,96.76,3,0.5737790819534688,0.138,0.274,1,1,-0.098,-0.3,0.4079718640093786,0.2696365767878077,0,2044.1,-16.0,1
2022-23,1610612749,Milwaukee Bucks,114.3,110.9,3.4,101.45,3,0.5830075007979573,0.143,0.284,0,-2,3.647,3.6,0.4457964601769911,0.247787610619469,0,2044.1,16.0,0
2022-23,1610612748,Miami Heat,112.3,112.8,-0.5,96.76,2,0.5737790819534688,0.138,0.274,1,1,-0.098,-0.3,0.4079718640093786,0.2696365767878077,0,0.0,22.0,1
2022-23,1610612749,Milwaukee Bucks,114.3,110.9,3.4,101.45,2,0.5830075007979573,0.143,0.284,0,-2,3.647,3.6,0.4457964601769911,0.247787610619469,0,0.0,-22.0,0
2022-23,1610612748,Miami Heat,112.3,112.8,-0.5,96.76,2,0.5737790819534688,0.138,0.274,0,1,-0.098,-0.3,0.4079718640093786,0.2696365767878077,0,2044.1,5.0,1
2022-23,1610612749,Milwaukee Bucks,114.3,110.9,3.4,101.45,2,0.5830075007979573,0.143,0.284,1,-2,3.647,3.6,0.4457964601769911,0.247787610619469,0,2044.1,-5.0,0
2022-23,1610612738,Boston Celtics,117.3,110.6,6.7,99.15,5,0.59967041015625,0.133,0.255,1,3,6.348,6.5,0.4797297297297297,0.2432432432432432,0,0.0,0.0,1
2022-23,1610612737,Atlanta Hawks,115.5,115.4,0.1,101.56,5,0.5784413351051356,0.126,0.289,0,-2,0.444,0.3,0.33008658008658,0.2445887445887445,0,0.0,0.0,0
2022-23,1610612738,Boston Celtics,117.3,110.6,6.7,99.15,3,0.59967041015625,0.133,0.255,1,3,6.348,6.5,0.4797297297297297,0.2432432432432432,0,0.0,13.0,1
2022-23,1610612737,Atlanta Hawks,115.5,115.4,0.1,101.56,3,0.5784413351051356,0.126,0.289,0,-2,0.444,0.3,0.33008658008658,0.2445887445887445,0,0.0,-13.0,0
2022-23,1610612737,Atlanta Hawks,115.5,115.4,0.1,101.56,3,0.5784413351051356,0.126,0.289,1,-2,0.444,0.3,0.33008658008658,0.2445887445887445,0,1506.5,-13.0,1
2022-23,1610612738,Boston Celtics,117.3,110.6,6.7,99.15,3,0.59967041015625,0.133,0.255,0,3,6.348,6.5,0.4797297297297297,0.2432432432432432,0,1506.5,13.0,0
2022-23,1610612738,Boston Celtics,117.3,110.6,6.7,99.15,2,0.59967041015625,0.133,0.255,0,3,6.348,6.5,0.4797297297297297,0.2432432432432432,0,0.0,-8.0,1
2022-23,1610612737,Atlanta Hawks,115.5,115.4,0.1,101.56,2,0.5784413351051356,0.126,0.289,1,-2,0.444,0.3,0.33008658008658,0.2445887445887445,0,0.0,8.0,0
2022-23,1610612737,Atlanta Hawks,115.5,115.4,0.1,101.56,2,0.5784413351051356,0.126,0.289,0,-2,0.444,0.3,0.33008658008658,0.2445887445887445,0,1506.5,-8.0,1
2022-23,1610612738,Boston Celtics,117.3,110.6,6.7,99.15,2,0.59967041015625,0.133,0.255,1,3,6.348,6.5,0.4797297297297297,0.2432432432432432,0,1506.5,8.0,0
2022-23,1610612738,Boston Celtics,117.3,110.6,6.7,99.15,2,0.59967041015625,0.133,0.255,0,3,6.348,6.5,0.4797297297297297,0.2432432432432432,0,1506.5,-2.0,1
2022-23,1610612737,Atlanta Hawks,115.5,115.4,0.1,101.56,2,0.5784413351051356,0.126,0.289,1,-2,0.444,0.3,0.33008658008658,0.2445887445887445,0,1506.5,2.0,0
2022-23,1610612755,Philadelphia 76ers,117.0,112.7,4.4,97.44,5,0.607313061448273,0.139,0.258,1,2,4.409,4.3,0.3890214797136038,0.2995226730310262,0,0.0,0.0,1
2022-23,1610612751,Brooklyn Nets,114.6,113.5,1.1,98.77,5,0.5979498861047836,0.139,0.234,0,-1,1.066,0.9,0.3971797884841363,0.2596944770857814,0,0.0,0.0,0
2022-23,1610612755,Philadelphia 76ers,117.0,112.7,4.4,97.44,2,0.607313061448273,0.139,0.258,1,2,4.409,4.3,0.3890214797136038,0.2995226730310262,0,0.0,20.0,1
2022-23,1610612751,Brooklyn Nets,114.6,113.5,1.1,98.77,2,0.5979498861047836,0.139,0.234,0,-1,1.066,0.9,0.3971797884841363,0.2596944770857814,0,0.0,-20.0,0
2022-23,1610612755,Philadelphia 76ers,117.0,112.7,4.4,97.44,3,0.607313061448273,0.139,0.258,0,2,4.409,4.3,0.3890214797136038,0.2995226730310262,0,133.7,12.0,1
2022-23,1610612751,Brooklyn Nets,114.6,113.5,1.1,98.77,3,0.5979498861047836,0.139,0.234,1,-1,1.066,0.9,0.3971797884841363,0.2596944770857814,0,133.7,-12.0,0
2022-23,1610612755,Philadelphia 76ers,117.0,112.7,4.4,97.44,2,0.607313061448273,0.139,0.258,0,2,4.409,4.3,0.3890214797136038,0.2995226730310262,0,0.0,5.0,1
2022-23,1610612751,Brooklyn Nets,114.6,113.5,1.1,98.77,2,0.5979498861047836,0.139,0.234,1,-1,1.066,0.9,0.3971797884841363,0.2596944770857814,0,0.0,-5.0,0
2022-23,1610612752,New York Knicks,117.0,114.2,2.8,97.75,5,0.5764261578215066,0.131,0.318,0,-2,3.051,2.9,0.3993288590604026,0.285234899328859,0,0.0,0.0,1
2022-23,1610612739,Cleveland Cavaliers,115.5,109.9,5.6,96.27,5,0.5904311251314405,0.137,0.273,1,-1,5.217,5.4,0.3708920187793427,0.2640845070422535,0,0.0,0.0,0
2022-23,1610612739,Cleveland Cavaliers,115.5,109.9,5.6,96.27,3,0.5904311251314405,0.137,0.273,1,-1,5.217,5.4,0.3708920187793427,0.2640845070422535,0,0.0,-4.0,1
2022-23,1610612752,New York Knicks,117.0,114.2,2.8,97.75,3,0.5764261578215066,0.131,0.318,0,-2,3.051,2.9,0.3993288590604026,0.285234899328859,0,0.0,4.0,0
2022-23,1610612752,New York Knicks,117.0,114.2,2.8,97.75,3,0.5764261578215066,0.131,0.318,1,-2,3.051,2.9,0.3993288590604026,0.285234899328859,0,649.6,-17.0,1
2022-23,1610612739,Cleveland Cavaliers,115.5,109.9,5.6,96.27,3,0.5904311251314405,0.137,0.273,0,-1,5.217,5.4,0.3708920187793427,0.2640845070422535,0,649.6,17.0,0
2022-23,1610612752,New York Knicks,117.0,114.2,2.8,97.75,2,0.5764261578215066,0.131,0.318,1,-2,3.051,2.9,0.3993288590604026,0.285234899328859,0,0.0,20.0,1
2022-23,1610612739,Cleveland Cavaliers,115.5,109.9,5.6,96.27,2,0.5904311251314405,0.137,0.273,0,-1,5.217,5.4,0.3708920187793427,0.2640845070422535,0,0.0,-20.0,0
2022-23,1610612752,New York Knicks,117.0,114.2,2.8,97.75,3,0.5764261578215066,0.131,0.318,0,-2,3.051,2.9,0.3993288590604026,0.285234899328859,0,649.6,9.0,1
2022-23,1610612739,Cleveland Cavaliers,115.5,109.9,5.6,96.27,3,0.5904311251314405,0.137,0.273,1,-1,5.217,5.4,0.3708920187793427,0.2640845070422535,0,649.6,-9.0,0
2022-23,1610612743,Denver Nuggets,116.8,113.5,3.3,98.74,5,0.6015209441489362,0.147,0.289,1,1,3.047,3.3,0.3611111111111111,0.2592592592592592,0,0.0,0.0,1
2022-23,1610612750,Minnesota Timberwolves,113.3,113.1,0.2,101.55,5,0.5918550926115222,0.15,0.258,0,3,-0.183,0.0,0.3810068649885583,0.2711670480549198,0,0.0,0.0,0
2022-23,1610612743,Denver Nuggets,116.8,113.5,3.3,98.74,3,0.6015209441489362,0.147,0.289,1,1,3.047,3.3,0.3611111111111111,0.2592592592592592,0,0.0,29.0,1
2022-23,1610612750,Minnesota Timberwolves,113.3,113.1,0.2,101.55,3,0.5918550926115222,0.15,0.258,0,3,-0.183,0.0,0.3810068649885583,0.2711670480549198,0,0.0,-29.0,0
2022-23,1610612743,Denver Nuggets,116.8,113.5,3.3,98.74,2,0.6015209441489362,0.147,0.289,0,1,3.047,3.3,0.3611111111111111,0.2592592592592592,0,1124.1,9.0,1
2022-23,1610612750,Minnesota Timberwolves,113.3,113.1,0.2,101.55,2,0.5918550926115222,0.15,0.258,1,3,-0.183,0.0,0.3810068649885583,0.2711670480549198,0,1124.1,-9.0,0
2022-23,1610612750,Minnesota Timberwolves,113.3,113.1,0.2,101.55,2,0.5918550926115222,0.15,0.258,1,3,-0.183,0.0,0.3810068649885583,0.2711670480549198,0,0.0,-9.0,1
2022-23,1610612743,Denver Nuggets,116.8,113.5,3.3,98.74,2,0.6015209441489362,0.147,0.289,0,1,3.047,3.3,0.3611111111111111,0.2592592592592592,0,0.0,9.0,0
2022-23,1610612743,Denver Nuggets,116.8,113.5,3.3,98.74,2,0.6015209441489362,0.147,0.289,1,1,3.047,3.3,0.3611111111111111,0.2592592592592592,0,1124.1,-6.0,1
2022-23,1610612750,Minnesota Timberwolves,113.3,113.1,0.2,101.55,2,0.5918550926115222,0.15,0.258,0,3,-0.183,0.0,0.3810068649885583,0.2711670480549198,0,1124.1,6.0,0
2022-23,1610612747,Los Angeles Lakers,113.9,113.2,0.7,101.92,5,0.5819034000635526,0.137,0.269,0,2,0.473,0.6,0.350561797752809,0.298876404494382,0,0.0,0.0,1
2022-23,1610612763,Memphis Grizzlies,114.7,110.7,4.0,101.5,5,0.569843622041103,0.133,0.302,1,-1,3.635,3.9,0.3713355048859935,0.258414766558089,0,0.0,0.0,0
2022-23,1610612763,Memphis Grizzlies,114.7,110.7,4.0,101.5,3,0.569843622041103,0.133,0.302,1,-1,3.635,3.9,0.3713355048859935,0.258414766558089,0,0.0,-16.0,1
2022-23,1610612747,Los Angeles Lakers,113.9,113.2,0.7,101.92,3,0.5819034000635526,0.137,0.269,0,2,0.473,0.6,0.350561797752809,0.298876404494382,0,0.0,16.0,0
2022-23,1610612747,Los Angeles Lakers,113.9,113.2,0.7,101.92,3,0.5819034000635526,0.137,0.269,1,2,0.473,0.6,0.350561797752809,0.298876404494382,0,2577.1,-10.0,1
2022-23,1610612763,Memphis Grizzlies,114.7,110.7,4.0,101.5,3,0.569843622041103,0.133,0.302,0,-1,3.635,3.9,0.3713355048859935,0.258414766558089,0,2577.1,10.0,0
2022-23,1610612747,Los Angeles Lakers,113.9,113.2,0.7,101.92,2,0.5819034000635526,0.137,0.269,1,2,0.473,0.6,0.350561797752809,0.298876404494382,0,0.0,10.0,1
2022-23,1610612763,Memphis Grizzlies,114.7,110.7,4.0,101.5,2,0.569843622041103,0.133,0.302,0,-1,3.635,3.9,0.3713355048859935,0.258414766558089,0,0.0,-10.0,0
2022-23,1610612763,Memphis Grizzlies,114.7,110.7,4.0,101.5,2,0.569843622041103,0.133,0.302,1,-1,3.635,3.9,0.3713355048859935,0.258414766558089,0,2577.1,-6.0,1
2022-23,1610612747,Los Angeles Lakers,113.9,113.2,0.7,101.92,2,0.5819034000635526,0.137,0.269,0,2,0.473,0.6,0.350561797752809,0.298876404494382,0,2577.1,6.0,0
2022-23,1610612747,Los Angeles Lakers,113.9,113.2,0.7,101.92,2,0.5819034000635526,0.137,0.269,1,2,0.473,0.6,0.350561797752809,0.298876404494382,0,2577.1,-17.0,1
2022-23,1610612763,Memphis Grizzlies,114.7,110.7,4.0,101.5,2,0.569843622041103,0.133,0.302,0,-1,3.635,3.9,0.3713355048859935,0.258414766558089,0,2577.1,17.0,0
2022-23,1610612758,Sacramento Kings,118.6,116.0,2.6,100.99,5,0.6080972149449841,0.133,0.265,1,-3,2.337,2.6,0.4229024943310657,0.2845804988662131,0,0.0,0.0,1
2022-23,1610612744,Golden State Warriors,115.1,113.4,1.7,102.54,5,0.5999717422896819,0.158,0.277,0,3,1.69,1.8,0.4789356984478936,0.2239467849223946,0,0.0,0.0,0
2022-23,1610612758,Sacramento Kings,118.6,116.0,2.6,100.99,2,0.6080972149449841,0.133,0.265,1,-3,2.337,2.6,0.4229024943310657,0.2845804988662131,0,0.0,3.0,1
2022-23,1610612744,Golden State Warriors,115.1,113.4,1.7,102.54,2,0.5999717422896819,0.158,0.277,0,3,1.69,1.8,0.4789356984478936,0.2239467849223946,0,0.0,-3.0,0
2022-23,1610612744,Golden State Warriors,115.1,113.4,1.7,102.54,3,0.5999717422896819,0.158,0.277,1,3,1.69,1.8,0.4789356984478936,0.2239467849223946,0,119.0,-8.0,1
2022-23,1610612758,Sacramento Kings,118.6,116.0,2.6,100.99,3,0.6080972149449841,0.133,0.265,0,-3,2.337,2.6,0.4229024943310657,0.2845804988662131,0,119.0,8.0,0
2022-23,1610612744,Golden State Warriors,115.1,113.4,1.7,102.54,3,0.5999717422896819,0.158,0.277,1,3,1.69,1.8,0.4789356984478936,0.2239467849223946,0,0.0,17.0,1
2022-23,1610612758,Sacramento Kings,118.6,116.0,2.6,100.99,3,0.6080972149449841,0.133,0.265,0,-3,2.337,2.6,0.4229024943310657,0.2845804988662131,0,0.0,-17.0,0
2022-23,1610612744,Golden State Warriors,115.1,113.4,1.7,102.54,3,0.5999717422896819,0.158,0.277,0,3,1.69,1.8,0.4789356984478936,0.2239467849223946,0,119.0,1.0,1
2022-23,1610612758,Sacramento Kings,118.6,116.0,2.6,100.99,3,0.6080972149449841,0.133,0.265,1,-3,2.337,2.6,0.4229024943310657,0.2845804988662131,0,119.0,-1.0,0
2022-23,1610612758,Sacramento Kings,118.6,116.0,2.6,100.99,2,0.6080972149449841,0.133,0.265,0,-3,2.337,2.6,0.4229024943310657,0.2845804988662131,0,119.0,-7.0,1
2022-23,1610612744,Golden State Warriors,115.1,113.4,1.7,102.54,2,0.5999717422896819,0.158,0.277,1,3,1.69,1.8,0.4789356984478936,0.2239467849223946,0,119.0,7.0,0
2022-23,1610612744,Golden State Warriors,115.1,113.4,1.7,102.54,2,0.5999717422896819,0.158,0.277,0,3,1.69,1.8,0.4789356984478936,0.2239467849223946,0,119.0,-19.0,1
2022-23,1610612758,Sacramento Kings,118.6,116.0,2.6,100.99,2,0.6080972149449841,0.133,0.265,1,-3,2.337,2.6,0.4229024943310657,0.2845804988662131,0,119.0,19.0,0
2022-23,1610612746,LA Clippers,114.0,113.6,0.5,98.84,5,0.5878943446220087,0.143,0.273,0,3,0.342,0.5,0.3867595818815331,0.2775842044134727,0,0.0,0.0,1
2022-23,1610612756,Phoenix Suns,114.5,112.3,2.2,98.83,5,0.5700064226075787,0.136,0.307,1,-2,2.114,2.1,0.3618201997780244,0.2408435072142064,0,0.0,0.0,0
2022-23,1610612756,Phoenix Suns,114.5,112.3,2.2,98.83,2,0.5700064226075787,0.136,0.307,1,-2,2.114,2.1,0.3618201997780244,0.2408435072142064,0,0.0,-5.0,1
2022-23,1610612746,LA Clippers,114.0,113.6,0.5,98.84,2,0.5878943446220087,0.143,0.273,0,3,0.342,0.5,0.3867595818815331,0.2775842044134727,0,0.0,5.0,0
2022-23,1610612756,Phoenix Suns,114.5,112.3,2.2,98.83,2,0.5700064226075787,0.136,0.307,0,-2,2.114,2.1,0.3618201997780244,0.2408435072142064,0,582.4,14.0,1
2022-23,1610612746,LA Clippers,114.0,113.6,0.5,98.84,2,0.5878943446220087,0.143,0.273,1,3,0.342,0.5,0.3867595818815331,0.2775842044134727,0,582.4,-14.0,0
2022-23,1610612756,Phoenix Suns,114.5,112.3,2.2,98.83,2,0.5700064226075787,0.136,0.307,0,-2,2.114,2.1,0.3618201997780244,0.2408435072142064,0,0.0,5.0,1
2022-23,1610612746,LA Clippers,114.0,113.6,0.5,98.84,2,0.5878943446220087,0.143,0.273,1,3,0.342,0.5,0.3867595818815331,0.2775842044134727,0,0.0,-5.0,0
2022-23,1610612756,Phoenix Suns,114.5,112.3,2.2,98.83,3,0.5700064226075787,0.136,0.307,1,-2,2.114,2.1,0.3618201997780244,0.2408435072142064,0,582.4,12.0,1
2022-23,1610612746,LA Clippers,114.0,113.6,0.5,98.84,3,0.5878943446220087,0.143,0.273,0,3,0.342,0.5,0.3867595818815331,0.2775842044134727,0,582.4,-12.0,0
2022-23,1610612748,Miami Heat,112.3,112.8,-0.5,96.76,4,0.5737790819534688,0.138,0.274,0,1,-0.098,-0.3,0.4079718640093786,0.2696365767878077,0,1178.8,2.0,1
2022-23,1610612752,New York Knicks,117.0,114.2,2.8,97.75,4,0.5764261578215066,0.131,0.318,1,-2,3.051,2.9,0.3993288590604026,0.285234899328859,0,649.6,11.0,0
2022-23,1610612752,New York Knicks,117.0,114.2,2.8,97.75,2,0.5764261578215066,0.131,0.318,1,-2,3.051,2.9,0.3993288590604026,0.285234899328859,0,0.0,-7.0,1
2022-23,1610612748,Miami Heat,112.3,112.8,-0.5,96.76,2,0.5737790819534688,0.138,0.274,0,1,-0.098,-0.3,0.4079718640093786,0.2696365767878077,0,0.0,7.0,0
2022-23,1610612748,Miami Heat,112.3,112.8,-0.5,96.76,4,0.5737790819534688,0.138,0.274,1,1,-0.098,-0.3,0.4079718640093786,0.2696365767878077,0,1760.1,-6.0,1
2022-23,1610612752,New York Knicks,117.0,114.2,2.8,97.75,4,0.5764261578215066,0.131,0.318,0,-2,3.051,2.9,0.3993288590604026,0.285234899328859,0,1760.1,6.0,0
2022-23,1610612748,Miami Heat,112.3,112.8,-0.5,96.76,2,0.5737790819534688,0.138,0.274,1,1,-0.098,-0.3,0.4079718640093786,0.2696365767878077,0,0.0,19.0,1
2022-23,1610612752,New York Knicks,117.0,114.2,2.8,97.75,2,0.5764261578215066,0.131,0.318,0,-2,3.051,2.9,0.3993288590604026,0.285234899328859,0,0.0,-19.0,0
2022-23,1610612752,New York Knicks,117.0,114.2,2.8,97.75,2,0.5764261578215066,0.131,0.318,1,-2,3.051,2.9,0.3993288590604026,0.285234899328859,0,1760.1,-8.0,1
2022-23,1610612748,Miami Heat,112.3,112.8,-0.5,96.76,2,0.5737790819534688,0.138,0.274,0,1,-0.098,-0.3,0.4079718640093786,0.2696365767878077,0,1760.1,8.0,0
2022-23,1610612748,Miami Heat,112.3,112.8,-0.5,96.76,2,0.5737790819534688,0.138,0.274,1,1,-0.098,-0.3,0.4079718640093786,0.2696365767878077,0,1760.1,-9.0,1
2022-23,1610612752,New York Knicks,117.0,114.2,2.8,97.75,2,0.5764261578215066,0.131,0.318,0,-2,3.051,2.9,0.3993288590604026,0.285234899328859,0,1760.1,9.0,0
2022-23,1610612755,Philadelphia 76ers,117.0,112.7,4.4,97.44,9,0.607313061448273,0.139,0.258,0,2,4.409,4.3,0.3890214797136038,0.2995226730310262,0,306.3,8.0,1
2022-23,1610612738,Boston Celtics,117.3,110.6,6.7,99.15,4,0.59967041015625,0.133,0.255,1,3,6.348,6.5,0.4797297297297297,0.2432432432432432,0,1506.5,8.0,0
2022-23,1610612738,Boston Celtics,117.3,110.6,6.7,99.15,2,0.59967041015625,0.133,0.255,1,3,6.348,6.5,0.4797297297297297,0.2432432432432432,0,0.0,-4.0,1
2022-23,1610612755,Philadelphia 76ers,117.0,112.7,4.4,97.44,2,0.607313061448273,0.139,0.258,0,2,4.409,4.3,0.3890214797136038,0.2995226730310262,0,0.0,4.0,0
2022-23,1610612738,Boston Celtics,117.3,110.6,6.7,99.15,2,0.59967041015625,0.133,0.255,0,3,6.348,6.5,0.4797297297297297,0.2432432432432432,0,439.9,34.0,1
2022-23,1610612755,Philadelphia 76ers,117.0,112.7,4.4,97.44,2,0.607313061448273,0.139,0.258,1,2,4.409,4.3,0.3890214797136038,0.2995226730310262,0,439.9,-34.0,0
2022-23,1610612755,Philadelphia 76ers,117.0,112.7,4.4,97.44,2,0.607313061448273,0.139,0.258,1,2,4.409,4.3,0.3890214797136038,0.2995226730310262,0,0.0,-12.0,1
2022-23,1610612738,Boston Celtics,117.3,110.6,6.7,99.15,2,0.59967041015625,0.133,0.255,0,3,6.348,6.5,0.4797297297297297,0.2432432432432432,0,0.0,12.0,0
2022-23,1610612755,Philadelphia 76ers,117.0,112.7,4.4,97.44,2,0.607313061448273,0.139,0.258,0,2,4.409,4.3,0.3890214797136038,0.2995226730310262,0,439.9,1.0,1
2022-23,1610612738,Boston Celtics,117.3,110.6,6.7,99.15,2,0.59967041015625,0.133,0.255,1,3,6.348,6.5,0.4797297297297297,0.2432432432432432,0,439.9,-1.0,0
2022-23,1610612738,Boston Celtics,117.3,110.6,6.7,99.15,2,0.59967041015625,0.133,0.255,0,3,6.348,6.5,0.4797297297297297,0.2432432432432432,0,439.9,-12.0,1
2022-23,1610612755,Philadelphia 76ers,117.0,112.7,4.4,97.44,2,0.607313061448273,0.139,0.258,1,2,4.409,4.3,0.3890214797136038,0.2995226730310262,0,439.9,12.0,0
2022-23,1610612738,Boston Celtics,117.3,110.6,6.7,99.15,3,0.59967041015625,0.133,0.255,1,3,6.348,6.5,0.4797297297297297,0.2432432432432432,0,439.9,9.0,1
2022-23,1610612755,Philadelphia 76ers,117.0,112.7,4.4,97.44,3,0.607313061448273,0.139,0.258,0,2,4.409,4.3,0.3890214797136038,0.2995226730310262,0,439.9,-9.0,0
2022-23,1610612743,Denver Nuggets,116.8,113.5,3.3,98.74,4,0.6015209441489362,0.147,0.289,1,1,3.047,3.3,0.3611111111111111,0.2592592592592592,0,0.0,3.0,1
2022-23,1610612756,Phoenix Suns,114.5,112.3,2.2,98.83,4,0.5700064226075787,0.136,0.307,0,-2,2.114,2.1,0.3618201997780244,0.2408435072142064,0,942.1,6.0,0
2022-23,1610612743,Denver Nuggets,116.8,113.5,3.3,98.74,2,0.6015209441489362,0.147,0.289,1,1,3.047,3.3,0.3611111111111111,0.2592592592592592,0,0.0,18.0,1
2022-23,1610612756,Phoenix Suns,114.5,112.3,2.2,98.83,2,0.5700064226075787,0.136,0.307,0,-2,2.114,2.1,0.3618201997780244,0.2408435072142064,0,0.0,-18.0,0
2022-23,1610612756,Phoenix Suns,114.5,112.3,2.2,98.83,4,0.5700064226075787,0.136,0.307,1,-2,2.114,2.1,0.3618201997780244,0.2408435072142064,0,942.1,-10.0,1
2022-23,1610612743,Denver Nuggets,116.8,113.5,3.3,98.74,4,0.6015209441489362,0.147,0.289,0,1,3.047,3.3,0.3611111111111111,0.2592592592592592,0,942.1,10.0,0
2022-23,1610612756,Phoenix Suns,114.5,112.3,2.2,98.83,2,0.5700064226075787,0.136,0.307,1,-2,2.114,2.1,0.3618201997780244,0.2408435072142064,0,0.0,7.0,1
2022-23,1610612743,Denver Nuggets,116.8,113.5,3.3,98.74,2,0.6015209441489362,0.147,0.289,0,1,3.047,3.3,0.3611111111111111,0.2592592592592592,0,0.0,-7.0,0
2022-23,1610612743,Denver Nuggets,116.8,113.5,3.3,98.74,2,0.6015209441489362,0.147,0.289,1,1,3.047,3.3,0.3611111111111111,0.2592592592592592,0,942.1,-5.0,1
2022-23,1610612756,Phoenix Suns,114.5,112.3,2.2,98.83,2,0.5700064226075787,0.136,0.307,0,-2,2.114,2.1,0.3618201997780244,0.2408435072142064,0,942.1,5.0,0
2022-23,1610612743,Denver Nuggets,116.8,113.5,3.3,98.74,2,0.6015209441489362,0.147,0.289,0,1,3.047,3.3,0.3611111111111111,0.2592592592592592,0,942.1,16.0,1
2022-23,1610612756,Phoenix Suns,114.5,112.3,2.2,98.83,2,0.5700064226075787,0.136,0.307,1,-2,2.114,2.1,0.3618201997780244,0.2408435072142064,0,942.1,-16.0,0
2022-23,1610612747,Los Angeles Lakers,113.9,113.2,0.7,101.92,4,0.5819034000635526,0.137,0.269,0,2,0.473,0.6,0.350561797752809,0.298876404494382,0,556.0,40.0,1
2022-23,1610612744,Golden State Warriors,115.1,113.4,1.7,102.54,2,0.5999717422896819,0.158,0.277,1,3,1.69,1.8,0.4789356984478936,0.2239467849223946,0,119.0,20.0,0
2022-23,1610612744,Golden State Warriors,115.1,113.4,1.7,102.54,2,0.5999717422896819,0.158,0.277,1,3,1.69,1.8,0.4789356984478936,0.2239467849223946,0,0.0,-5.0,1
2022-23,1610612747,Los Angeles Lakers,113.9,113.2,0.7,101.92,2,0.5819034000635526,0.137,0.269,0,2,0.473,0.6,0.350561797752809,0.298876404494382,0,0.0,5.0,0
2022-23,1610612747,Los Angeles Lakers,113.9,113.2,0.7,101.92,2,0.5819034000635526,0.137,0.269,1,2,0.473,0.6,0.350561797752809,0.298876404494382,0,556.0,-27.0,1
2022-23,1610612744,Golden State Warriors,115.1,113.4,1.7,102.54,2,0.5999717422896819,0.158,0.277,0,3,1.69,1.8,0.4789356984478936,0.2239467849223946,0,556.0,27.0,0
2022-23,1610612747,Los Angeles Lakers,113.9,113.2,0.7,101.92,2,0.5819034000635526,0.137,0.269,1,2,0.473,0.6,0.350561797752809,0.298876404494382,0,0.0,30.0,1
2022-23,1610612744,Golden State Warriors,115.1,113.4,1.7,102.54,2,0.5999717422896819,0.158,0.277,0,3,1.69,1.8,0.4789356984478936,0.2239467849223946,0,0.0,-30.0,0
2022-23,1610612744,Golden State Warriors,115.1,113.4,1.7,102.54,2,0.5999717422896819,0.158,0.277,1,3,1.69,1.8,0.4789356984478936,0.2239467849223946,0,556.0,-3.0,1
2022-23,1610612747,Los Angeles Lakers,113.9,113.2,0.7,101.92,2,0.5819034000635526,0.137,0.269,0,2,0.473,0.6,0.350561797752809,0.298876404494382,0,556.0,3.0,0
2022-23,1610612747,Los Angeles Lakers,113.9,113.2,0.7,101.92,2,0.5819034000635526,0.137,0.269,1,2,0.473,0.6,0.350561797752809,0.298876404494382,0,556.0,-15.0,1
2022-23,1610612744,Golden State Warriors,115.1,113.4,1.7,102.54,2,0.5999717422896819,0.158,0.277,0,3,1.69,1.8,0.4789356984478936,0.2239467849223946,0,556.0,15.0,0
2022-23,1610612748,Miami Heat,112.3,112.8,-0.5,96.76,5,0.5737790819534688,0.138,0.274,0,1,-0.098,-0.3,0.4079718640093786,0.2696365767878077,0,2023.6,4.0,1
2022-23,1610612738,Boston Celtics,117.3,110.6,6.7,99.15,3,0.59967041015625,0.133,0.255,1,3,6.348,6.5,0.4797297297297297,0.2432432432432432,0,0.0,24.0,0
2022-23,1610612748,Miami Heat,112.3,112.8,-0.5,96.76,2,0.5737790819534688,0.138,0.274,0,1,-0.098,-0.3,0.4079718640093786,0.2696365767878077,0,0.0,7.0,1
2022-23,1610612738,Boston Celtics,117.3,110.6,6.7,99.15,2,0.59967041015625,0.133,0.255,1,3,6.348,6.5,0.4797297297297297,0.2432432432432432,0,0.0,-7.0,0
2022-23,1610612748,Miami Heat,112.3,112.8,-0.5,96.76,2,0.5737790819534688,0.138,0.274,1,1,-0.098,-0.3,0.4079718640093786,0.2696365767878077,0,2023.6,6.0,1
2022-23,1610612738,Boston Celtics,117.3,110.6,6.7,99.15,2,0.59967041015625,0.133,0.255,0,3,6.348,6.5,0.4797297297297297,0.2432432432432432,0,2023.6,-6.0,0
2022-23,1610612738,Boston Celtics,117.3,110.6,6.7,99.15,2,0.59967041015625,0.133,0.255,0,3,6.348,6.5,0.4797297297297297,0.2432432432432432,0,0.0,-26.0,1
2022-23,1610612748,Miami Heat,112.3,112.8,-0.5,96.76,2,0.5737790819534688,0.138,0.274,1,1,-0.098,-0.3,0.4079718640093786,0.2696365767878077,0,0.0,26.0,0
2022-23,1610612738,Boston Celtics,117.3,110.6,6.7,99.15,2,0.59967041015625,0.133,0.255,1,3,6.348,6.5,0.4797297297297297,0.2432432432432432,0,2023.6,17.0,1
2022-23,1610612748,Miami Heat,112.3,112.8,-0.5,96.76,2,0.5737790819534688,0.138,0.274,0,1,-0.098,-0.3,0.4079718640093786,0.2696365767878077,0,2023.6,-17.0,0
2022-23,1610612738,Boston Celtics,117.3,110.6,6.7,99.15,2,0.59967041015625,0.133,0.255,0,3,6.348,6.5,0.4797297297297297,0.2432432432432432,0,2023.6,13.0,1
2022-23,1610612748,Miami Heat,112.3,112.8,-0.5,96.76,2,0.5737790819534688,0.138,0.274,1,1,-0.098,-0.3,0.4079718640093786,0.2696365767878077,0,2023.6,-13.0,0
2022-23,1610612748,Miami Heat,112.3,112.8,-0.5,96.76,2,0.5737790819534688,0.138,0.274,0,1,-0.098,-0.3,0.4079718640093786,0.2696365767878077,0,2023.6,-1.0,1
2022-23,1610612738,Boston Celtics,117.3,110.6,6.7,99.15,2,0.59967041015625,0.133,0.255,1,3,6.348,6.5,0.4797297297297297,0.2432432432432432,0,2023.6,1.0,0
2022-23,1610612743,Denver Nuggets,116.8,113.5,3.3,98.74,5,0.6015209441489362,0.147,0.289,1,1,3.047,3.3,0.3611111111111111,0.2592592592592592,0,942.1,25.0,1
2022-23,1610612747,Los Angeles Lakers,113.9,113.2,0.7,101.92,4,0.5819034000635526,0.137,0.269,0,2,0.473,0.6,0.350561797752809,0.298876404494382,0,1336.9,21.0,0
2022-23,1610612743,Denver Nuggets,116.8,113.5,3.3,98.74,2,0.6015209441489362,0.147,0.289,1,1,3.047,3.3,0.3611111111111111,0.2592592592592592,0,0.0,6.0,1
2022-23,1610612747,Los Angeles Lakers,113.9,113.2,0.7,101.92,2,0.5819034000635526,0.137,0.269,0,2,0.473,0.6,0.350561797752809,0.298876404494382,0,0.0,-6.0,0
2022-23,1610612743,Denver Nuggets,116.8,113.5,3.3,98.74,2,0.6015209441489362,0.147,0.289,0,1,3.047,3.3,0.3611111111111111,0.2592592592592592,0,1336.9,5.0,1
2022-23,1610612747,Los Angeles Lakers,113.9,113.2,0.7,101.92,2,0.5819034000635526,0.137,0.269,1,2,0.473,0.6,0.350561797752809,0.298876404494382,0,1336.9,-5.0,0
2022-23,1610612743,Denver Nuggets,116.8,113.5,3.3,98.74,2,0.6015209441489362,0.147,0.289,0,1,3.047,3.3,0.3611111111111111,0.2592592592592592,0,0.0,11.0,1
2022-23,1610612747,Los Angeles Lakers,113.9,113.2,0.7,101.92,2,0.5819034000635526,0.137,0.269,1,2,0.473,0.6,0.350561797752809,0.298876404494382,0,0.0,-11.0,0
2022-23,1610612743,Denver Nuggets,116.8,113.5,3.3,98.74,10,0.6015209441489362,0.147,0.289,1,1,3.047,3.3,0.3611111111111111,0.2592592592592592,0,1336.9,2.0,1
2022-23,1610612748,Miami Heat,112.3,112.8,-0.5,96.76,3,0.5737790819534688,0.138,0.274,0,1,-0.098,-0.3,0.4079718640093786,0.2696365767878077,0,2842.1,19.0,0
2022-23,1610612748,Miami Heat,112.3,112.8,-0.5,96.76,3,0.5737790819534688,0.138,0.274,0,1,-0.098,-0.3,0.4079718640093786,0.2696365767878077,0,0.0,-11.0,1
2022-23,1610612743,Denver Nuggets,116.8,113.5,3.3,98.74,3,0.6015209441489362,0.147,0.289,1,1,3.047,3.3,0.3611111111111111,0.2592592592592592,0,0.0,11.0,0
2022-23,1610612743,Denver Nuggets,116.8,113.5,3.3,98.74,3,0.6015209441489362,0.147,0.289,0,1,3.047,3.3,0.3611111111111111,0.2592592592592592,0,2777.3,-3.0,1
2022-23,1610612748,Miami Heat,112.3,112.8,-0.5,96.76,3,0.5737790819534688,0.138,0.274,1,1,-0.098,-0.3,0.4079718640093786,0.2696365767878077,0,2777.3,3.0,0
2022-23,1610612743,Denver Nuggets,116.8,113.5,3.3,98.74,2,0.6015209441489362,0.147,0.289,0,1,3.047,3.3,0.3611111111111111,0.2592592592592592,0,0.0,15.0,1
2022-23,1610612748,Miami Heat,112.3,112.8,-0.5,96.76,2,0.5737790819534688,0.138,0.274,1,1,-0.098,-0.3,0.4079718640093786,0.2696365767878077,0,0.0,-15.0,0
2022-23,1610612743,Denver Nuggets,116.8,113.5,3.3,98.74,3,0.6015209441489362,0.147,0.289,1,1,3.047,3.3,0.3611111111111111,0.2592592592592592,0,2777.3,13.0,1
2022-23,1610612748,Miami Heat,112.3,112.8,-0.5,96.76,3,0.5737790819534688,0.138,0.274,0,1,-0.098,-0.3,0.4079718640093786,0.2696365767878077,0,2777.3,-13.0,0
2023-24,1610612738,Boston Celtics,122.2,110.6,11.7,97.98,5,0.6085499757791054,0.121,0.287,1,2,10.743,11.3,0.4711751662971175,0.2239467849223946,0,0.0,0.0,1
2023-24,1610612748,Miami Heat,113.3,111.5,1.8,96.88,5,0.5777707808564231,0.13,0.261,0,2,1.095,1.8,0.3936915887850468,0.2570093457943925,0,0.0,0.0,0
2023-24,1610612748,Miami Heat,113.3,111.5,1.8,96.88,3,0.5777707808564231,0.13,0.261,0,2,1.095,1.8,0.3936915887850468,0.2570093457943925,0,0.0,-20.0,1
2023-24,1610612738,Boston Celtics,122.2,110.6,11.7,97.98,3,0.6085499757791054,0.121,0.287,1,2,10.743,11.3,0.4711751662971175,0.2239467849223946,0,0.0,20.0,0
2023-24,1610612738,Boston Celtics,122.2,110.6,11.7,97.98,3,0.6085499757791054,0.121,0.287,0,2,10.743,11.3,0.4711751662971175,0.2239467849223946,0,2023.6,-10.0,1
2023-24,1610612748,Miami Heat,113.3,111.5,1.8,96.88,3,0.5777707808564231,0.13,0.261,1,2,1.095,1.8,0.3936915887850468,0.2570093457943925,0,2023.6,10.0,0
2023-24,1610612738,Boston Celtics,122.2,110.6,11.7,97.98,2,0.6085499757791054,0.121,0.287,0,2,10.743,11.3,0.4711751662971175,0.2239467849223946,0,0.0,20.0,1
2023-24,1610612748,Miami Heat,113.3,111.5,1.8,96.88,2,0.5777707808564231,0.13,0.261,1,2,1.095,1.8,0.3936915887850468,0.2570093457943925,0,0.0,-20.0,0
2023-24,1610612738,Boston Celtics,122.2,110.6,11.7,97.98,2,0.6085499757791054,0.121,0.287,1,2,10.743,11.3,0.4711751662971175,0.2239467849223946,0,2023.6,14.0,1
2023-24,1610612748,Miami Heat,113.3,111.5,1.8,96.88,2,0.5777707808564231,0.13,0.261,0,2,1.095,1.8,0.3936915887850468,0.2570093457943925,0,2023.6,-14.0,0
2023-24,1610612752,New York Knicks,117.3,112.4,4.9,95.96,5,0.573800512757905,0.138,0.333,1,5,4.355,4.6,0.403607666290868,0.2457722660653889,0,0.0,0.0,1
2023-24,1610612755,Philadelphia 76ers,116.2,113.0,3.1,98.17,5,0.5742403591758197,0.122,0.292,0,8,2.506,3.0,0.37248322147651,0.2639821029082774,0,0.0,0.0,0
2023-24,1610612752,New York Knicks,117.3,112.4,4.9,95.96,2,0.573800512757905,0.138,0.333,1,5,4.355,4.6,0.403607666290868,0.2457722660653889,0,0.0,7.0,1
2023-24,1610612755,Philadelphia 76ers,116.2,113.0,3.1,98.17,2,0.5742403591758197,0.122,0.292,0,8,2.506,3.0,0.37248322147651,0.2639821029082774,0,0.0,-7.0,0
2023-24,1610612755,Philadelphia 76ers,116.2,113.0,3.1,98.17,3,0.5742403591758197,0.122,0.292,1,8,2.506,3.0,0.37248322147651,0.2639821029082774,0,137.6,-3.0,1
2023-24,1610612752,New York Knicks,117.3,112.4,4.9,95.96,3,0.573800512757905,0.138,0.333,0,5,4.355,4.6,0.403607666290868,0.2457722660653889,0,137.6,3.0,0
2023-24,1610612752,New York Knicks,117.3,112.4,4.9,95.96,3,0.573800512757905,0.138,0.333,0,5,4.355,4.6,0.403607666290868,0.2457722660653889,0,0.0,-11.0,1
2023-24,1610612755,Philadelphia 76ers,116.2,113.0,3.1,98.17,3,0.5742403591758197,0.122,0.292,1,8,2.506,3.0,0.37248322147651,0.2639821029082774,0,0.0,11.0,0
2023-24,1610612755,Philadelphia 76ers,116.2,113.0,3.1,98.17,2,0.5742403591758197,0.122,0.292,0,8,2.506,3.0,0.37248322147651,0.2639821029082774,0,137.6,-5.0,1
2023-24,1610612752,New York Knicks,117.3,112.4,4.9,95.96,2,0.573800512757905,0.138,0.333,1,5,4.355,4.6,0.403607666290868,0.2457722660653889,0,137.6,5.0,0
2023-24,1610612752,New York Knicks,117.3,112.4,4.9,95.96,2,0.573800512757905,0.138,0.333,0,5,4.355,4.6,0.403607666290868,0.2457722660653889,0,137.6,-6.0,1
2023-24,1610612755,Philadelphia 76ers,116.2,113.0,3.1,98.17,2,0.5742403591758197,0.122,0.292,1,8,2.506,3.0,0.37248322147651,0.2639821029082774,0,137.6,6.0,0
2023-24,1610612749,Milwaukee Bucks,117.6,115.0,2.6,100.51,5,0.6009129837602003,0.128,0.255,1,-2,2.443,2.6,0.4305084745762712,0.2700564971751412,0,0.0,0.0,1
2023-24,1610612754,Indiana Pacers,120.5,117.6,2.9,102.16,5,0.6060755013763272,0.126,0.284,0,1,2.75,3.0,0.3807982740021574,0.221143473570658,0,0.0,0.0,0
2023-24,1610612754,Indiana Pacers,120.5,117.6,2.9,102.16,2,0.6060755013763272,0.126,0.284,0,1,2.75,3.0,0.3807982740021574,0.221143473570658,0,0.0,-15.0,1
2023-24,1610612749,Milwaukee Bucks,117.6,115.0,2.6,100.51,2,0.6009129837602003,0.128,0.255,1,-2,2.443,2.6,0.4305084745762712,0.2700564971751412,0,0.0,15.0,0
2023-24,1610612754,Indiana Pacers,120.5,117.6,2.9,102.16,3,0.6060755013763272,0.126,0.284,1,1,2.75,3.0,0.3807982740021574,0.221143473570658,0,393.3,17.0,1
2023-24,1610612749,Milwaukee Bucks,117.6,115.0,2.6,100.51,3,0.6009129837602003,0.128,0.255,0,-2,2.443,2.6,0.4305084745762712,0.2700564971751412,0,393.3,-17.0,0
2023-24,1610612754,Indiana Pacers,120.5,117.6,2.9,102.16,2,0.6060755013763272,0.126,0.284,1,1,2.75,3.0,0.3807982740021574,0.221143473570658,0,0.0,3.0,1
2023-24,1610612749,Milwaukee Bucks,117.6,115.0,2.6,100.51,2,0.6009129837602003,0.128,0.255,0,-2,2.443,2.6,0.4305084745762712,0.2700564971751412,0,0.0,-3.0,0
2023-24,1610612749,Milwaukee Bucks,117.6,115.0,2.6,100.51,2,0.6009129837602003,0.128,0.255,1,-2,2.443,2.6,0.4305084745762712,0.2700564971751412,0,393.3,-13.0,1
2023-24,1610612754,Indiana Pacers,120.5,117.6,2.9,102.16,2,0.6060755013763272,0.126,0.284,0,1,2.75,3.0,0.3807982740021574,0.221143473570658,0,393.3,13.0,0
2023-24,1610612754,Indiana Pacers,120.5,117.6,2.9,102.16,2,0.6060755013763272,0.126,0.284,1,1,2.75,3.0,0.3807982740021574,0.221143473570658,0,393.3,-23.0,1
2023-24,1610612749,Milwaukee Bucks,117.6,115.0,2.6,100.51,2,0.6009129837602003,0.128,0.255,0,-2,2.443,2.6,0.4305084745762712,0.2700564971751412,0,393.3,23.0,0
2023-24,1610612739,Cleveland Cavaliers,114.7,112.1,2.5,97.62,5,0.5853851272666777,0.138,0.274,1,-1,1.976,2.4,0.4220183486238532,0.2339449541284403,0,0.0,0.0,1
2023-24,1610612753,Orlando Magic,112.9,110.8,2.2,97.37,5,0.5777113220962816,0.15,0.297,0,1,1.475,2.0,0.3686690223792697,0.287396937573616,0,0.0,0.0,0
2023-24,1610612739,Cleveland Cavaliers,114.7,112.1,2.5,97.62,2,0.5853851272666777,0.138,0.274,1,-1,1.976,2.4,0.4220183486238532,0.2339449541284403,0,0.0,14.0,1
2023-24,1610612753,Orlando Magic,112.9,110.8,2.2,97.37,2,0.5777113220962816,0.15,0.297,0,1,1.475,2.0,0.3686690223792697,0.287396937573616,0,0.0,-14.0,0
2023-24,1610612753,Orlando Magic,112.9,110.8,2.2,97.37,3,0.5777113220962816,0.15,0.297,1,1,1.475,2.0,0.3686690223792697,0.287396937573616,0,1441.1,-10.0,1
2023-24,1610612739,Cleveland Cavaliers,114.7,112.1,2.5,97.62,3,0.5853851272666777,0.138,0.274,0,-1,1.976,2.4,0.4220183486238532,0.2339449541284403,0,1441.1,10.0,0
2023-24,1610612753,Orlando Magic,112.9,110.8,2.2,97.37,2,0.5777113220962816,0.15,0.297,1,1,1.475,2.0,0.3686690223792697,0.287396937573616,0,0.0,38.0,1
2023-24,1610612739,Cleveland Cavaliers,114.7,112.1,2.5,97.62,2,0.5853851272666777,0.138,0.274,0,-1,1.976,2.4,0.4220183486238532,0.2339449541284403,0,0.0,-38.0,0
2023-24,1610612739,Cleveland Cavaliers,114.7,112.1,2.5,97.62,3,0.5853851272666777,0.138,0.274,1,-1,1.976,2.4,0.4220183486238532,0.2339449541284403,0,1441.1,-23.0,1
2023-24,1610612753,Orlando Magic,112.9,110.8,2.2,97.37,3,0.5777113220962816,0.15,0.297,0,1,1.475,2.0,0.3686690223792697,0.287396937573616,0,1441.1,23.0,0
2023-24,1610612753,Orlando Magic,112.9,110.8,2.2,97.37,3,0.5777113220962816,0.15,0.297,1,1,1.475,2.0,0.3686690223792697,0.287396937573616,0,1441.1,-1.0,1
2023-24,1610612739,Cleveland Cavaliers,114.7,112.1,2.5,97.62,3,0.5853851272666777,0.138,0.274,0,-1,1.976,2.4,0.4220183486238532,0.2339449541284403,0,1441.1,1.0,0
2023-24,1610612739,Cleveland Cavaliers,114.7,112.1,2.5,97.62,2,0.5853851272666777,0.138,0.274,1,-1,1.976,2.4,0.4220183486238532,0.2339449541284403,0,1441.1,-7.0,1
2023-24,1610612753,Orlando Magic,112.9,110.8,2.2,97.37,2,0.5777113220962816,0.15,0.297,0,1,1.475,2.0,0.3686690223792697,0.287396937573616,0,1441.1,7.0,0
2023-24,1610612760,Oklahoma City Thunder,118.3,111.0,7.3,100.85,5,0.6080396921830701,0.125,0.25,1,5,7.336,7.4,0.3829787234042554,0.2407614781634938,0,0.0,0.0,1
2023-24,1610612740,New Orleans Pelicans,116.5,111.9,4.6,98.7,5,0.5906683635766483,0.132,0.278,0,-1,4.459,4.4,0.3729977116704805,0.2608695652173913,0,0.0,0.0,0
2023-24,1610612760,Oklahoma City Thunder,118.3,111.0,7.3,100.85,3,0.6080396921830701,0.125,0.25,1,5,7.336,7.4,0.3829787234042554,0.2407614781634938,0,0.0,2.0,1
2023-24,1610612740,New Orleans Pelicans,116.5,111.9,4.6,98.7,3,0.5906683635766483,0.132,0.278,0,-1,4.459,4.4,0.3729977116704805,0.2608695652173913,0,0.0,-2.0,0
2023-24,1610612760,Oklahoma City Thunder,118.3,111.0,7.3,100.85,3,0.6080396921830701,0.125,0.25,0,5,7.336,7.4,0.3829787234042554,0.2407614781634938,0,926.6,32.0,1
2023-24,1610612740,New Orleans Pelicans,116.5,111.9,4.6,98.7,3,0.5906683635766483,0.132,0.278,1,-1,4.459,4.4,0.3729977116704805,0.2608695652173913,0,926.6,-32.0,0
2023-24,1610612760,Oklahoma City Thunder,118.3,111.0,7.3,100.85,2,0.6080396921830701,0.125,0.25,0,5,7.336,7.4,0.3829787234042554,0.2407614781634938,0,0.0,21.0,1
2023-24,1610612740,New Orleans Pelicans,116.5,111.9,4.6,98.7,2,0.5906683635766483,0.132,0.278,1,-1,4.459,4.4,0.3729977116704805,0.2608695652173913,0,0.0,-21.0,0
2023-24,1610612743,Denver Nuggets,117.8,112.3,5.5,97.43,5,0.5888925335192096,0.13,0.3,1,1,5.225,5.3,0.3513513513513513,0.224099099099099,0,0.0,0.0,1
2023-24,1610612747,Los Angeles Lakers,115.4,114.8,0.6,101.38,5,0.6011329828422383,0.137,0.244,0,2,1.083,0.6,0.3588571428571428,0.2765714285714286,0,0.0,0.0,0
2023-24,1610612743,Denver Nuggets,117.8,112.3,5.5,97.43,2,0.5888925335192096,0.13,0.3,1,1,5.225,5.3,0.3513513513513513,0.224099099099099,0,0.0,11.0,1
2023-24,1610612747,Los Angeles Lakers,115.4,114.8,0.6,101.38,2,0.6011329828422383,0.137,0.244,0,2,1.083,0.6,0.3588571428571428,0.2765714285714286,0,0.0,-11.0,0
2023-24,1610612743,Denver Nuggets,117.8,112.3,5.5,97.43,3,0.5888925335192096,0.13,0.3,0,1,5.225,5.3,0.3513513513513513,0.224099099099099,0,1336.9,2.0,1
2023-24,1610612747,Los Angeles Lakers,115.4,114.8,0.6,101.38,3,0.6011329828422383,0.137,0.244,1,2,1.083,0.6,0.3588571428571428,0.2765714285714286,0,1336.9,-2.0,0
2023-24,1610612747,Los Angeles Lakers,115.4,114.8,0.6,101.38,2,0.6011329828422383,0.137,0.244,1,2,1.083,0.6,0.3588571428571428,0.2765714285714286,0,0.0,-7.0,1
2023-24,1610612743,Denver Nuggets,117.8,112.3,5.5,97.43,2,0.5888925335192096,0.13,0.3,0,1,5.225,5.3,0.3513513513513513,0.224099099099099,0,0.0,7.0,0
2023-24,1610612743,Denver Nuggets,117.8,112.3,5.5,97.43,2,0.5888925335192096,0.13,0.3,1,1,5.225,5.3,0.3513513513513513,0.224099099099099,0,1336.9,-11.0,1
2023-24,1610612747,Los Angeles Lakers,115.4,114.8,0.6,101.38,2,0.6011329828422383,0.137,0.244,0,2,1.083,0.6,0.3588571428571428,0.2765714285714286,0,1336.9,11.0,0
2023-24,1610612750,Minnesota Timberwolves,114.6,108.4,6.3,97.79,5,0.5942614329588961,0.144,0.275,1,-1,6.383,6.5,0.3847058823529412,0.2694117647058823,0,0.0,0.0,1
2023-24,1610612756,Phoenix Suns,116.8,113.7,3.1,99.0,5,0.6027221046516454,0.15,0.292,0,3,3.078,3.1,0.3786295005807201,0.2717770034843205,0,0.0,0.0,0
2023-24,1610612750,Minnesota Timberwolves,114.6,108.4,6.3,97.79,3,0.5942614329588961,0.144,0.275,1,-1,6.383,6.5,0.3847058823529412,0.2694117647058823,0,0.0,25.0,1
2023-24,1610612756,Phoenix Suns,116.8,113.7,3.1,99.0,3,0.6027221046516454,0.15,0.292,0,3,3.078,3.1,0.3786295005807201,0.2717770034843205,0,0.0,-25.0,0
2023-24,1610612750,Minnesota Timberwolves,114.6,108.4,6.3,97.79,3,0.5942614329588961,0.144,0.275,0,-1,6.383,6.5,0.3847058823529412,0.2694117647058823,0,2056.8,12.0,1
2023-24,1610612756,Phoenix Suns,116.8,113.7,3.1,99.0,3,0.6027221046516454,0.15,0.292,1,3,3.078,3.1,0.3786295005807201,0.2717770034843205,0,2056.8,-12.0,0
2023-24,1610612750,Minnesota Timberwolves,114.6,108.4,6.3,97.79,2,0.5942614329588961,0.144,0.275,0,-1,6.383,6.5,0.3847058823529412,0.2694117647058823,0,0.0,17.0,1
2023-24,1610612756,Phoenix Suns,116.8,113.7,3.1,99.0,2,0.6027221046516454,0.15,0.292,1,3,3.078,3.1,0.3786295005807201,0.2717770034843205,0,0.0,-17.0,0
2023-24,1610612746,LA Clippers,117.9,114.6,3.4,97.93,5,0.5991624165526391,0.134,0.283,1,-3,3.421,3.3,0.3829296424452134,0.2560553633217993,0,0.0,0.0,1
2023-24,1610612742,Dallas Mavericks,117.0,114.9,2.1,100.6,5,0.5918674698795181,0.124,0.257,0,-2,2.296,2.2,0.4403567447045707,0.2508361204013378,0,0.0,0.0,0
2023-24,1610612742,Dallas Mavericks,117.0,114.9,2.1,100.6,2,0.5918674698795181,0.124,0.257,0,-2,2.296,2.2,0.4403567447045707,0.2508361204013378,0,0.0,-12.0,1
2023-24,1610612746,LA Clippers,117.9,114.6,3.4,97.93,2,0.5991624165526391,0.134,0.283,1,-3,3.421,3.3,0.3829296424452134,0.2560553633217993,0,0.0,12.0,0
2023-24,1610612742,Dallas Mavericks,117.0,114.9,2.1,100.6,3,0.5918674698795181,0.124,0.257,1,-2,2.296,2.2,0.4403567447045707,0.2508361204013378,0,1999.8,3.0,1
2023-24,1610612746,LA Clippers,117.9,114.6,3.4,97.93,3,0.5991624165526391,0.134,0.283,0,-3,3.421,3.3,0.3829296424452134,0.2560553633217993,0,1999.8,-3.0,0
2023-24,1610612746,LA Clippers,117.9,114.6,3.4,97.93,2,0.5991624165526391,0.134,0.283,0,-3,3.421,3.3,0.3829296424452134,0.2560553633217993,0,0.0,-11.0,1
2023-24,1610612742,Dallas Mavericks,117.0,114.9,2.1,100.6,2,0.5918674698795181,0.124,0.257,1,-2,2.296,2.2,0.4403567447045707,0.2508361204013378,0,0.0,11.0,0
2023-24,1610612742,Dallas Mavericks,117.0,114.9,2.1,100.6,3,0.5918674698795181,0.124,0.257,0,-2,2.296,2.2,0.4403567447045707,0.2508361204013378,0,1999.8,-5.0,1
2023-24,1610612746,LA Clippers,117.9,114.6,3.4,97.93,3,0.5991624165526391,0.134,0.283,1,-3,3.421,3.3,0.3829296424452134,0.2560553633217993,0,1999.8,5.0,0
2023-24,1610612742,Dallas Mavericks,117.0,114.9,2.1,100.6,2,0.5918674698795181,0.124,0.257,1,-2,2.296,2.2,0.4403567447045707,0.2508361204013378,0,1999.8,30.0,1
2023-24,1610612746,LA Clippers,117.9,114.6,3.4,97.93,2,0.5991624165526391,0.134,0.283,0,-3,3.421,3.3,0.3829296424452134,0.2560553633217993,0,1999.8,-30.0,0
2023-24,1610612738,Boston Celtics,122.2,110.6,11.7,97.98,6,0.6085499757791054,0.121,0.287,1,2,10.743,11.3,0.4711751662971175,0.2239467849223946,0,0.0,34.0,1
2023-24,1610612739,Cleveland Cavaliers,114.7,112.1,2.5,97.62,2,0.5853851272666777,0.138,0.274,0,-1,1.976,2.4,0.4220183486238532,0.2339449541284403,0,883.7,12.0,0
2023-24,1610612739,Cleveland Cavaliers,114.7,112.1,2.5,97.62,2,0.5853851272666777,0.138,0.274,0,-1,1.976,2.4,0.4220183486238532,0.2339449541284403,0,0.0,-25.0,1
2023-24,1610612738,Boston Celtics,122.2,110.6,11.7,97.98,2,0.6085499757791054,0.121,0.287,1,2,10.743,11.3,0.4711751662971175,0.2239467849223946,0,0.0,25.0,0
2023-24,1610612738,Boston Celtics,122.2,110.6,11.7,97.98,2,0.6085499757791054,0.121,0.287,0,2,10.743,11.3,0.4711751662971175,0.2239467849223946,0,883.7,-24.0,1
2023-24,1610612739,Cleveland Cavaliers,114.7,112.1,2.5,97.62,2,0.5853851272666777,0.138,0.274,1,-1,1.976,2.4,0.4220183486238532,0.2339449541284403,0,883.7,24.0,0
2023-24,1610612738,Boston Celtics,122.2,110.6,11.7,97.98,2,0.6085499757791054,0.121,0.287,0,2,10.743,11.3,0.4711751662971175,0.2239467849223946,0,0.0,13.0,1
2023-24,1610612739,Cleveland Cavaliers,114.7,112.1,2.5,97.62,2,0.5853851272666777,0.138,0.274,1,-1,1.976,2.4,0.4220183486238532,0.2339449541284403,0,0.0,-13.0,0
2023-24,1610612738,Boston Celtics,122.2,110.6,11.7,97.98,2,0.6085499757791054,0.121,0.287,1,2,10.743,11.3,0.4711751662971175,0.2239467849223946,0,883.7,7.0,1
2023-24,1610612739,Cleveland Cavaliers,114.7,112.1,2.5,97.62,2,0.5853851272666777,0.138,0.274,0,-1,1.976,2.4,0.4220183486238532,0.2339449541284403,0,883.7,-7.0,0
2023-24,1610612752,New York Knicks,117.3,112.4,4.9,95.96,4,0.573800512757905,0.138,0.333,1,5,4.355,4.6,0.403607666290868,0.2457722660653889,0,137.6,3.0,1
2023-24,1610612754,Indiana Pacers,120.5,117.6,2.9,102.16,4,0.6060755013763272,0.126,0.284,0,1,2.75,3.0,0.3807982740021574,0.221143473570658,0,1037.1,22.0,0
2023-24,1610612752,New York Knicks,117.3,112.4,4.9,95.96,2,0.573800512757905,0.138,0.333,1,5,4.355,4.6,0.403607666290868,0.2457722660653889,0,0.0,4.0,1
2023-24,1610612754,Indiana Pacers,120.5,117.6,2.9,102.16,2,0.6060755013763272,0.126,0.284,0,1,2.75,3.0,0.3807982740021574,0.221143473570658,0,0.0,-4.0,0
2023-24,1610612754,Indiana Pacers,120.5,117.6,2.9,102.16,2,0.6060755013763272,0.126,0.284,1,1,2.75,3.0,0.3807982740021574,0.221143473570658,0,1037.1,-9.0,1
2023-24,1610612752,New York Knicks,117.3,112.4,4.9,95.96,2,0.573800512757905,0.138,0.333,0,5,4.355,4.6,0.403607666290868,0.2457722660653889,0,1037.1,9.0,0
2023-24,1610612754,Indiana Pacers,120.5,117.6,2.9,102.16,2,0.6060755013763272,0.126,0.284,1,1,2.75,3.0,0.3807982740021574,0.221143473570658,0,0.0,5.0,1
2023-24,1610612752,New York Knicks,117.3,112.4,4.9,95.96,2,0.573800512757905,0.138,0.333,0,5,4.355,4.6,0.403607666290868,0.2457722660653889,0,0.0,-5.0,0
2023-24,1610612752,New York Knicks,117.3,112.4,4.9,95.96,2,0.573800512757905,0.138,0.333,1,5,4.355,4.6,0.403607666290868,0.2457722660653889,0,1037.1,-32.0,1
2023-24,1610612754,Indiana Pacers,120.5,117.6,2.9,102.16,2,0.6060755013763272,0.126,0.284,0,1,2.75,3.0,0.3807982740021574,0.221143473570658,0,1037.1,32.0,0
2023-24,1610612754,Indiana Pacers,120.5,117.6,2.9,102.16,3,0.6060755013763272,0.126,0.284,1,1,2.75,3.0,0.3807982740021574,0.221143473570658,0,1037.1,-30.0,1
2023-24,1610612752,New York Knicks,117.3,112.4,4.9,95.96,3,0.573800512757905,0.138,0.333,0,5,4.355,4.6,0.403607666290868,0.2457722660653889,0,1037.1,30.0,0
2023-24,1610612754,Indiana Pacers,120.5,117.6,2.9,102.16,2,0.6060755013763272,0.126,0.284,0,1,2.75,3.0,0.3807982740021574,0.221143473570658,0,1037.1,13.0,1
2023-24,1610612752,New York Knicks,117.3,112.4,4.9,95.96,2,0.573800512757905,0.138,0.333,1,5,4.355,4.6,0.403607666290868,0.2457722660653889,0,1037.1,-13.0,0
2023-24,1610612760,Oklahoma City Thunder,118.3,111.0,7.3,100.85,8,0.6080396921830701,0.125,0.25,1,5,7.336,7.4,0.3829787234042554,0.2407614781634938,0,926.6,8.0,1
2023-24,1610612742,Dallas Mavericks,117.0,114.9,2.1,100.6,4,0.5918674698795181,0.124,0.257,0,-2,2.296,2.2,0.4403567447045707,0.2508361204013378,0,304.2,13.0,0
2023-24,1610612742,Dallas Mavericks,117.0,114.9,2.1,100.6,2,0.5918674698795181,0.124,0.257,0,-2,2.296,2.2,0.4403567447045707,0.2508361204013378,0,0.0,-22.0,1
2023-24,1610612760,Oklahoma City Thunder,118.3,111.0,7.3,100.85,2,0.6080396921830701,0.125,0.25,1,5,7.336,7.4,0.3829787234042554,0.2407614781634938,0,0.0,22.0,0
2023-24,1610612742,Dallas Mavericks,117.0,114.9,2.1,100.6,2,0.5918674698795181,0.124,0.257,1,-2,2.296,2.2,0.4403567447045707,0.2508361204013378,0,304.2,9.0,1
2023-24,1610612760,Oklahoma City Thunder,118.3,111.0,7.3,100.85,2,0.6080396921830701,0.125,0.25,0,5,7.336,7.4,0.3829787234042554,0.2407614781634938,0,304.2,-9.0,0
2023-24,1610612760,Oklahoma City Thunder,118.3,111.0,7.3,100.85,2,0.6080396921830701,0.125,0.25,0,5,7.336,7.4,0.3829787234042554,0.2407614781634938,0,0.0,-4.0,1
2023-24,1610612742,Dallas Mavericks,117.0,114.9,2.1,100.6,2,0.5918674698795181,0.124,0.257,1,-2,2.296,2.2,0.4403567447045707,0.2508361204013378,0,0.0,4.0,0
2023-24,1610612742,Dallas Mavericks,117.0,114.9,2.1,100.6,2,0.5918674698795181,0.124,0.257,0,-2,2.296,2.2,0.4403567447045707,0.2508361204013378,0,304.2,-4.0,1
2023-24,1610612760,Oklahoma City Thunder,118.3,111.0,7.3,100.85,2,0.6080396921830701,0.125,0.25,1,5,7.336,7.4,0.3829787234042554,0.2407614781634938,0,304.2,4.0,0
2023-24,1610612742,Dallas Mavericks,117.0,114.9,2.1,100.6,3,0.5918674698795181,0.124,0.257,1,-2,2.296,2.2,0.4403567447045707,0.2508361204013378,0,304.2,12.0,1
2023-24,1610612760,Oklahoma City Thunder,118.3,111.0,7.3,100.85,3,0.6080396921830701,0.125,0.25,0,5,7.336,7.4,0.3829787234042554,0.2407614781634938,0,304.2,-12.0,0
2023-24,1610612750,Minnesota Timberwolves,114.6,108.4,6.3,97.79,6,0.5942614329588961,0.144,0.275,0,-1,6.383,6.5,0.3847058823529412,0.2694117647058823,0,942.1,6.0,1
2023-24,1610612743,Denver Nuggets,117.8,112.3,5.5,97.43,5,0.5888925335192096,0.13,0.3,1,1,5.225,5.3,0.3513513513513513,0.224099099099099,0,0.0,2.0,0
2023-24,1610612750,Minnesota Timberwolves,114.6,108.4,6.3,97.79,2,0.5942614329588961,0.144,0.275,0,-1,6.383,6.5,0.3847058823529412,0.2694117647058823,0,0.0,7.0,1
2023-24,1610612743,Denver Nuggets,117.8,112.3,5.5,97.43,2,0.5888925335192096,0.13,0.3,1,1,5.225,5.3,0.3513513513513513,0.224099099099099,0,0.0,-7.0,0
2023-24,1610612743,Denver Nuggets,117.8,112.3,5.5,97.43,4,0.5888925335192096,0.13,0.3,0,1,5.225,5.3,0.3513513513513513,0.224099099099099,0,1124.1,-26.0,1
2023-24,1610612750,Minnesota Timberwolves,114.6,108.4,6.3,97.79,4,0.5942614329588961,0.144,0.275,1,-1,6.383,6.5,0.3847058823529412,0.2694117647058823,0,1124.1,26.0,0
2023-24,1610612743,Denver Nuggets,117.8,112.3,5.5,97.43,2,0.5888925335192096,0.13,0.3,0,1,5.225,5.3,0.3513513513513513,0.224099099099099,0,0.0,27.0,1
2023-24,1610612750,Minnesota Timberwolves,114.6,108.4,6.3,97.79,2,0.5942614329588961,0.144,0.275,1,-1,6.383,6.5,0.3847058823529412,0.2694117647058823,0,0.0,-27.0,0
2023-24,1610612743,Denver Nuggets,117.8,112.3,5.5,97.43,2,0.5888925335192096,0.13,0.3,1,1,5.225,5.3,0.3513513513513513,0.224099099099099,0,1124.1,8.0,1
2023-24,1610612750,Minnesota Timberwolves,114.6,108.4,6.3,97.79,2,0.5942614329588961,0.144,0.275,0,-1,6.383,6.5,0.3847058823529412,0.2694117647058823,0,1124.1,-8.0,0
2023-24,1610612750,Minnesota Timberwolves,114.6,108.4,6.3,97.79,2,0.5942614329588961,0.144,0.275,1,-1,6.383,6.5,0.3847058823529412,0.2694117647058823,0,1124.1,-15.0,1
2023-24,1610612743,Denver Nuggets,117.8,112.3,5.5,97.43,2,0.5888925335192096,0.13,0.3,0,1,5.225,5.3,0.3513513513513513,0.224099099099099,0,1124.1,15.0,0
2023-24,1610612750,Minnesota Timberwolves,114.6,108.4,6.3,97.79,3,0.5942614329588961,0.144,0.275,0,-1,6.383,6.5,0.3847058823529412,0.2694117647058823,0,1124.1,45.0,1
2023-24,1610612743,Denver Nuggets,117.8,112.3,5.5,97.43,3,0.5888925335192096,0.13,0.3,1,1,5.225,5.3,0.3513513513513513,0.224099099099099,0,1124.1,-45.0,0
2023-24,1610612738,Boston Celtics,122.2,110.6,11.7,97.98,6,0.6085499757791054,0.121,0.287,1,2,10.743,11.3,0.4711751662971175,0.2239467849223946,0,0.0,15.0,1
2023-24,1610612754,Indiana Pacers,120.5,117.6,2.9,102.16,2,0.6060755013763272,0.126,0.284,0,1,2.75,3.0,0.3807982740021574,0.221143473570658,0,302.8,21.0,0
2023-24,1610612738,Boston Celtics,122.2,110.6,11.7,97.98,2,0.6085499757791054,0.121,0.287,1,2,10.743,11.3,0.4711751662971175,0.2239467849223946,0,0.0,5.0,1
2023-24,1610612754,Indiana Pacers,120.5,117.6,2.9,102.16,2,0.6060755013763272,0.126,0.284,0,1,2.75,3.0,0.3807982740021574,0.221143473570658,0,0.0,-5.0,0
2023-24,1610612738,Boston Celtics,122.2,110.6,11.7,97.98,2,0.6085499757791054,0.121,0.287,0,2,10.743,11.3,0.4711751662971175,0.2239467849223946,0,1296.2,16.0,1
2023-24,1610612754,Indiana Pacers,120.5,117.6,2.9,102.16,2,0.6060755013763272,0.126,0.284,1,1,2.75,3.0,0.3807982740021574,0.221143473570658,0,1296.2,-16.0,0
2023-24,1610612738,Boston Celtics,122.2,110.6,11.7,97.98,2,0.6085499757791054,0.121,0.287,0,2,10.743,11.3,0.4711751662971175,0.2239467849223946,0,0.0,3.0,1
2023-24,1610612754,Indiana Pacers,120.5,117.6,2.9,102.16,2,0.6060755013763272,0.126,0.284,1,1,2.75,3.0,0.3807982740021574,0.221143473570658,0,0.0,-3.0,0
2023-24,1610612742,Dallas Mavericks,117.0,114.9,2.1,100.6,4,0.5918674698795181,0.124,0.257,0,-2,2.296,2.2,0.4403567447045707,0.2508361204013378,0,1389.1,1.0,1
2023-24,1610612750,Minnesota Timberwolves,114.6,108.4,6.3,97.79,3,0.5942614329588961,0.144,0.275,1,-1,6.383,6.5,0.3847058823529412,0.2694117647058823,0,1124.1,8.0,0
2023-24,1610612742,Dallas Mavericks,117.0,114.9,2.1,100.6,2,0.5918674698795181,0.124,0.257,0,-2,2.296,2.2,0.4403567447045707,0.2508361204013378,0,0.0,3.0,1
2023-24,1610612750,Minnesota Timberwolves,114.6,108.4,6.3,97.79,2,0.5942614329588961,0.144,0.275,1,-1,6.383,6.5,0.3847058823529412,0.2694117647058823,0,0.0,-3.0,0
2023-24,1610612742,Dallas Mavericks,117.0,114.9,2.1,100.6,2,0.5918674698795181,0.124,0.257,1,-2,2.296,2.2,0.4403567447045707,0.2508361204013378,0,1389.1,1.0,1
2023-24,1610612750,Minnesota Timberwolves,114.6,108.4,6.3,97.79,2,0.5942614329588961,0.144,0.275,0,-1,6.383,6.5,0.3847058823529412,0.2694117647058823,0,1389.1,-1.0,0
2023-24,1610612750,Minnesota Timberwolves,114.6,108.4,6.3,97.79,2,0.5942614329588961,0.144,0.275,0,-1,6.383,6.5,0.3847058823529412,0.2694117647058823,0,0.0,-9.0,1
2023-24,1610612742,Dallas Mavericks,117.0,114.9,2.1,100.6,2,0.5918674698795181,0.124,0.257,1,-2,2.296,2.2,0.4403567447045707,0.2508361204013378,0,0.0,9.0,0
2023-24,1610612742,Dallas Mavericks,117.0,114.9,2.1,100.6,2,0.5918674698795181,0.124,0.257,0,-2,2.296,2.2,0.4403567447045707,0.2508361204013378,0,1389.1,-5.0,1
2023-24,1610612750,Minnesota Timberwolves,114.6,108.4,6.3,97.79,2,0.5942614329588961,0.144,0.275,1,-1,6.383,6.5,0.3847058823529412,0.2694117647058823,0,1389.1,5.0,0
2023-24,1610612738,Boston Celtics,122.2,110.6,11.7,97.98,10,0.6085499757791054,0.121,0.287,1,2,10.743,11.3,0.4711751662971175,0.2239467849223946,0,1296.2,3.0,1
2023-24,1610612742,Dallas Mavericks,117.0,114.9,2.1,100.6,7,0.5918674698795181,0.124,0.257,0,-2,2.296,2.2,0.4403567447045707,0.2508361204013378,0,1804.2,21.0,0
2023-24,1610612738,Boston Celtics,122.2,110.6,11.7,97.98,3,0.6085499757791054,0.121,0.287,1,2,10.743,11.3,0.4711751662971175,0.2239467849223946,0,0.0,18.0,1
2023-24,1610612742,Dallas Mavericks,117.0,114.9,2.1,100.6,3,0.5918674698795181,0.124,0.257,0,-2,2.296,2.2,0.4403567447045707,0.2508361204013378,0,0.0,-18.0,0
2023-24,1610612738,Boston Celtics,122.2,110.6,11.7,97.98,3,0.6085499757791054,0.121,0.287,0,2,10.743,11.3,0.4711751662971175,0.2239467849223946,0,2493.3,7.0,1
2023-24,1610612742,Dallas Mavericks,117.0,114.9,2.1,100.6,3,0.5918674698795181,0.124,0.257,1,-2,2.296,2.2,0.4403567447045707,0.2508361204013378,0,2493.3,-7.0,0
2023-24,1610612742,Dallas Mavericks,117.0,114.9,2.1,100.6,2,0.5918674698795181,0.124,0.257,1,-2,2.296,2.2,0.4403567447045707,0.2508361204013378,0,0.0,-7.0,1
2023-24,1610612738,Boston Celtics,122.2,110.6,11.7,97.98,2,0.6085499757791054,0.121,0.287,0,2,10.743,11.3,0.4711751662971175,0.2239467849223946,0,0.0,7.0,0
2023-24,1610612738,Boston Celtics,122.2,110.6,11.7,97.98,3,0.6085499757791054,0.121,0.287,1,2,10.743,11.3,0.4711751662971175,0.2239467849223946,0,2493.3,-38.0,1
2023-24,1610612742,Dallas Mavericks,117.0,114.9,2.1,100.6,3,0.5918674698795181,0.124,0.257,0,-2,2.296,2.2,0.4403567447045707,0.2508361204013378,0,2493.3,38.0,0
2024-25,1610612739,Cleveland Cavaliers,121.0,111.8,9.2,100.31,5,0.6068541160540046,0.131,0.296,1,-1,8.806,9.5,0.4570484581497797,0.2411894273127753,0,0.0,0.0,1
2024-25,1610612748,Miami Heat,112.4,112.0,0.4,97.08,5,0.5767145002502919,0.138,0.263,0,-1,0.109,0.6,0.428735632183908,0.232183908045977,0,0.0,0.0,0
2024-25,1610612739,Cleveland Cavaliers,121.0,111.8,9.2,100.31,3,0.6068541160540046,0.131,0.296,1,-1,8.806,9.5,0.4570484581497797,0.2411894273127753,0,0.0,21.0,1
2024-25,1610612748,Miami Heat,112.4,112.0,0.4,97.08,3,0.5767145002502919,0.138,0.263,0,-1,0.109,0.6,0.428735632183908,0.232183908045977,0,0.0,-21.0,0
2024-25,1610612739,Cleveland Cavaliers,121.0,111.8,9.2,100.31,3,0.6068541160540046,0.131,0.296,0,-1,8.806,9.5,0.4570484581497797,0.2411894273127753,0,1753.0,9.0,1
2024-25,1610612748,Miami Heat,112.4,112.0,0.4,97.08,3,0.5767145002502919,0.138,0.263,1,-1,0.109,0.6,0.428735632183908,0.232183908045977,0,1753.0,-9.0,0
2024-25,1610612739,Cleveland Cavaliers,121.0,111.8,9.2,100.31,2,0.6068541160540046,0.131,0.296,0,-1,8.806,9.5,0.4570484581497797,0.2411894273127753,0,0.0,37.0,1
2024-25,1610612748,Miami Heat,112.4,112.0,0.4,97.08,2,0.5767145002502919,0.138,0.263,1,-1,0.109,0.6,0.428735632183908,0.232183908045977,0,0.0,-37.0,0
2024-25,1610612738,Boston Celtics,119.5,110.1,9.4,96.59,5,0.5909312629567903,0.122,0.291,1,2,8.283,9.1,0.5355555555555556,0.2122222222222222,0,0.0,0.0,1
2024-25,1610612753,Orlando Magic,108.9,109.1,-0.2,96.51,5,0.5494161801501252,0.147,0.302,0,-1,-0.697,-0.1,0.4114219114219114,0.2680652680652681,0,0.0,0.0,0
2024-25,1610612738,Boston Celtics,119.5,110.1,9.4,96.59,3,0.5909312629567903,0.122,0.291,1,2,8.283,9.1,0.5355555555555556,0.2122222222222222,0,0.0,17.0,1
2024-25,1610612753,Orlando Magic,108.9,109.1,-0.2,96.51,3,0.5494161801501252,0.147,0.302,0,-1,-0.697,-0.1,0.4114219114219114,0.2680652680652681,0,0.0,-17.0,0
2024-25,1610612753,Orlando Magic,108.9,109.1,-0.2,96.51,2,0.5494161801501252,0.147,0.302,1,-1,-0.697,-0.1,0.4114219114219114,0.2680652680652681,0,1796.2,-9.0,1
2024-25,1610612738,Boston Celtics,119.5,110.1,9.4,96.59,2,0.5909312629567903,0.122,0.291,0,2,8.283,9.1,0.5355555555555556,0.2122222222222222,0,1796.2,9.0,0
2024-25,1610612738,Boston Celtics,119.5,110.1,9.4,96.59,2,0.5909312629567903,0.122,0.291,0,2,8.283,9.1,0.5355555555555556,0.2122222222222222,0,0.0,-2.0,1
2024-25,1610612753,Orlando Magic,108.9,109.1,-0.2,96.51,2,0.5494161801501252,0.147,0.302,1,-1,-0.697,-0.1,0.4114219114219114,0.2680652680652681,0,0.0,2.0,0
2024-25,1610612738,Boston Celtics,119.5,110.1,9.4,96.59,2,0.5909312629567903,0.122,0.291,1,2,8.283,9.1,0.5355555555555556,0.2122222222222222,0,1796.2,9.0,1
2024-25,1610612753,Orlando Magic,108.9,109.1,-0.2,96.51,2,0.5494161801501252,0.147,0.302,0,-1,-0.697,-0.1,0.4114219114219114,0.2680652680652681,0,1796.2,-9.0,0
2024-25,1610612752,New York Knicks,117.3,113.3,4.0,97.64,5,0.5889652927533873,0.134,0.305,1,1,3.589,4.1,0.382286995515695,0.2320627802690582,0,0.0,0.0,1
2024-25,1610612765,Detroit Pistons,114.6,112.5,2.1,100.27,5,0.5797494277797856,0.147,0.305,0,-2,1.734,1.9,0.3942093541202672,0.2483296213808463,0,0.0,0.0,0
2024-25,1610612765,Detroit Pistons,114.6,112.5,2.1,100.27,2,0.5797494277797856,0.147,0.305,0,-2,1.734,1.9,0.3942093541202672,0.2483296213808463,0,0.0,-11.0,1
2024-25,1610612752,New York Knicks,117.3,113.3,4.0,97.64,2,0.5889652927533873,0.134,0.305,1,1,3.589,4.1,0.382286995515695,0.2320627802690582,0,0.0,11.0,0
2024-25,1610612752,New York Knicks,117.3,113.3,4.0,97.64,3,0.5889652927533873,0.134,0.305,0,1,3.589,4.1,0.382286995515695,0.2320627802690582,0,774.2,-6.0,1
2024-25,1610612765,Detroit Pistons,114.6,112.5,2.1,100.27,3,0.5797494277797856,0.147,0.305,1,-2,1.734,1.9,0.3942093541202672,0.2483296213808463,0,774.2,6.0,0
2024-25,1610612752,New York Knicks,117.3,113.3,4.0,97.64,3,0.5889652927533873,0.134,0.305,0,1,3.589,4.1,0.382286995515695,0.2320627802690582,0,0.0,2.0,1
2024-25,1610612765,Detroit Pistons,114.6,112.5,2.1,100.27,3,0.5797494277797856,0.147,0.305,1,-2,1.734,1.9,0.3942093541202672,0.2483296213808463,0,0.0,-2.0,0
2024-25,1610612765,Detroit Pistons,114.6,112.5,2.1,100.27,2,0.5797494277797856,0.147,0.305,0,-2,1.734,1.9,0.3942093541202672,0.2483296213808463,0,774.2,-1.0,1
2024-25,1610612752,New York Knicks,117.3,113.3,4.0,97.64,2,0.5889652927533873,0.134,0.305,1,1,3.589,4.1,0.382286995515695,0.2320627802690582,0,774.2,1.0,0
2024-25,1610612752,New York Knicks,117.3,113.3,4.0,97.64,2,0.5889652927533873,0.134,0.305,0,1,3.589,4.1,0.382286995515695,0.2320627802690582,0,774.2,-3.0,1
2024-25,1610612765,Detroit Pistons,114.6,112.5,2.1,100.27,2,0.5797494277797856,0.147,0.305,1,-2,1.734,1.9,0.3942093541202672,0.2483296213808463,0,774.2,3.0,0
2024-25,1610612754,Indiana Pacers,115.4,113.3,2.1,100.76,5,0.5941055018015465,0.13,0.254,1,1,1.68,2.2,0.4008958566629339,0.2418812989921612,0,0.0,0.0,1
2024-25,1610612749,Milwaukee Bucks,115.1,112.7,2.4,99.92,5,0.598048962346216,0.133,0.235,0,8,2.121,2.5,0.4236111111111111,0.2673611111111111,0,0.0,0.0,0
2024-25,1610612754,Indiana Pacers,115.4,113.3,2.1,100.76,3,0.5941055018015465,0.13,0.254,1,1,1.68,2.2,0.4008958566629339,0.2418812989921612,0,0.0,19.0,1
2024-25,1610612749,Milwaukee Bucks,115.1,112.7,2.4,99.92,3,0.598048962346216,0.133,0.235,0,8,2.121,2.5,0.4236111111111111,0.2673611111111111,0,0.0,-19.0,0
2024-25,1610612749,Milwaukee Bucks,115.1,112.7,2.4,99.92,3,0.598048962346216,0.133,0.235,1,8,2.121,2.5,0.4236111111111111,0.2673611111111111,0,393.3,-8.0,1
2024-25,1610612754,Indiana Pacers,115.4,113.3,2.1,100.76,3,0.5941055018015465,0.13,0.254,0,1,1.68,2.2,0.4008958566629339,0.2418812989921612,0,393.3,8.0,0
2024-25,1610612754,Indiana Pacers,115.4,113.3,2.1,100.76,2,0.5941055018015465,0.13,0.254,0,1,1.68,2.2,0.4008958566629339,0.2418812989921612,0,0.0,-16.0,1
2024-25,1610612749,Milwaukee Bucks,115.1,112.7,2.4,99.92,2,0.598048962346216,0.133,0.235,1,8,2.121,2.5,0.4236111111111111,0.2673611111111111,0,0.0,16.0,0
2024-25,1610612754,Indiana Pacers,115.4,113.3,2.1,100.76,2,0.5941055018015465,0.13,0.254,1,1,1.68,2.2,0.4008958566629339,0.2418812989921612,0,393.3,26.0,1
2024-25,1610612749,Milwaukee Bucks,115.1,112.7,2.4,99.92,2,0.598048962346216,0.133,0.235,0,8,2.121,2.5,0.4236111111111111,0.2673611111111111,0,393.3,-26.0,0
2024-25,1610612760,Oklahoma City Thunder,119.2,106.6,12.7,100.9,5,0.5925685510838349,0.116,0.281,1,4,12.702,12.9,0.4185544768069039,0.2200647249190938,0,0.0,0.0,1
2024-25,1610612763,Memphis Grizzlies,117.2,112.6,4.7,103.69,5,0.5876274721878864,0.151,0.33,0,1,4.793,4.9,0.4062165058949625,0.2497320471596999,0,0.0,0.0,0
2024-25,1610612760,Oklahoma City Thunder,119.2,106.6,12.7,100.9,2,0.5925685510838349,0.116,0.281,1,4,12.702,12.9,0.4185544768069039,0.2200647249190938,0,0.0,51.0,1
2024-25,1610612763,Memphis Grizzlies,117.2,112.6,4.7,103.69,2,0.5876274721878864,0.151,0.33,0,1,4.793,4.9,0.4062165058949625,0.2497320471596999,0,0.0,-51.0,0
2024-25,1610612760,Oklahoma City Thunder,119.2,106.6,12.7,100.9,2,0.5925685510838349,0.116,0.281,0,4,12.702,12.9,0.4185544768069039,0.2200647249190938,0,678.2,19.0,1
2024-25,1610612763,Memphis Grizzlies,117.2,112.6,4.7,103.69,2,0.5876274721878864,0.151,0.33,1,1,4.793,4.9,0.4062165058949625,0.2497320471596999,0,678.2,-19.0,0
2024-25,1610612760,Oklahoma City Thunder,119.2,106.6,12.7,100.9,2,0.5925685510838349,0.116,0.281,0,4,12.702,12.9,0.4185544768069039,0.2200647249190938,0,0.0,6.0,1
2024-25,1610612763,Memphis Grizzlies,117.2,112.6,4.7,103.69,2,0.5876274721878864,0.151,0.33,1,1,4.793,4.9,0.4062165058949625,0.2497320471596999,0,0.0,-6.0,0
2024-25,1610612744,Golden State Warriors,114.2,111.0,3.2,99.37,5,0.5682953138108745,0.141,0.314,0,-1,3.557,3.3,0.4690265486725663,0.2444690265486725,0,0.0,0.0,1
2024-25,1610612745,Houston Rockets,114.9,110.3,4.6,99.03,5,0.5530074314909428,0.14,0.363,1,-3,4.965,4.5,0.3832976445396145,0.2419700214132762,0,0.0,0.0,0
2024-25,1610612745,Houston Rockets,114.9,110.3,4.6,99.03,3,0.5530074314909428,0.14,0.363,1,-3,4.965,4.5,0.3832976445396145,0.2419700214132762,0,0.0,-10.0,1
2024-25,1610612744,Golden State Warriors,114.2,111.0,3.2,99.37,3,0.5682953138108745,0.141,0.314,0,-1,3.557,3.3,0.4690265486725663,0.2444690265486725,0,0.0,10.0,0
2024-25,1610612744,Golden State Warriors,114.2,111.0,3.2,99.37,3,0.5682953138108745,0.141,0.314,1,-1,3.557,3.3,0.4690265486725663,0.2444690265486725,0,2641.2,-15.0,1
2024-25,1610612745,Houston Rockets,114.9,110.3,4.6,99.03,3,0.5530074314909428,0.14,0.363,0,-3,4.965,4.5,0.3832976445396145,0.2419700214132762,0,2641.2,15.0,0
2024-25,1610612744,Golden State Warriors,114.2,111.0,3.2,99.37,2,0.5682953138108745,0.141,0.314,1,-1,3.557,3.3,0.4690265486725663,0.2444690265486725,0,0.0,11.0,1
2024-25,1610612745,Houston Rockets,114.9,110.3,4.6,99.03,2,0.5530074314909428,0.14,0.363,0,-3,4.965,4.5,0.3832976445396145,0.2419700214132762,0,0.0,-11.0,0
2024-25,1610612745,Houston Rockets,114.9,110.3,4.6,99.03,2,0.5530074314909428,0.14,0.363,1,-3,4.965,4.5,0.3832976445396145,0.2419700214132762,0,2641.2,-3.0,1
2024-25,1610612744,Golden State Warriors,114.2,111.0,3.2,99.37,2,0.5682953138108745,0.141,0.314,0,-1,3.557,3.3,0.4690265486725663,0.2444690265486725,0,2641.2,3.0,0
2024-25,1610612745,Houston Rockets,114.9,110.3,4.6,99.03,2,0.5530074314909428,0.14,0.363,0,-3,4.965,4.5,0.3832976445396145,0.2419700214132762,0,2641.2,15.0,1
2024-25,1610612744,Golden State Warriors,114.2,111.0,3.2,99.37,2,0.5682953138108745,0.141,0.314,1,-1,3.557,3.3,0.4690265486725663,0.2444690265486725,0,2641.2,-15.0,0
2024-25,1610612744,Golden State Warriors,114.2,111.0,3.2,99.37,2,0.5682953138108745,0.141,0.314,0,-1,3.557,3.3,0.4690265486725663,0.2444690265486725,0,2641.2,-8.0,1
2024-25,1610612745,Houston Rockets,114.9,110.3,4.6,99.03,2,0.5530074314909428,0.14,0.363,1,-3,4.965,4.5,0.3832976445396145,0.2419700214132762,0,2641.2,8.0,0
2024-25,1610612750,Minnesota Timberwolves,115.7,110.8,5.0,97.95,5,0.5880113589595852,0.146,0.3,0,3,5.147,5.0,0.4554794520547945,0.2488584474885845,0,0.0,0.0,1
2024-25,1610612747,Los Angeles Lakers,115.0,113.8,1.2,98.34,5,0.5924269653529486,0.142,0.273,1,-1,1.449,1.2,0.4257309941520468,0.271345029239766,0,0.0,0.0,0
2024-25,1610612747,Los Angeles Lakers,115.0,113.8,1.2,98.34,3,0.5924269653529486,0.142,0.273,1,-1,1.449,1.2,0.4257309941520468,0.271345029239766,0,0.0,-22.0,1
2024-25,1610612750,Minnesota Timberwolves,115.7,110.8,5.0,97.95,3,0.5880113589595852,0.146,0.3,0,3,5.147,5.0,0.4554794520547945,0.2488584474885845,0,0.0,22.0,0
2024-25,1610612750,Minnesota Timberwolves,115.7,110.8,5.0,97.95,3,0.5880113589595852,0.146,0.3,1,3,5.147,5.0,0.4554794520547945,0.2488584474885845,0,2450.1,-9.0,1
2024-25,1610612747,Los Angeles Lakers,115.0,113.8,1.2,98.34,3,0.5924269653529486,0.142,0.273,0,-1,1.449,1.2,0.4257309941520468,0.271345029239766,0,2450.1,9.0,0
2024-25,1610612750,Minnesota Timberwolves,115.7,110.8,5.0,97.95,2,0.5880113589595852,0.146,0.3,1,3,5.147,5.0,0.4554794520547945,0.2488584474885845,0,0.0,12.0,1
2024-25,1610612747,Los Angeles Lakers,115.0,113.8,1.2,98.34,2,0.5924269653529486,0.142,0.273,0,-1,1.449,1.2,0.4257309941520468,0.271345029239766,0,0.0,-12.0,0
2024-25,1610612750,Minnesota Timberwolves,115.7,110.8,5.0,97.95,3,0.5880113589595852,0.146,0.3,0,3,5.147,5.0,0.4554794520547945,0.2488584474885845,0,2450.1,3.0,1
2024-25,1610612747,Los Angeles Lakers,115.0,113.8,1.2,98.34,3,0.5924269653529486,0.142,0.273,1,-1,1.449,1.2,0.4257309941520468,0.271345029239766,0,2450.1,-3.0,0
2024-25,1610612743,Denver Nuggets,118.9,115.1,3.8,100.67,5,0.6036860832367169,0.14,0.311,1,3,3.967,3.9,0.3552338530066815,0.2594654788418708,0,0.0,0.0,1
2024-25,1610612746,LA Clippers,114.3,109.4,4.9,98.24,5,0.5889533427927552,0.151,0.282,0,8,4.841,4.7,0.3870220162224797,0.2514484356894554,0,0.0,0.0,0
2024-25,1610612746,LA Clippers,114.3,109.4,4.9,98.24,2,0.5889533427927552,0.151,0.282,0,8,4.841,4.7,0.3870220162224797,0.2514484356894554,0,0.0,-2.0,1
2024-25,1610612743,Denver Nuggets,118.9,115.1,3.8,100.67,2,0.6036860832367169,0.14,0.311,1,3,3.967,3.9,0.3552338530066815,0.2594654788418708,0,0.0,2.0,0
2024-25,1610612746,LA Clippers,114.3,109.4,4.9,98.24,3,0.5889533427927552,0.151,0.282,1,8,4.841,4.7,0.3870220162224797,0.2514484356894554,0,1348.6,3.0,1
2024-25,1610612743,Denver Nuggets,118.9,115.1,3.8,100.67,3,0.6036860832367169,0.14,0.311,0,3,3.967,3.9,0.3552338530066815,0.2594654788418708,0,1348.6,-3.0,0
2024-25,1610612743,Denver Nuggets,118.9,115.1,3.8,100.67,2,0.6036860832367169,0.14,0.311,0,3,3.967,3.9,0.3552338530066815,0.2594654788418708,0,0.0,-34.0,1
2024-25,1610612746,LA Clippers,114.3,109.4,4.9,98.24,2,0.5889533427927552,0.151,0.282,1,8,4.841,4.7,0.3870220162224797,0.2514484356894554,0,0.0,34.0,0
2024-25,1610612743,Denver Nuggets,118.9,115.1,3.8,100.67,3,0.6036860832367169,0.14,0.311,1,3,3.967,3.9,0.3552338530066815,0.2594654788418708,0,1348.6,2.0,1
2024-25,1610612746,LA Clippers,114.3,109.4,4.9,98.24,3,0.5889533427927552,0.151,0.282,0,8,4.841,4.7,0.3870220162224797,0.2514484356894554,0,1348.6,-2.0,0
2024-25,1610612746,LA Clippers,114.3,109.4,4.9,98.24,2,0.5889533427927552,0.151,0.282,1,8,4.841,4.7,0.3870220162224797,0.2514484356894554,0,1348.6,-16.0,1
2024-25,1610612743,Denver Nuggets,118.9,115.1,3.8,100.67,2,0.6036860832367169,0.14,0.311,0,3,3.967,3.9,0.3552338530066815,0.2594654788418708,0,1348.6,16.0,0
2024-25,1610612743,Denver Nuggets,118.9,115.1,3.8,100.67,2,0.6036860832367169,0.14,0.311,1,3,3.967,3.9,0.3552338530066815,0.2594654788418708,0,1348.6,-6.0,1
2024-25,1610612746,LA Clippers,114.3,109.4,4.9,98.24,2,0.5889533427927552,0.151,0.282,0,8,4.841,4.7,0.3870220162224797,0.2514484356894554,0,1348.6,6.0,0
2024-25,1610612754,Indiana Pacers,115.4,113.3,2.1,100.76,5,0.5941055018015465,0.13,0.254,0,1,1.68,2.2,0.4008958566629339,0.2418812989921612,0,423.4,1.0,1
2024-25,1610612739,Cleveland Cavaliers,121.0,111.8,9.2,100.31,6,0.6068541160540046,0.131,0.296,1,-1,8.806,9.5,0.4570484581497797,0.2411894273127753,0,1753.0,55.0,0
2024-25,1610612754,Indiana Pacers,115.4,113.3,2.1,100.76,2,0.5941055018015465,0.13,0.254,0,1,1.68,2.2,0.4008958566629339,0.2418812989921612,0,0.0,9.0,1
2024-25,1610612739,Cleveland Cavaliers,121.0,111.8,9.2,100.31,2,0.6068541160540046,0.131,0.296,1,-1,8.806,9.5,0.4570484581497797,0.2411894273127753,0,0.0,-9.0,0
2024-25,1610612739,Cleveland Cavaliers,121.0,111.8,9.2,100.31,3,0.6068541160540046,0.131,0.296,0,-1,8.806,9.5,0.4570484581497797,0.2411894273127753,0,423.4,-1.0,1
2024-25,1610612754,Indiana Pacers,115.4,113.3,2.1,100.76,3,0.5941055018015465,0.13,0.254,1,1,1.68,2.2,0.4008958566629339,0.2418812989921612,0,423.4,1.0,0
2024-25,1610612754,Indiana Pacers,115.4,113.3,2.1,100.76,2,0.5941055018015465,0.13,0.254,1,1,1.68,2.2,0.4008958566629339,0.2418812989921612,0,0.0,-22.0,1
2024-25,1610612739,Cleveland Cavaliers,121.0,111.8,9.2,100.31,2,0.6068541160540046,0.131,0.296,0,-1,8.806,9.5,0.4570484581497797,0.2411894273127753,0,0.0,22.0,0
2024-25,1610612754,Indiana Pacers,115.4,113.3,2.1,100.76,2,0.5941055018015465,0.13,0.254,0,1,1.68,2.2,0.4008958566629339,0.2418812989921612,0,423.4,20.0,1
2024-25,1610612739,Cleveland Cavaliers,121.0,111.8,9.2,100.31,2,0.6068541160540046,0.131,0.296,1,-1,8.806,9.5,0.4570484581497797,0.2411894273127753,0,423.4,-20.0,0
2024-25,1610612752,New York Knicks,117.3,113.3,4.0,97.64,4,0.5889652927533873,0.134,0.305,0,1,3.589,4.1,0.382286995515695,0.2320627802690582,0,984.7,3.0,1
2024-25,1610612738,Boston Celtics,119.5,110.1,9.4,96.59,6,0.5909312629567903,0.122,0.291,1,2,8.283,9.1,0.5355555555555556,0.2122222222222222,0,0.0,31.0,0
2024-25,1610612752,New York Knicks,117.3,113.3,4.0,97.64,2,0.5889652927533873,0.134,0.305,0,1,3.589,4.1,0.382286995515695,0.2320627802690582,0,0.0,3.0,1
2024-25,1610612738,Boston Celtics,119.5,110.1,9.4,96.59,2,0.5909312629567903,0.122,0.291,1,2,8.283,9.1,0.5355555555555556,0.2122222222222222,0,0.0,-3.0,0
2024-25,1610612738,Boston Celtics,119.5,110.1,9.4,96.59,3,0.5909312629567903,0.122,0.291,0,2,8.283,9.1,0.5355555555555556,0.2122222222222222,0,302.8,-1.0,1
2024-25,1610612752,New York Knicks,117.3,113.3,4.0,97.64,3,0.5889652927533873,0.134,0.305,1,1,3.589,4.1,0.382286995515695,0.2320627802690582,0,302.8,1.0,0
2024-25,1610612752,New York Knicks,117.3,113.3,4.0,97.64,2,0.5889652927533873,0.134,0.305,1,1,3.589,4.1,0.382286995515695,0.2320627802690582,0,0.0,-22.0,1
2024-25,1610612738,Boston Celtics,119.5,110.1,9.4,96.59,2,0.5909312629567903,0.122,0.291,0,2,8.283,9.1,0.5355555555555556,0.2122222222222222,0,0.0,22.0,0
2024-25,1610612738,Boston Celtics,119.5,110.1,9.4,96.59,2,0.5909312629567903,0.122,0.291,1,2,8.283,9.1,0.5355555555555556,0.2122222222222222,0,302.8,-8.0,1
2024-25,1610612752,New York Knicks,117.3,113.3,4.0,97.64,2,0.5889652927533873,0.134,0.305,0,1,3.589,4.1,0.382286995515695,0.2320627802690582,0,302.8,8.0,0
2024-25,1610612752,New York Knicks,117.3,113.3,4.0,97.64,2,0.5889652927533873,0.134,0.305,1,1,3.589,4.1,0.382286995515695,0.2320627802690582,0,302.8,-25.0,1
2024-25,1610612738,Boston Celtics,119.5,110.1,9.4,96.59,2,0.5909312629567903,0.122,0.291,0,2,8.283,9.1,0.5355555555555556,0.2122222222222222,0,302.8,25.0,0
2024-25,1610612743,Denver Nuggets,118.9,115.1,3.8,100.67,2,0.6036860832367169,0.14,0.311,0,3,3.967,3.9,0.3552338530066815,0.2594654788418708,0,813.6,19.0,1
2024-25,1610612760,Oklahoma City Thunder,119.2,106.6,12.7,100.9,9,0.5925685510838349,0.116,0.281,1,4,12.702,12.9,0.4185544768069039,0.2200647249190938,0,678.2,2.0,0
2024-25,1610612760,Oklahoma City Thunder,119.2,106.6,12.7,100.9,2,0.5925685510838349,0.116,0.281,1,4,12.702,12.9,0.4185544768069039,0.2200647249190938,0,0.0,-2.0,1
2024-25,1610612743,Denver Nuggets,118.9,115.1,3.8,100.67,2,0.6036860832367169,0.14,0.311,0,3,3.967,3.9,0.3552338530066815,0.2594654788418708,0,0.0,2.0,0
2024-25,1610612743,Denver Nuggets,118.9,115.1,3.8,100.67,2,0.6036860832367169,0.14,0.311,1,3,3.967,3.9,0.3552338530066815,0.2594654788418708,0,813.6,-43.0,1
2024-25,1610612760,Oklahoma City Thunder,119.2,106.6,12.7,100.9,2,0.5925685510838349,0.116,0.281,0,4,12.702,12.9,0.4185544768069039,0.2200647249190938,0,813.6,43.0,0
2024-25,1610612760,Oklahoma City Thunder,119.2,106.6,12.7,100.9,2,0.5925685510838349,0.116,0.281,0,4,12.702,12.9,0.4185544768069039,0.2200647249190938,0,0.0,-9.0,1
2024-25,1610612743,Denver Nuggets,118.9,115.1,3.8,100.67,2,0.6036860832367169,0.14,0.311,1,3,3.967,3.9,0.3552338530066815,0.2594654788418708,0,0.0,9.0,0
2024-25,1610612760,Oklahoma City Thunder,119.2,106.6,12.7,100.9,2,0.5925685510838349,0.116,0.281,1,4,12.702,12.9,0.4185544768069039,0.2200647249190938,0,813.6,5.0,1
2024-25,1610612743,Denver Nuggets,118.9,115.1,3.8,100.67,2,0.6036860832367169,0.14,0.311,0,3,3.967,3.9,0.3552338530066815,0.2594654788418708,0,813.6,-5.0,0
2024-25,1610612743,Denver Nuggets,118.9,115.1,3.8,100.67,2,0.6036860832367169,0.14,0.311,1,3,3.967,3.9,0.3552338530066815,0.2594654788418708,0,813.6,-7.0,1
2024-25,1610612760,Oklahoma City Thunder,119.2,106.6,12.7,100.9,2,0.5925685510838349,0.116,0.281,0,4,12.702,12.9,0.4185544768069039,0.2200647249190938,0,813.6,7.0,0
2024-25,1610612760,Oklahoma City Thunder,119.2,106.6,12.7,100.9,3,0.5925685510838349,0.116,0.281,1,4,12.702,12.9,0.4185544768069039,0.2200647249190938,0,813.6,-12.0,1
2024-25,1610612743,Denver Nuggets,118.9,115.1,3.8,100.67,3,0.6036860832367169,0.14,0.311,0,3,3.967,3.9,0.3552338530066815,0.2594654788418708,0,813.6,12.0,0
2024-25,1610612744,Golden State Warriors,114.2,111.0,3.2,99.37,2,0.5682953138108745,0.141,0.314,0,-1,3.557,3.3,0.4690265486725663,0.2444690265486725,0,1703.1,14.0,1
2024-25,1610612750,Minnesota Timberwolves,115.7,110.8,5.0,97.95,6,0.5880113589595852,0.146,0.3,1,3,5.147,5.0,0.4554794520547945,0.2488584474885845,0,2450.1,7.0,0
2024-25,1610612750,Minnesota Timberwolves,115.7,110.8,5.0,97.95,2,0.5880113589595852,0.146,0.3,1,3,5.147,5.0,0.4554794520547945,0.2488584474885845,0,0.0,-11.0,1
2024-25,1610612744,Golden State Warriors,114.2,111.0,3.2,99.37,2,0.5682953138108745,0.141,0.314,0,-1,3.557,3.3,0.4690265486725663,0.2444690265486725,0,0.0,11.0,0
2024-25,1610612750,Minnesota Timberwolves,115.7,110.8,5.0,97.95,2,0.5880113589595852,0.146,0.3,0,3,5.147,5.0,0.4554794520547945,0.2488584474885845,0,2541.9,24.0,1
2024-25,1610612744,Golden State Warriors,114.2,111.0,3.2,99.37,2,0.5682953138108745,0.141,0.314,1,-1,3.557,3.3,0.4690265486725663,0.2444690265486725,0,2541.9,-24.0,0
2024-25,1610612750,Minnesota Timberwolves,115.7,110.8,5.0,97.95,2,0.5880113589595852,0.146,0.3,0,3,5.147,5.0,0.4554794520547945,0.2488584474885845,0,0.0,5.0,1
2024-25,1610612744,Golden State Warriors,114.2,111.0,3.2,99.37,2,0.5682953138108745,0.141,0.314,1,-1,3.557,3.3,0.4690265486725663,0.2444690265486725,0,0.0,-5.0,0
2024-25,1610612750,Minnesota Timberwolves,115.7,110.8,5.0,97.95,2,0.5880113589595852,0.146,0.3,1,3,5.147,5.0,0.4554794520547945,0.2488584474885845,0,2541.9,7.0,1
2024-25,1610612744,Golden State Warriors,114.2,111.0,3.2,99.37,2,0.5682953138108745,0.141,0.314,0,-1,3.557,3.3,0.4690265486725663,0.2444690265486725,0,2541.9,-7.0,0
2024-25,1610612754,Indiana Pacers,115.4,113.3,2.1,100.76,8,0.5941055018015465,0.13,0.254,0,1,1.68,2.2,0.4008958566629339,0.2418812989921612,0,649.6,9.0,1
2024-25,1610612752,New York Knicks,117.3,113.3,4.0,97.64,5,0.5889652927533873,0.134,0.305,1,1,3.589,4.1,0.382286995515695,0.2320627802690582,0,0.0,38.0,0
2024-25,1610612754,Indiana Pacers,115.4,113.3,2.1,100.76,2,0.5941055018015465,0.13,0.254,0,1,1.68,2.2,0.4008958566629339,0.2418812989921612,0,0.0,3.0,1
2024-25,1610612752,New York Knicks,117.3,113.3,4.0,97.64,2,0.5889652927533873,0.134,0.305,1,1,3.589,4.1,0.382286995515695,0.2320627802690582,0,0.0,-3.0,0
2024-25,1610612752,New York Knicks,117.3,113.3,4.0,97.64,2,0.5889652927533873,0.134,0.305,0,1,3.589,4.1,0.382286995515695,0.2320627802690582,0,1037.1,-5.0,1
2024-25,1610612754,Indiana Pacers,115.4,113.3,2.1,100.76,2,0.5941055018015465,0.13,0.254,1,1,1.68,2.2,0.4008958566629339,0.2418812989921612,0,1037.1,5.0,0
2024-25,1610612754,Indiana Pacers,115.4,113.3,2.1,100.76,2,0.5941055018015465,0.13,0.254,1,1,1.68,2.2,0.4008958566629339,0.2418812989921612,0,0.0,-6.0,1
2024-25,1610612752,New York Knicks,117.3,113.3,4.0,97.64,2,0.5889652927533873,0.134,0.305,0,1,3.589,4.1,0.382286995515695,0.2320627802690582,0,0.0,6.0,0
2024-25,1610612752,New York Knicks,117.3,113.3,4.0,97.64,2,0.5889652927533873,0.134,0.305,1,1,3.589,4.1,0.382286995515695,0.2320627802690582,0,1037.1,-9.0,1
2024-25,1610612754,Indiana Pacers,115.4,113.3,2.1,100.76,2,0.5941055018015465,0.13,0.254,0,1,1.68,2.2,0.4008958566629339,0.2418812989921612,0,1037.1,9.0,0
2024-25,1610612754,Indiana Pacers,115.4,113.3,2.1,100.76,2,0.5941055018015465,0.13,0.254,1,1,1.68,2.2,0.4008958566629339,0.2418812989921612,0,1037.1,-17.0,1
2024-25,1610612752,New York Knicks,117.3,113.3,4.0,97.64,2,0.5889652927533873,0.134,0.305,0,1,3.589,4.1,0.382286995515695,0.2320627802690582,0,1037.1,17.0,0
2024-25,1610612760,Oklahoma City Thunder,119.2,106.6,12.7,100.9,2,0.5925685510838349,0.116,0.281,1,4,12.702,12.9,0.4185544768069039,0.2200647249190938,0,0.0,32.0,1
2024-25,1610612750,Minnesota Timberwolves,115.7,110.8,5.0,97.95,6,0.5880113589595852,0.146,0.3,0,3,5.147,5.0,0.4554794520547945,0.2488584474885845,0,1117.2,11.0,0
2024-25,1610612760,Oklahoma City Thunder,119.2,106.6,12.7,100.9,2,0.5925685510838349,0.116,0.281,1,4,12.702,12.9,0.4185544768069039,0.2200647249190938,0,0.0,26.0,1
2024-25,1610612750,Minnesota Timberwolves,115.7,110.8,5.0,97.95,2,0.5880113589595852,0.146,0.3,0,3,5.147,5.0,0.4554794520547945,0.2488584474885845,0,0.0,-26.0,0
2024-25,1610612750,Minnesota Timberwolves,115.7,110.8,5.0,97.95,2,0.5880113589595852,0.146,0.3,1,3,5.147,5.0,0.4554794520547945,0.2488584474885845,0,1117.2,-15.0,1
2024-25,1610612760,Oklahoma City Thunder,119.2,106.6,12.7,100.9,2,0.5925685510838349,0.116,0.281,0,4,12.702,12.9,0.4185544768069039,0.2200647249190938,0,1117.2,15.0,0
2024-25,1610612760,Oklahoma City Thunder,119.2,106.6,12.7,100.9,2,0.5925685510838349,0.116,0.281,0,4,12.702,12.9,0.4185544768069039,0.2200647249190938,0,0.0,-42.0,1
2024-25,1610612750,Minnesota Timberwolves,115.7,110.8,5.0,97.95,2,0.5880113589595852,0.146,0.3,1,3,5.147,5.0,0.4554794520547945,0.2488584474885845,0,0.0,42.0,0
2024-25,1610612760,Oklahoma City Thunder,119.2,106.6,12.7,100.9,2,0.5925685510838349,0.116,0.281,1,4,12.702,12.9,0.4185544768069039,0.2200647249190938,0,1117.2,2.0,1
2024-25,1610612750,Minnesota Timberwolves,115.7,110.8,5.0,97.95,2,0.5880113589595852,0.146,0.3,0,3,5.147,5.0,0.4554794520547945,0.2488584474885845,0,1117.2,-2.0,0
2024-25,1610612754,Indiana Pacers,115.4,113.3,2.1,100.76,5,0.5941055018015465,0.13,0.254,0,1,1.68,2.2,0.4008958566629339,0.2418812989921612,0,1107.8,17.0,1
2024-25,1610612760,Oklahoma City Thunder,119.2,106.6,12.7,100.9,8,0.5925685510838349,0.116,0.281,1,4,12.702,12.9,0.4185544768069039,0.2200647249190938,0,0.0,30.0,0
2024-25,1610612760,Oklahoma City Thunder,119.2,106.6,12.7,100.9,3,0.5925685510838349,0.116,0.281,1,4,12.702,12.9,0.4185544768069039,0.2200647249190938,0,0.0,-1.0,1
2024-25,1610612754,Indiana Pacers,115.4,113.3,2.1,100.76,3,0.5941055018015465,0.13,0.254,0,1,1.68,2.2,0.4008958566629339,0.2418812989921612,0,0.0,1.0,0
2024-25,1610612754,Indiana Pacers,115.4,113.3,2.1,100.76,3,0.5941055018015465,0.13,0.254,1,1,1.68,2.2,0.4008958566629339,0.2418812989921612,0,1107.8,-16.0,1
2024-25,1610612760,Oklahoma City Thunder,119.2,106.6,12.7,100.9,3,0.5925685510838349,0.116,0.281,0,4,12.702,12.9,0.4185544768069039,0.2200647249190938,0,1107.8,16.0,0
2024-25,1610612760,Oklahoma City Thunder,119.2,106.6,12.7,100.9,2,0.5925685510838349,0.116,0.281,0,4,12.702,12.9,0.4185544768069039,0.2200647249190938,0,0.0,-9.0,1
2024-25,1610612754,Indiana Pacers,115.4,113.3,2.1,100.76,2,0.5941055018015465,0.13,0.254,1,1,1.68,2.2,0.4008958566629339,0.2418812989921612,0,0.0,9.0,0
2024-25,1610612760,Oklahoma City Thunder,119.2,106.6,12.7,100.9,3,0.5925685510838349,0.116,0.281,1,4,12.702,12.9,0.4185544768069039,0.2200647249190938,0,1107.8,7.0,1
2024-25,1610612754,Indiana Pacers,115.4,113.3,2.1,100.76,3,0.5941055018015465,0.13,0.254,0,1,1.68,2.2,0.4008958566629339,0.2418812989921612,0,1107.8,-7.0,0
2024-25,1610612754,Indiana Pacers,115.4,113.3,2.1,100.76,3,0.5941055018015465,0.13,0.254,1,1,1.68,2.2,0.4008958566629339,0.2418812989921612,0,1107.8,-11.0,1
2024-25,1610612760,Oklahoma City Thunder,119.2,106.6,12.7,100.9,3,0.5925685510838349,0.116,0.281,0,4,12.702,12.9,0.4185544768069039,0.2200647249190938,0,1107.8,11.0,0
2024-25,1610612760,Oklahoma City Thunder,119.2,106.6,12.7,100.9,3,0.5925685510838349,0.116,0.281,1,4,12.702,12.9,0.4185544768069039,0.2200647249190938,0,1107.8,-17.0,1
2024-25,1610612754,Indiana Pacers,115.4,113.3,2.1,100.76,3,0.5941055018015465,0.13,0.254,0,1,1.68,2.2,0.4008958566629339,0.2418812989921612,0,1107.8,17.0,0
