season,week,game_type,game_date,game_id,espn_id,team,opp,team_name,opp_name,home,div_game,elo,opp_elo,elo_diff,off_epa,def_epa,opp_off_epa,opp_def_epa,off_pass_epa,def_pass_epa,opp_off_pass_epa,opp_def_pass_epa,net_epa_diff,qb_id,opp_qb_id,last_qb_id,opp_last_qb_id,qb_epa,opp_qb_epa,qb_epa_diff,qb_changed,opp_qb_changed,rest_days,opp_rest_days,rest_diff,off_bye,opp_off_bye,travel_km,opp_travel_km,travel_diff_1000km,prev_season_win_pct_diff,prev_season_point_diff_diff,win_pct_last5,point_diff_last5,opp_win_pct_last5,opp_point_diff_last5,vegas_prob,win
2026,1,REG,2026-09-09,2026_01_NE_SEA,401872656,SEA,NE,Seattle Seahawks,New England Patriots,1,0,1675.9,1600.1,75.8,0.047,-0.1233,0.0356,-0.0878,0.1272,-0.1025,0.1159,-0.0816,0.0469,00-0034869,00-0039851,00-0034869,00-0039851,0.0376,0.1187,-0.0812,0,0,7,7,0,0,0,0,3999,-3.999,0.0,1.24,0.5,0.0,0.5,0.0,0.5996,1.0
2026,1,REG,2026-09-09,2026_01_NE_SEA,401872656,NE,SEA,New England Patriots,Seattle Seahawks,0,0,1600.1,1675.9,-75.8,0.0356,-0.0878,0.047,-0.1233,0.1159,-0.0816,0.1272,-0.1025,-0.0469,00-0039851,00-0034869,00-0039851,00-0034869,0.1187,0.0376,0.0812,0,0,7,7,0,0,0,3999,0,3.999,0.0,-1.24,0.5,0.0,0.5,0.0,0.4004,0.0
2026,1,REG,2026-09-10,2026_01_SF_LA,401872657,LA,SF,Los Angeles Rams,San Francisco 49ers,0,1,1610.5,1560.1,50.4,0.1088,-0.0042,0.0217,0.0616,0.1617,0.0602,0.0792,0.1119,0.1529,00-0026498,00-0037834,00-0026498,00-0037834,0.1294,0.1718,-0.0424,0,0,7,7,0,0,0,12760,12670,0.09,0.0,6.24,0.5,0.0,0.5,0.0,0.6575,0.0
2026,1,REG,2026-09-10,2026_01_SF_LA,401872657,SF,LA,San Francisco 49ers,Los Angeles Rams,0,1,1560.1,1610.5,-50.4,0.0217,0.0616,0.1088,-0.0042,0.0792,0.1119,0.1617,0.0602,-0.1529,00-0037834,00-0026498,00-0037834,00-0026498,0.1718,0.1294,0.0424,0,0,7,7,0,0,0,12670,12760,-0.09,0.0,-6.24,0.5,0.0,0.5,0.0,0.3425,1.0
2026,1,REG,2026-09-13,2026_01_ATL_PIT,401872658,PIT,ATL,Pittsburgh Steelers,Atlanta Falcons,1,0,1513.4,1475.4,38.0,-0.0377,0.0141,-0.0089,0.0042,-0.0336,0.0571,0.0383,0.0302,-0.0388,00-0023459,00-0033662,00-0023459,00-0029604,0.0713,-0.0968,0.1681,0,1,7,7,0,0,0,0,839,-0.839,0.118,3.41,0.5,0.0,0.5,0.0,0.718,1.0
2026,1,REG,2026-09-13,2026_01_ATL_PIT,401872658,ATL,PIT,Atlanta Falcons,Pittsburgh Steelers,0,0,1475.4,1513.4,-38.0,-0.0089,0.0042,-0.0377,0.0141,0.0383,0.0302,-0.0336,0.0571,0.0388,00-0033662,00-0023459,00-0029604,00-0023459,-0.0968,0.0713,-0.1681,1,0,7,7,0,0,0,839,0,0.839,-0.118,-3.41,0.5,0.0,0.5,0.0,0.282,0.0
2026,1,REG,2026-09-13,2026_01_BAL_IND,401872659,IND,BAL,Indianapolis Colts,Baltimore Ravens,1,0,1470.6,1545.8,-75.1,0.0144,0.0259,0.0567,0.0026,0.0365,0.0942,0.085,0.0711,-0.0655,00-0035710,00-0034796,00-0040206,00-0034796,0.0057,0.1519,-0.1462,1,0,7,7,0,0,0,0,820,-0.82,0.0,1.65,0.5,0.0,0.5,0.0,0.4066,0.0
2026,1,REG,2026-09-13,2026_01_BAL_IND,401872659,BAL,IND,Baltimore Ravens,Indianapolis Colts,0,0,1545.8,1470.6,75.1,0.0567,0.0026,0.0144,0.0259,0.085,0.0711,0.0365,0.0942,0.0655,00-0034796,00-0035710,00-0034796,00-0040206,0.1519,0.0057,0.1462,0,1,7,7,0,0,0,820,0,0.82,0.0,-1.65,0.5,0.0,0.5,0.0,0.5934,1.0
2026,1,REG,2026-09-13,2026_01_BUF_HOU,401872660,HOU,BUF,Houston Texans,Buffalo Bills,1,0,1607.9,1606.8,1.1,-0.0317,-0.1192,0.1077,-0.01,0.0247,-0.0964,0.1582,-0.018,-0.0302,00-0039163,00-0034857,00-0039163,00-0034857,0.037,0.179,-0.142,0,0,7,7,0,0,0,0,2076,-2.076,0.0,-0.41,0.5,0.0,0.5,0.0,0.4957,0.0
2026,1,REG,2026-09-13,2026_01_BUF_HOU,401872660,BUF,HOU,Buffalo Bills,Houston Texans,0,0,1606.8,1607.9,-1.1,0.1077,-0.01,-0.0317,-0.1192,0.1582,-0.018,0.0247,-0.0964,0.0302,00-0034857,00-0039163,00-0034857,00-0039163,0.179,0.037,0.142,0,0,7,7,0,0,0,2076,0,2.076,0.0,0.41,0.5,0.0,0.5,0.0,0.5043,1.0
2026,1,REG,2026-09-13,2026_01_CHI_CAR,401872661,CAR,CHI,Carolina Panthers,Chicago Bears,1,0,1434.1,1532.9,-98.7,-0.0348,0.0568,0.0511,0.0386,0.0131,0.1063,0.0916,0.091,-0.1041,00-0039150,00-0039918,00-0039150,00-0039918,-0.0679,0.0393,-0.1071,0,0,7,7,0,0,0,0,943,-0.943,-0.176,-5.59,0.5,0.0,0.5,0.0,0.4004,0.0
2026,1,REG,2026-09-13,2026_01_CHI_CAR,401872661,CHI,CAR,Chicago Bears,Carolina Panthers,0,0,1532.9,1434.1,98.7,0.0511,0.0386,-0.0348,0.0568,0.0916,0.091,0.0131,0.1063,0.1041,00-0039918,00-0039150,00-0039918,00-0039150,0.0393,-0.0679,0.1071,0,0,7,7,0,0,0,943,0,0.943,0.176,5.59,0.5,0.0,0.5,0.0,0.5996,1.0
2026,1,REG,2026-09-13,2026_01_CLE_JAX,401872922,JAX,CLE,Jacksonville Jaguars,Cleveland Browns,1,0,1572.6,1426.4,146.2,0.0435,-0.0573,-0.1455,-0.0604,0.1252,-0.0592,-0.1648,-0.102,0.1859,00-0036971,00-0033537,00-0036971,00-0040668,0.0461,0.0504,-0.0043,0,1,7,7,0,0,0,0,1243,-1.243,0.471,14.0,0.5,0.0,0.5,0.0,0.7914,1.0
2026,1,REG,2026-09-13,2026_01_CLE_JAX,401872922,CLE,JAX,Cleveland Browns,Jacksonville Jaguars,0,0,1426.4,1572.6,-146.2,-0.1455,-0.0604,0.0435,-0.0573,-0.1648,-0.102,0.1252,-0.0592,-0.1859,00-0033537,00-0036971,00-0040668,00-0036971,0.0504,0.0461,0.0043,1,0,7,7,0,0,0,1243,0,1.243,-0.471,-14.0,0.5,0.0,0.5,0.0,0.2086,0.0
2026,1,REG,2026-09-13,2026_01_NO_DET,401872923,DET,NO,Detroit Lions,New Orleans Saints,1,0,1557.2,1441.9,115.3,0.0383,0.0183,-0.0425,-0.0659,0.1208,0.0283,0.0094,-0.0191,-0.0033,00-0033106,00-0040743,00-0033106,00-0040743,0.1424,-0.0052,0.1477,0,0,7,7,0,0,0,0,1514,-1.514,0.176,8.53,0.5,0.0,0.5,0.0,0.7335,1.0
2026,1,REG,2026-09-13,2026_01_NO_DET,401872923,NO,DET,New Orleans Saints,Detroit Lions,0,0,1441.9,1557.2,-115.3,-0.0425,-0.0659,0.0383,0.0183,0.0094,-0.0191,0.1208,0.0283,0.0033,00-0040743,00-0033106,00-0040743,00-0033106,-0.0052,0.1424,-0.1477,0,0,7,7,0,0,0,1514,0,1.514,-0.176,-8.53,0.5,0.0,0.5,0.0,0.2665,0.0
2026,1,REG,2026-09-13,2026_01_NYJ_TEN,401872924,TEN,NYJ,Tennessee Titans,New York Jets,1,0,1361.8,1365.4,-3.6,-0.103,0.0772,-0.1226,0.1316,-0.1104,0.1563,-0.1367,0.2693,0.074,00-0040676,00-0030565,00-0040676,00-0040398,-0.1402,-0.014,-0.1263,0,1,7,7,0,0,0,0,1218,-1.218,0.0,0.53,0.5,0.0,0.5,0.0,0.5174,0.0
2026,1,REG,2026-09-13,2026_01_NYJ_TEN,401872924,NYJ,TEN,New York Jets,Tennessee Titans,0,0,1365.4,1361.8,3.6,-0.1226,0.1316,-0.103,0.0772,-0.1367,0.2693,-0.1104,0.1563,-0.074,00-0030565,00-0040676,00-0040398,00-0040676,-0.014,-0.1402,0.1263,1,0,7,7,0,0,0,1218,0,1.218,0.0,-0.53,0.5,0.0,0.5,0.0,0.4826,1.0
2026,1,REG,2026-09-13,2026_01_TB_CIN,401872925,CIN,TB,Cincinnati Bengals,Tampa Bay Buccaneers,1,0,1483.0,1481.7,1.2,0.0323,0.0567,0.008,0.0233,0.0403,0.0914,0.0717,0.0889,-0.0091,00-0036442,00-0034855,00-0036442,00-0034855,0.1204,0.0834,0.037,0,0,7,7,0,0,0,0,1250,-1.25,-0.118,-2.76,0.5,0.0,0.5,0.0,0.6447,1.0
2026,1,REG,2026-09-13,2026_01_TB_CIN,401872925,TB,CIN,Tampa Bay Buccaneers,Cincinnati Bengals,0,0,1481.7,1483.0,-1.2,0.008,0.0233,0.0323,0.0567,0.0717,0.0889,0.0403,0.0914,0.0091,00-0034855,00-0036442,00-0034855,00-0036442,0.0834,0.1204,-0.037,0,0,7,7,0,0,0,1250,0,1.25,0.118,2.76,0.5,0.0,0.5,0.0,0.3553,0.0
2026,1,REG,2026-09-13,2026_01_ARI_LAC,401872926,LAC,ARI,Los Angeles Chargers,Arizona Cardinals,1,0,1529.4,1395.7,133.7,-0.0502,-0.0679,-0.009,0.0913,-0.0044,-0.0238,0.0251,0.1838,0.118,00-0036355,00-0033119,00-0036355,00-0033119,0.0705,-0.0142,0.0847,0,0,7,7,0,0,0,0,564,-0.564,0.471,9.47,0.5,0.0,0.5,0.0,0.7867,0.0
2026,1,REG,2026-09-13,2026_01_ARI_LAC,401872926,ARI,LAC,Arizona Cardinals,Los Angeles Chargers,0,0,1395.7,1529.4,-133.7,-0.009,0.0913,-0.0502,-0.0679,0.0251,0.1838,-0.0044,-0.0238,-0.118,00-0033119,00-0036355,00-0033119,00-0036355,-0.0142,0.0705,-0.0847,0,0,7,7,0,0,0,564,0,0.564,-0.471,-9.47,0.5,0.0,0.5,0.0,0.2133,1.0
2026,1,REG,2026-09-13,2026_01_GB_MIN,401872927,MIN,GB,Minnesota Vikings,Green Bay Packers,1,1,1553.7,1528.5,25.2,-0.0732,-0.1001,0.0738,0.0387,-0.0922,-0.1114,0.1676,0.1126,-0.0081,00-0035228,00-0036264,00-0039923,00-0036264,0.06,0.1636,-0.1036,1,0,7,7,0,0,0,0,414,-0.414,-0.029,-1.18,0.5,0.0,0.5,0.0,0.5325,1.0
2026,1,REG,2026-09-13,2026_01_GB_MIN,401872927,GB,MIN,Green Bay Packers,Minnesota Vikings,0,1,1528.5,1553.7,-25.2,0.0738,0.0387,-0.0732,-0.1001,0.1676,0.1126,-0.0922,-0.1114,0.0081,00-0036264,00-0035228,00-0036264,00-0039923,0.1636,0.06,0.1036,0,1,7,7,0,0,0,414,0,0.414,0.029,1.18,0.5,0.0,0.5,0.0,0.4675,0.0
2026,1,REG,2026-09-13,2026_01_MIA_LV,401872928,LV,MIA,Las Vegas Raiders,Miami Dolphins,1,0,1353.4,1460.9,-107.5,-0.1634,0.0007,-0.0264,0.0564,-0.1211,0.0911,0.0045,0.1319,-0.0813,00-0029604,00-0038128,00-0038102,00-0040234,0.0591,0.0217,0.0373,1,1,7,7,0,0,0,0,3493,-3.493,-0.235,-6.71,0.5,0.0,0.5,0.0,0.6038,1.0
2026,1,REG,2026-09-13,2026_01_MIA_LV,401872928,MIA,LV,Miami Dolphins,Las Vegas Raiders,0,0,1460.9,1353.4,107.5,-0.0264,0.0564,-0.1634,0.0007,0.0045,0.1319,-0.1211,0.0911,0.0813,00-0038128,00-0029604,00-0040234,00-0038102,0.0217,0.0591,-0.0373,1,1,7,7,0,0,0,3493,0,3.493,0.235,6.71,0.5,0.0,0.5,0.0,0.3962,0.0
2026,1,REG,2026-09-13,2026_01_WAS_PHI,401872929,PHI,WAS,Philadelphia Eagles,Washington Commanders,1,1,1559.5,1463.7,95.8,0.0204,-0.044,0.0261,0.1194,0.0873,-0.0086,0.0839,0.1886,0.1577,00-0036389,00-0039910,00-0036389,00-0026300,0.1065,0.105,0.0015,0,1,7,7,0,0,0,0,183,-0.183,0.353,8.76,0.5,0.0,0.5,0.0,0.6806,1.0
2026,1,REG,2026-09-13,2026_01_WAS_PHI,401872929,WAS,PHI,Washington Commanders,Philadelphia Eagles,0,1,1463.7,1559.5,-95.8,0.0261,0.1194,0.0204,-0.044,0.0839,0.1886,0.0873,-0.0086,-0.1577,00-0039910,00-0036389,00-0026300,00-0036389,0.105,0.1065,-0.0015,1,0,7,7,0,0,0,183,0,0.183,-0.353,-8.76,0.5,0.0,0.5,0.0,0.3194,0.0
2026,1,REG,2026-09-13,2026_01_DAL_NYG,401872930,NYG,DAL,New York Giants,Dallas Cowboys,1,1,1428.2,1460.3,-32.2,0.0299,0.0444,0.0557,0.1233,0.0642,0.0549,0.1041,0.1988,0.0532,00-0040691,00-0033077,00-0040691,00-0033077,0.0278,0.1267,-0.0989,0,0,7,7,0,0,0,0,2229,-2.229,-0.206,-1.06,0.5,0.0,0.5,0.0,0.4004,1.0
2026,1,REG,2026-09-13,2026_01_DAL_NYG,401872930,DAL,NYG,Dallas Cowboys,New York Giants,0,1,1460.3,1428.2,32.2,0.0557,0.1233,0.0299,0.0444,0.1041,0.1988,0.0642,0.0549,-0.0532,00-0033077,00-0040691,00-0033077,00-0040691,0.1267,0.0278,0.0989,0,0,7,7,0,0,0,2229,0,2.229,0.206,1.06,0.5,0.0,0.5,0.0,0.5996,0.0
2026,1,REG,2026-09-14,2026_01_DEN_KC,401872931,KC,DEN,Kansas City Chiefs,Denver Broncos,1,1,1492.4,1610.7,-118.3,-0.0384,-0.0287,-0.0046,-0.0526,-0.0254,0.0333,0.0419,-0.0457,-0.0577,00-0033873,00-0039732,00-0037324,00-0035264,0.1773,0.0832,0.0941,1,1,7,7,0,0,0,0,908,-0.908,-0.471,-3.29,0.5,0.0,0.5,0.0,0.5427,1.0
2026,1,REG,2026-09-14,2026_01_DEN_KC,401872931,DEN,KC,Denver Broncos,Kansas City Chiefs,0,1,1610.7,1492.4,118.3,-0.0046,-0.0526,-0.0384,-0.0287,0.0419,-0.0457,-0.0254,0.0333,0.0577,00-0039732,00-0033873,00-0035264,00-0037324,0.0832,0.1773,-0.0941,1,1,7,7,0,0,0,908,0,0.908,0.471,3.29,0.5,0.0,0.5,0.0,0.4573,0.0
2026,2,REG,2026-09-17,2026_02_DET_BUF,401872932,BUF,DET,Buffalo Bills,Detroit Lions,1,0,1627.7,1560.8,66.8,0.1308,0.0024,0.0275,0.018,0.2142,-0.0003,0.1016,0.0312,0.1188,00-0034857,00-0033106,00-0034857,00-0033106,0.1844,0.1419,0.0425,0,0,4,4,0,0,0,0,352,-0.352,0.176,2.82,1.0,5.0,1.0,1.0,0.675,1.0
2026,2,REG,2026-09-17,2026_02_DET_BUF,401872932,DET,BUF,Detroit Lions,Buffalo Bills,0,0,1560.8,1627.7,-66.8,0.0275,0.018,0.1308,0.0024,0.1016,0.0312,0.2142,-0.0003,-0.1188,00-0033106,00-0034857,00-0033106,00-0034857,0.1419,0.1844,-0.0425,0,0,4,4,0,0,0,352,0,0.352,-0.176,-2.82,1.0,1.0,1.0,5.0,0.325,0.0
2026,2,REG,2026-09-20,2026_02_CAR_ATL,401872933,ATL,CAR,Atlanta Falcons,Carolina Panthers,1,1,1460.2,1407.9,52.3,-0.0616,-0.0347,-0.0092,0.1013,-0.0652,-0.0131,0.0474,0.171,0.0836,00-0036212,00-0039150,00-0033662,00-0039150,0.0997,-0.0518,0.1514,1,0,7,7,0,0,0,0,364,-0.364,0.0,1.24,0.0,-7.0,0.0,-22.0,0.417,0.0
2026,2,REG,2026-09-20,2026_02_CAR_ATL,401872933,CAR,ATL,Carolina Panthers,Atlanta Falcons,0,1,1407.9,1460.2,-52.3,-0.0092,0.1013,-0.0616,-0.0347,0.0474,0.171,-0.0652,-0.0131,-0.0836,00-0039150,00-0036212,00-0039150,00-0033662,-0.0518,0.0997,-0.1514,0,1,7,7,0,0,0,364,0,0.364,0.0,-1.24,0.0,-22.0,0.0,-7.0,0.583,1.0
2026,2,REG,2026-09-20,2026_02_CIN_HOU,401872934,HOU,CIN,Houston Texans,Cincinnati Bengals,1,0,1587.0,1499.3,87.7,-0.0156,-0.0571,0.0268,0.0344,0.0351,0.0034,0.0287,0.0499,0.0491,00-0039163,00-0036442,00-0039163,00-0036442,0.0386,0.1169,-0.0782,0,0,7,7,0,0,0,0,1445,-1.445,0.353,11.0,0.0,-5.0,1.0,6.0,0.5721,0.0
2026,2,REG,2026-09-20,2026_02_CIN_HOU,401872934,CIN,HOU,Cincinnati Bengals,Houston Texans,0,0,1499.3,1587.0,-87.7,0.0268,0.0344,-0.0156,-0.0571,0.0287,0.0499,0.0351,0.0034,-0.0491,00-0036442,00-0039163,00-0036442,00-0039163,0.1169,0.0386,0.0782,0,0,7,7,0,0,0,1445,0,1.445,-0.353,-11.0,1.0,6.0,0.0,-5.0,0.4279,1.0
2026,2,REG,2026-09-20,2026_02_CLE_TB,401872935,TB,CLE,Tampa Bay Buccaneers,Cleveland Browns,1,0,1465.4,1411.9,53.5,-0.0058,0.0194,-0.1513,-0.0029,0.0337,0.0688,-0.175,0.0267,0.1232,00-0034855,00-0033537,00-0034855,00-0033537,0.0772,0.0477,0.0294,0,0,7,7,0,0,0,0,1506,-1.506,0.176,4.06,0.0,-6.0,0.0,-24.0,0.7768,0.0
2026,2,REG,2026-09-20,2026_02_CLE_TB,401872935,CLE,TB,Cleveland Browns,Tampa Bay Buccaneers,0,0,1411.9,1465.4,-53.5,-0.1513,-0.0029,-0.0058,0.0194,-0.175,0.0267,0.0337,0.0688,-0.1232,00-0033537,00-0034855,00-0033537,00-0034855,0.0477,0.0772,-0.0294,0,0,7,7,0,0,0,1506,0,1.506,-0.176,-4.06,0.0,-24.0,0.0,-6.0,0.2232,1.0
2026,2,REG,2026-09-20,2026_02_GB_NYJ,401872936,NYJ,GB,New York Jets,Green Bay Packers,1,0,1395.7,1506.4,-110.6,-0.082,0.0872,0.0337,0.0428,-0.0616,0.1992,0.1297,0.1282,-0.1602,00-0030565,00-0036264,00-0030565,00-0036264,-0.0085,0.1549,-0.1634,0,0,7,7,0,0,0,0,1213,-1.213,-0.382,-13.76,1.0,13.0,0.0,-17.0,0.3775,0.0
2026,2,REG,2026-09-20,2026_02_GB_NYJ,401872936,GB,NYJ,Green Bay Packers,New York Jets,0,0,1506.4,1395.7,110.6,0.0337,0.0428,-0.082,0.0872,0.1297,0.1282,-0.0616,0.1992,0.1602,00-0036264,00-0030565,00-0036264,00-0030565,0.1549,-0.0085,0.1634,0,0,7,7,0,0,0,1213,0,1.213,0.382,13.76,0.0,-17.0,1.0,13.0,0.6225,1.0
2026,2,REG,2026-09-20,2026_02_MIN_CHI,401872937,CHI,MIN,Chicago Bears,Minnesota Vikings,1,1,1559.1,1575.9,-16.8,0.0963,0.0513,-0.0496,-0.1102,0.1584,0.1117,-0.0409,-0.1009,-0.0156,00-0039918,00-0032950,00-0039918,00-0035228,0.0588,-0.0006,0.0593,0,1,7,7,0,0,0,0,572,-0.572,0.118,0.88,1.0,22.0,1.0,17.0,0.6575,0.0
2026,2,REG,2026-09-20,2026_02_MIN_CHI,401872937,MIN,CHI,Minnesota Vikings,Chicago Bears,0,1,1575.9,1559.1,16.8,-0.0496,-0.1102,0.0963,0.0513,-0.0409,-0.1009,0.1584,0.1117,0.0156,00-0032950,00-0039918,00-0035228,00-0039918,-0.0006,0.0588,-0.0593,1,0,7,7,0,0,0,572,0,0.572,-0.118,-0.88,1.0,17.0,1.0,22.0,0.3425,1.0
2026,2,REG,2026-09-20,2026_02_NO_BAL,401872938,BAL,NO,Baltimore Ravens,New Orleans Saints,1,0,1572.6,1438.3,134.3,0.0784,-0.0319,-0.0322,-0.0585,0.1181,-0.0033,0.0156,-0.0139,0.084,00-0034796,00-0040743,00-0034796,00-0040743,0.1571,-0.0068,0.1639,0,0,7,7,0,0,0,0,1607,-1.607,0.118,6.06,1.0,18.0,0.0,-1.0,0.7572,0.0
2026,2,REG,2026-09-20,2026_02_NO_BAL,401872938,NO,BAL,New Orleans Saints,Baltimore Ravens,0,0,1438.3,1572.6,-134.3,-0.0322,-0.0585,0.0784,-0.0319,0.0156,-0.0139,0.1181,-0.0033,-0.084,00-0040743,00-0034796,00-0040743,00-0034796,-0.0068,0.1571,-0.1639,0,0,7,7,0,0,0,1607,0,1.607,-0.118,-6.06,0.0,-1.0,1.0,18.0,0.2428,1.0
2026,2,REG,2026-09-20,2026_02_PHI_TEN,401872939,TEN,PHI,Tennessee Titans,Philadelphia Eagles,1,0,1331.5,1565.8,-234.3,-0.1065,0.0829,0.021,-0.0275,-0.1142,0.1802,0.0926,0.0129,-0.2379,00-0040676,00-0036389,00-0040676,00-0036389,-0.1392,0.1074,-0.2465,0,0,7,7,0,0,0,0,1097,-1.097,-0.471,-14.59,0.0,-13.0,1.0,2.0,0.2665,0.0
2026,2,REG,2026-09-20,2026_02_PHI_TEN,401872939,PHI,TEN,Philadelphia Eagles,Tennessee Titans,0,0,1565.8,1331.5,234.3,0.021,-0.0275,-0.1065,0.0829,0.0926,0.0129,-0.1142,0.1802,0.2379,00-0036389,00-0040676,00-0036389,00-0040676,0.1074,-0.1392,0.2465,0,0,7,7,0,0,0,1097,0,1.097,0.471,14.59,1.0,2.0,0.0,-13.0,0.7335,1.0
2026,2,REG,2026-09-20,2026_02_PIT_NE,401872946,NE,PIT,New England Patriots,Pittsburgh Steelers,1,0,1591.5,1528.5,63.0,0.0158,-0.0686,-0.0691,-0.0422,0.1151,-0.0385,-0.0656,-0.049,0.1112,00-0039851,00-0023459,00-0039851,00-0023459,0.116,0.0654,0.0505,0,0,11,7,4,0,0,0,754,-0.754,0.235,9.41,0.0,-3.0,1.0,7.0,0.6636,1.0
2026,2,REG,2026-09-20,2026_02_PIT_NE,401872946,PIT,NE,Pittsburgh Steelers,New England Patriots,0,0,1528.5,1591.5,-63.0,-0.0691,-0.0422,0.0158,-0.0686,-0.0656,-0.049,0.1151,-0.0385,-0.1112,00-0023459,00-0039851,00-0023459,00-0039851,0.0654,0.116,-0.0505,0,0,7,11,-4,0,0,754,0,0.754,-0.235,-9.41,1.0,7.0,0.0,-3.0,0.3364,0.0
2026,2,REG,2026-09-20,2026_02_JAX_DEN,401872940,DEN,JAX,Denver Broncos,Jacksonville Jaguars,1,0,1572.4,1587.2,-14.8,-0.0604,-0.0258,0.0827,-0.0784,-0.0315,-0.0399,0.2137,-0.0877,-0.1957,00-0039732,00-0036971,00-0039732,00-0036971,0.0679,0.0567,0.0111,0,0,6,7,-1,0,0,0,2363,-2.363,0.059,-2.82,0.0,-21.0,1.0,24.0,0.5721,1.0
2026,2,REG,2026-09-20,2026_02_JAX_DEN,401872940,JAX,DEN,Jacksonville Jaguars,Denver Broncos,0,0,1587.2,1572.4,14.8,0.0827,-0.0784,-0.0604,-0.0258,0.2137,-0.0877,-0.0315,-0.0399,0.1957,00-0036971,00-0039732,00-0036971,00-0039732,0.0567,0.0679,-0.0111,0,0,7,6,1,0,0,2363,0,2.363,-0.059,2.82,1.0,24.0,0.0,-21.0,0.4279,0.0
2026,2,REG,2026-09-20,2026_02_LV_LAC,401872941,LAC,LV,Los Angeles Chargers,Las Vegas Raiders,1,1,1488.0,1385.9,102.1,-0.0666,-0.0351,-0.1393,-0.0362,-0.0168,0.0211,-0.0959,0.0474,0.0716,00-0036355,00-0029604,00-0036355,00-0029604,0.0653,0.058,0.0073,0,0,7,7,0,0,0,0,373,-0.373,0.471,12.88,0.0,-12.0,1.0,14.0,0.7335,0.0
2026,2,REG,2026-09-20,2026_02_LV_LAC,401872941,LV,LAC,Las Vegas Raiders,Los Angeles Chargers,0,1,1385.9,1488.0,-102.1,-0.1393,-0.0362,-0.0666,-0.0351,-0.0959,0.0474,-0.0168,0.0211,-0.0716,00-0029604,00-0036355,00-0029604,00-0036355,0.058,0.0653,-0.0073,0,0,7,7,0,0,0,373,0,0.373,-0.471,-12.88,1.0,14.0,0.0,-12.0,0.2665,1.0
2026,2,REG,2026-09-20,2026_02_MIA_SF,401872942,SF,MIA,San Francisco 49ers,Miami Dolphins,1,0,1595.8,1428.4,167.4,0.0465,0.0172,-0.0585,0.0422,0.0996,0.0522,-0.0241,0.113,0.13,00-0037834,00-0038128,00-0037834,00-0038128,0.1722,0.0078,0.1643,0,0,10,7,3,0,0,0,4111,-4.111,0.294,8.41,1.0,20.0,0.0,-14.0,0.863,1.0
2026,2,REG,2026-09-20,2026_02_MIA_SF,401872942,MIA,SF,Miami Dolphins,San Francisco 49ers,0,0,1428.4,1595.8,-167.4,-0.0585,0.0422,0.0465,0.0172,-0.0241,0.113,0.0996,0.0522,-0.13,00-0038128,00-0037834,00-0038128,00-0037834,0.0078,0.1722,-0.1643,0,0,7,10,-3,0,0,4111,0,4.111,-0.294,-8.41,0.0,-14.0,1.0,20.0,0.137,0.0
2026,2,REG,2026-09-20,2026_02_SEA_ARI,401872943,ARI,SEA,Arizona Cardinals,Seattle Seahawks,1,1,1437.0,1684.6,-247.5,0.0137,0.0501,0.0432,-0.1159,0.0617,0.1385,0.1346,-0.0659,-0.1955,00-0033119,00-0035704,00-0033119,00-0034869,-0.0064,-0.046,0.0396,0,1,7,11,-4,0,0,0,1777,-1.777,-0.647,-19.06,1.0,12.0,1.0,3.0,0.3425,0.0
2026,2,REG,2026-09-20,2026_02_SEA_ARI,401872943,SEA,ARI,Seattle Seahawks,Arizona Cardinals,0,1,1684.6,1437.0,247.5,0.0432,-0.1159,0.0137,0.0501,0.1346,-0.0659,0.0617,0.1385,0.1955,00-0035704,00-0033119,00-0034869,00-0033119,-0.046,-0.0064,-0.0396,1,0,11,7,4,0,0,1777,0,1.777,0.647,19.06,1.0,3.0,1.0,12.0,0.6575,1.0
2026,2,REG,2026-09-20,2026_02_WAS_DAL,401872944,DAL,WAS,Dallas Cowboys,Washington Commanders,1,1,1439.5,1457.4,-17.9,0.087,0.1569,0.0305,0.1027,0.1503,0.2653,0.0895,0.1763,0.0024,00-0033077,00-0039910,00-0033077,00-0039910,0.1297,0.1058,0.024,0,0,7,7,0,0,0,0,1943,-1.943,0.147,3.24,0.0,-8.0,0.0,-2.0,0.6575,1.0
2026,2,REG,2026-09-20,2026_02_WAS_DAL,401872944,WAS,DAL,Washington Commanders,Dallas Cowboys,0,1,1457.4,1439.5,17.9,0.0305,0.1027,0.087,0.1569,0.0895,0.1763,0.1503,0.2653,-0.0024,00-0039910,00-0033077,00-0039910,00-0033077,0.1058,0.1297,-0.024,0,0,7,7,0,0,0,1943,0,1.943,-0.147,-3.24,0.0,-2.0,0.0,-8.0,0.3425,0.0
2026,2,REG,2026-09-20,2026_02_IND_KC,401872945,KC,IND,Kansas City Chiefs,Indianapolis Colts,1,0,1530.7,1443.8,86.9,-0.0138,-0.0809,-0.0222,0.0531,-0.0231,-0.0394,-0.032,0.1257,0.1423,00-0033873,00-0035710,00-0033873,00-0035710,0.1745,-0.0004,0.1749,0,0,6,7,-1,0,0,0,719,-0.719,-0.118,-1.18,1.0,21.0,0.0,-18.0,0.6958,1.0
2026,2,REG,2026-09-20,2026_02_IND_KC,401872945,IND,KC,Indianapolis Colts,Kansas City Chiefs,0,0,1443.8,1530.7,-86.9,-0.0222,0.0531,-0.0138,-0.0809,-0.032,0.1257,-0.0231,-0.0394,-0.1423,00-0035710,00-0033873,00-0035710,00-0033873,-0.0004,0.1745,-0.1749,0,0,7,6,1,0,0,719,0,0.719,0.118,1.18,0.0,-18.0,1.0,21.0,0.3042,0.0
2026,2,REG,2026-09-21,2026_02_NYG_LA,401872947,LA,NYG,Los Angeles Rams,New York Giants,1,0,1574.9,1449.0,125.9,0.0565,0.0249,0.0798,0.0778,0.0937,0.0837,0.1542,0.1097,0.0296,00-0026498,00-0040691,00-0026498,00-0040691,0.1245,0.0658,0.0588,0,0,11,8,3,0,0,0,3942,-3.942,0.471,13.53,0.0,-20.0,1.0,8.0,0.718,1.0
2026,2,REG,2026-09-21,2026_02_NYG_LA,401872947,NYG,LA,New York Giants,Los Angeles Rams,0,0,1449.0,1574.9,-125.9,0.0798,0.0778,0.0565,0.0249,0.1542,0.1097,0.0937,0.0837,-0.0296,00-0040691,00-0026498,00-0040691,00-0026498,0.0658,0.1245,-0.0588,0,0,8,11,-3,0,0,3942,0,3.942,-0.471,-13.53,1.0,8.0,0.0,-20.0,0.282,0.0
2026,3,REG,2026-09-24,2026_03_ATL_GB,401872948,GB,ATL,Green Bay Packers,Atlanta Falcons,1,0,1517.4,1413.7,103.8,0.0077,0.0233,-0.1201,-0.0241,0.1165,0.1257,-0.1521,0.0275,0.0804,00-0036264,00-0039917,00-0036264,00-0036212,0.1479,0.0246,0.1233,0,1,4,4,0,0,0,0,1236,-1.236,0.088,4.65,0.541,-7.0,0.0,-19.0,0.669,0.0
2026,3,REG,2026-09-24,2026_03_ATL_GB,401872948,ATL,GB,Atlanta Falcons,Green Bay Packers,0,0,1413.7,1517.4,-103.8,-0.1201,-0.0241,0.0077,0.0233,-0.1521,0.0275,0.1165,0.1257,-0.0804,00-0039917,00-0036264,00-0036212,00-0036264,0.0246,0.1479,-0.1233,1,0,4,4,0,0,0,1236,0,1.236,-0.088,-4.65,0.0,-19.0,0.541,-7.0,0.331,1.0
2026,3,REG,2026-09-27,2026_03_CAR_CLE,401872949,CLE,CAR,Cleveland Browns,Carolina Panthers,1,0,1433.5,1454.4,-20.9,-0.1243,-0.0306,-0.0027,0.0168,-0.0984,-0.0213,0.078,0.0463,-0.0742,00-0033537,00-0039150,00-0033537,00-0039150,0.0529,-0.0406,0.0935,0,0,7,7,0,0,0,0,702,-0.702,-0.176,-1.82,0.541,-10.0,0.541,4.5,0.4365,
2026,3,REG,2026-09-27,2026_03_CAR_CLE,401872949,CAR,CLE,Carolina Panthers,Cleveland Browns,0,0,1454.4,1433.5,20.9,-0.0027,0.0168,-0.1243,-0.0306,0.078,0.0463,-0.0984,-0.0213,0.0742,00-0039150,00-0033537,00-0039150,00-0033537,-0.0406,0.0529,-0.0935,0,0,7,7,0,0,0,702,0,0.702,0.176,1.82,0.541,4.5,0.541,-10.0,0.5635,
2026,3,REG,2026-09-27,2026_03_CIN_PIT,401872950,PIT,CIN,Pittsburgh Steelers,Cincinnati Bengals,1,1,1509.5,1538.9,-29.4,-0.1025,-0.0405,0.0074,-0.0049,-0.1142,-0.05,0.0219,0.0265,-0.0743,00-0023459,00-0036442,00-0023459,00-0036442,0.0527,0.1139,-0.0612,0,0,7,7,0,0,0,0,413,-0.413,0.235,5.18,0.459,-5.0,1.0,10.0,0.3775,
2026,3,REG,2026-09-27,2026_03_CIN_PIT,401872950,CIN,PIT,Cincinnati Bengals,Pittsburgh Steelers,0,1,1538.9,1509.5,29.4,0.0074,-0.0049,-0.1025,-0.0405,0.0219,0.0265,-0.1142,-0.05,0.0743,00-0036442,00-0023459,00-0036442,00-0023459,0.1139,0.0527,0.0612,0,0,7,7,0,0,0,413,0,0.413,-0.235,-5.18,1.0,10.0,0.459,-5.0,0.6225,
2026,3,REG,2026-09-27,2026_03_HOU_IND,401872951,IND,HOU,Indianapolis Colts,Houston Texans,1,1,1435.6,1547.4,-111.8,0.0106,0.0722,-0.0465,-0.0628,0.0048,0.1408,0.0143,0.0008,-0.0779,00-0035710,00-0039163,00-0035710,00-0039163,0.002,0.034,-0.032,0,0,7,7,0,0,0,0,1402,-1.402,-0.235,-3.24,0.0,-10.5,0.0,-9.5,0.4675,
2026,3,REG,2026-09-27,2026_03_HOU_IND,401872951,HOU,IND,Houston Texans,Indianapolis Colts,0,1,1547.4,1435.6,111.8,-0.0465,-0.0628,0.0106,0.0722,0.0143,0.0008,0.0048,0.1408,0.0779,00-0039163,00-0035710,00-0039163,00-0035710,0.034,0.002,0.032,0,0,7,7,0,0,0,1402,0,1.402,0.235,3.24,0.0,-9.5,0.0,-10.5,0.5325,
2026,3,REG,2026-09-27,2026_03_KC_MIA,401872952,MIA,KC,Miami Dolphins,Kansas City Chiefs,1,0,1415.5,1538.9,-123.4,-0.0512,0.089,0.0161,-0.0386,-0.0002,0.2236,0.0161,-0.0015,-0.195,00-0038128,00-0033873,00-0038128,00-0033873,0.0178,0.1765,-0.1587,0,0,7,7,0,0,0,0,1971,-1.971,0.059,-6.53,0.0,-18.0,1.0,12.0,0.1881,
2026,3,REG,2026-09-27,2026_03_KC_MIA,401872952,KC,MIA,Kansas City Chiefs,Miami Dolphins,0,0,1538.9,1415.5,123.4,0.0161,-0.0386,-0.0512,0.089,0.0161,-0.0015,-0.0002,0.2236,0.195,00-0033873,00-0038128,00-0033873,00-0038128,0.1765,0.0178,0.1587,0,0,7,7,0,0,0,1971,0,1.971,-0.059,6.53,1.0,12.0,0.0,-18.0,0.8119,
2026,3,REG,2026-09-27,2026_03_LAC_BUF,401872953,BUF,LAC,Buffalo Bills,Los Angeles Chargers,1,0,1643.2,1449.3,193.9,0.1711,0.0413,-0.0982,-0.0432,0.2516,0.0697,-0.0238,0.0499,0.1847,00-0034857,00-0036355,00-0034857,00-0036355,0.1913,0.0634,0.1279,0,0,10,7,3,0,0,0,3550,-3.55,0.059,5.18,1.0,7.5,0.0,-12.0,0.7335,
2026,3,REG,2026-09-27,2026_03_LAC_BUF,401872953,LAC,BUF,Los Angeles Chargers,Buffalo Bills,0,0,1449.3,1643.2,-193.9,-0.0982,-0.0432,0.1711,0.0413,-0.0238,0.0499,0.2516,0.0697,-0.1847,00-0036355,00-0034857,00-0036355,00-0034857,0.0634,0.1913,-0.1279,0,0,7,10,-3,0,0,3550,0,3.55,-0.059,-5.18,0.0,-12.0,1.0,7.5,0.2665,
2026,3,REG,2026-09-27,2026_03_NE_JAX,401872957,JAX,NE,Jacksonville Jaguars,New England Patriots,1,0,1568.7,1610.5,-41.8,0.0624,-0.0476,0.0083,-0.1017,0.1619,-0.0298,0.0878,-0.0909,0.0001,00-0036971,00-0039851,00-0036971,00-0039851,0.0529,0.1128,-0.06,0,0,7,7,0,0,0,0,1603,-1.603,-0.059,-1.88,0.459,8.5,0.541,7.0,0.583,
2026,3,REG,2026-09-27,2026_03_NE_JAX,401872957,NE,JAX,New England Patriots,Jacksonville Jaguars,0,0,1610.5,1568.7,41.8,0.0083,-0.1017,0.0624,-0.0476,0.0878,-0.0909,0.1619,-0.0298,-0.0001,00-0039851,00-0036971,00-0039851,00-0036971,0.1128,0.0529,0.06,0,0,7,7,0,0,0,1603,0,1.603,0.059,1.88,0.541,7.0,0.459,8.5,0.417,
2026,3,REG,2026-09-27,2026_03_NYJ_DET,401872954,DET,NYJ,Detroit Lions,New York Jets,1,0,1545.3,1384.7,160.6,0.0628,0.077,-0.0814,0.0524,0.1557,0.0987,-0.0333,0.1747,0.1195,00-0033106,00-0030565,00-0033106,00-0030565,0.1477,-0.006,0.1537,0,0,10,7,3,0,0,0,765,-0.765,0.353,15.94,0.459,-4.5,0.459,5.0,0.7221,
2026,3,REG,2026-09-27,2026_03_NYJ_DET,401872954,NYJ,DET,New York Jets,Detroit Lions,0,0,1384.7,1545.3,-160.6,-0.0814,0.0524,0.0628,0.077,-0.0333,0.1747,0.1557,0.0987,-0.1195,00-0030565,00-0033106,00-0030565,00-0033106,-0.006,0.1477,-0.1537,0,0,7,10,-3,0,0,765,0,0.765,-0.353,-15.94,0.459,5.0,0.459,-4.5,0.2779,
2026,3,REG,2026-09-27,2026_03_SEA_WAS,401872955,WAS,SEA,Washington Commanders,Seattle Seahawks,1,0,1431.3,1698.8,-267.4,0.0299,0.1186,0.0566,-0.1365,0.0881,0.2129,0.1964,-0.0865,-0.2818,00-0039910,00-0035704,00-0039910,00-0035704,0.1086,-0.0273,0.1359,0,0,7,7,0,0,0,0,3749,-3.749,-0.529,-16.82,0.0,-9.5,1.0,13.5,0.2341,
2026,3,REG,2026-09-27,2026_03_SEA_WAS,401872955,SEA,WAS,Seattle Seahawks,Washington Commanders,0,0,1698.8,1431.3,267.4,0.0566,-0.1365,0.0299,0.1186,0.1964,-0.0865,0.0881,0.2129,0.2818,00-0035704,00-0039910,00-0035704,00-0039910,-0.0273,0.1086,-0.1359,0,0,7,7,0,0,0,3749,0,3.749,0.529,16.82,1.0,13.5,0.0,-9.5,0.7659,
2026,3,REG,2026-09-27,2026_03_TEN_NYG,401872956,NYG,TEN,New York Giants,Tennessee Titans,1,0,1433.4,1323.9,109.5,0.0126,0.0994,-0.0831,0.0752,0.0653,0.1631,-0.0904,0.1751,0.0716,00-0031503,00-0040676,00-0040691,00-0040676,0.0475,-0.1325,0.18,1,0,6,7,-1,0,0,0,1218,-1.218,0.059,8.0,0.459,-7.0,0.0,-8.5,0.5427,
2026,3,REG,2026-09-27,2026_03_TEN_NYG,401872956,TEN,NYG,Tennessee Titans,New York Giants,0,0,1323.9,1433.4,-109.5,-0.0831,0.0752,0.0126,0.0994,-0.0904,0.1751,0.0653,0.1631,-0.0716,00-0040676,00-0031503,00-0040676,00-0040691,-0.1325,0.0475,-0.18,0,1,7,6,1,0,0,1218,0,1.218,-0.059,-8.0,0.0,-8.5,0.459,-7.0,0.4573,
2026,3,REG,2026-09-27,2026_03_ARI_SF,401872958,SF,ARI,San Francisco 49ers,Arizona Cardinals,1,1,1608.6,1422.8,185.7,0.0922,0.0123,-0.0282,0.0625,0.2112,0.0635,0.02,0.2005,0.1706,00-0037834,00-0033119,00-0037834,00-0033119,0.1889,-0.0124,0.2013,0,0,7,7,0,0,0,0,978,-0.978,0.529,11.71,1.0,21.0,0.459,-6.0,0.7659,
2026,3,REG,2026-09-27,2026_03_ARI_SF,401872958,ARI,SF,Arizona Cardinals,San Francisco 49ers,0,1,1422.8,1608.6,-185.7,-0.0282,0.0625,0.0922,0.0123,0.02,0.2005,0.2112,0.0635,-0.1706,00-0033119,00-0037834,00-0033119,00-0037834,-0.0124,0.1889,-0.2013,0,0,7,7,0,0,0,978,0,0.978,-0.529,-11.71,0.459,-6.0,1.0,21.0,0.2341,
2026,3,REG,2026-09-27,2026_03_MIN_TB,401872959,TB,MIN,Tampa Bay Buccaneers,Minnesota Vikings,1,0,1443.7,1597.4,-153.7,-0.033,0.0187,-0.0518,-0.1117,-0.0154,0.1059,-0.0324,-0.088,-0.1116,00-0034855,00-0035228,00-0034855,00-0032950,0.0701,0.0582,0.0119,0,1,7,7,0,0,0,0,2116,-2.116,-0.059,-2.47,0.0,-5.0,1.0,11.5,0.4892,
2026,3,REG,2026-09-27,2026_03_MIN_TB,401872959,MIN,TB,Minnesota Vikings,Tampa Bay Buccaneers,0,0,1597.4,1443.7,153.7,-0.0518,-0.1117,-0.033,0.0187,-0.0324,-0.088,-0.0154,0.1059,0.1116,00-0035228,00-0034855,00-0032950,00-0034855,0.0582,0.0701,-0.0119,1,0,7,7,0,0,0,2116,0,2.116,0.059,2.47,1.0,11.5,0.0,-5.0,0.5108,
2026,3,REG,2026-09-27,2026_03_BAL_DAL,401872960,DAL,BAL,Dallas Cowboys,Baltimore Ravens,0,0,1465.6,1539.0,-73.4,0.1055,0.1358,0.0797,-0.0076,0.1911,0.2354,0.1097,0.0297,-0.1176,00-0033077,00-0034796,00-0033077,00-0034796,0.1353,0.1553,-0.0199,0,0,7,7,0,0,0,8422,7737,0.685,-0.029,-3.88,0.541,4.5,0.459,5.5,0.3962,
2026,3,REG,2026-09-27,2026_03_BAL_DAL,401872960,BAL,DAL,Baltimore Ravens,Dallas Cowboys,0,0,1539.0,1465.6,73.4,0.0797,-0.0076,0.1055,0.1358,0.1097,0.0297,0.1911,0.2354,0.1176,00-0034796,00-0033077,00-0034796,00-0033077,0.1553,0.1353,0.0199,0,0,7,7,0,0,0,7737,8422,-0.685,0.029,3.88,0.459,5.5,0.541,4.5,0.6038,
2026,3,REG,2026-09-27,2026_03_LV_NO,401872961,NO,LV,New Orleans Saints,Las Vegas Raiders,1,0,1471.9,1424.7,47.2,-0.0079,-0.035,-0.1305,-0.0728,0.0456,-0.0009,-0.0478,0.0299,0.0848,00-0040743,00-0029604,00-0040743,00-0029604,0.0106,0.0599,-0.0493,0,0,7,7,0,0,0,0,2430,-2.43,0.176,6.71,0.541,3.0,1.0,13.0,0.6369,
2026,3,REG,2026-09-27,2026_03_LV_NO,401872961,LV,NO,Las Vegas Raiders,New Orleans Saints,0,0,1424.7,1471.9,-47.2,-0.1305,-0.0728,-0.0079,-0.035,-0.0478,0.0299,0.0456,-0.0009,-0.0848,00-0029604,00-0040743,00-0029604,00-0040743,0.0599,0.0106,0.0493,0,0,7,7,0,0,0,2430,0,2.43,-0.176,-6.71,1.0,13.0,0.541,3.0,0.3631,
2026,3,REG,2026-09-27,2026_03_LA_DEN,401872962,DEN,LA,Denver Broncos,Los Angeles Rams,1,0,1591.0,1590.5,0.5,-0.0327,-0.0285,0.0812,-0.0325,0.017,-0.0507,0.1489,0.0074,-0.1178,00-0039732,00-0026498,00-0039732,00-0026498,0.0728,0.1312,-0.0584,0,0,7,6,1,0,0,0,1347,-1.347,0.118,-4.82,0.541,-7.0,0.541,1.0,0.4573,
2026,3,REG,2026-09-27,2026_03_LA_DEN,401872962,LA,DEN,Los Angeles Rams,Denver Broncos,0,0,1590.5,1591.0,-0.5,0.0812,-0.0325,-0.0327,-0.0285,0.1489,0.0074,0.017,-0.0507,0.1178,00-0026498,00-0039732,00-0026498,00-0039732,0.1312,0.0728,0.0584,0,0,6,7,-1,0,0,1347,0,1.347,-0.118,4.82,0.541,1.0,0.541,-7.0,0.5427,
2026,3,REG,2026-09-28,2026_03_PHI_CHI,401872963,CHI,PHI,Chicago Bears,Philadelphia Eagles,1,0,1537.6,1573.3,-35.8,0.0616,0.0329,0.0233,-0.017,0.1295,0.0955,0.1016,0.0161,-0.0117,00-0038416,00-0036389,00-0039918,00-0036389,-0.0935,0.109,-0.2025,1,0,8,8,0,0,0,0,1068,-1.068,0.0,-1.65,0.459,8.0,1.0,3.0,0.3631,
2026,3,REG,2026-09-28,2026_03_PHI_CHI,401872963,PHI,CHI,Philadelphia Eagles,Chicago Bears,0,0,1573.3,1537.6,35.8,0.0233,-0.017,0.0616,0.0329,0.1016,0.0161,0.1295,0.0955,0.0117,00-0036389,00-0038416,00-0036389,00-0039918,0.109,-0.0935,0.2025,0,1,8,8,0,0,0,1068,0,1.068,0.0,1.65,1.0,3.0,0.459,8.0,0.6369,
2026,4,REG,2026-10-01,2026_04_PIT_CLE,401872964,CLE,PIT,Cleveland Browns,Pittsburgh Steelers,1,1,1433.5,1509.5,-76.0,-0.1243,-0.0306,-0.1025,-0.0405,-0.0984,-0.0213,-0.1142,-0.05,-0.0317,00-0033537,00-0023459,00-0033537,00-0023459,0.0529,0.0527,0.0002,0,0,4,4,0,0,0,0,184,-0.184,-0.294,-6.47,0.541,-10.0,0.459,-5.0,0.4279,
2026,4,REG,2026-10-01,2026_04_PIT_CLE,401872964,PIT,CLE,Pittsburgh Steelers,Cleveland Browns,0,1,1509.5,1433.5,76.0,-0.1025,-0.0405,-0.1243,-0.0306,-0.1142,-0.05,-0.0984,-0.0213,0.0317,00-0023459,00-0033537,00-0023459,00-0033537,0.0527,0.0529,-0.0002,0,0,4,4,0,0,0,184,0,0.184,0.294,6.47,0.459,-5.0,0.541,-10.0,0.5721,
2026,4,REG,2026-10-04,2026_04_IND_WAS,401872965,WAS,IND,Washington Commanders,Indianapolis Colts,0,0,1431.3,1435.6,-4.2,0.0299,0.1186,0.0106,0.0722,0.0881,0.2129,0.0048,0.1408,-0.0272,00-0039910,00-0035710,00-0039910,00-0035710,0.1086,0.002,0.1066,0,0,7,7,0,0,0,5887,6421,-0.534,-0.176,-8.76,0.0,-9.5,0.0,-10.5,0.3553,
2026,4,REG,2026-10-04,2026_04_IND_WAS,401872965,IND,WAS,Indianapolis Colts,Washington Commanders,0,0,1435.6,1431.3,4.2,0.0106,0.0722,0.0299,0.1186,0.0048,0.1408,0.0881,0.2129,0.0272,00-0035710,00-0039910,00-0035710,00-0039910,0.002,0.1086,-0.1066,0,0,7,7,0,0,0,6421,5887,0.534,0.176,8.76,0.0,-10.5,0.0,-9.5,0.6447,
2026,4,REG,2026-10-04,2026_04_ARI_NYG,401872966,NYG,ARI,New York Giants,Arizona Cardinals,1,0,1433.4,1422.8,10.5,0.0126,0.0994,-0.0282,0.0625,0.0653,0.1631,0.02,0.2005,0.004,00-0031503,00-0033119,00-0040691,00-0033119,0.0475,-0.0124,0.06,1,0,7,7,0,0,0,0,3450,-3.45,0.059,4.41,0.459,-7.0,0.459,-6.0,0.5514,
2026,4,REG,2026-10-04,2026_04_ARI_NYG,401872966,ARI,NYG,Arizona Cardinals,New York Giants,0,0,1422.8,1433.4,-10.5,-0.0282,0.0625,0.0126,0.0994,0.02,0.2005,0.0653,0.1631,-0.004,00-0033119,00-0031503,00-0033119,00-0040691,-0.0124,0.0475,-0.06,0,1,7,7,0,0,0,3450,0,3.45,-0.059,-4.41,0.459,-6.0,0.459,-7.0,0.4486,
2026,4,REG,2026-10-04,2026_04_DAL_HOU,401872967,HOU,DAL,Houston Texans,Dallas Cowboys,1,0,1547.4,1465.6,81.9,-0.0465,-0.0628,0.1055,0.1358,0.0143,0.0008,0.1911,0.2354,0.0466,00-0039163,00-0033077,00-0039163,00-0033077,0.034,0.1353,-0.1013,0,0,7,7,0,0,0,0,376,-0.376,0.265,8.76,0.0,-9.5,0.541,4.5,0.5934,
2026,4,REG,2026-10-04,2026_04_DAL_HOU,401872967,DAL,HOU,Dallas Cowboys,Houston Texans,0,0,1465.6,1547.4,-81.9,0.1055,0.1358,-0.0465,-0.0628,0.1911,0.2354,0.0143,0.0008,-0.0466,00-0033077,00-0039163,00-0033077,00-0039163,0.1353,0.034,0.1013,0,0,7,7,0,0,0,376,0,0.376,-0.265,-8.76,0.541,4.5,0.0,-9.5,0.4066,
2026,4,REG,2026-10-04,2026_04_GB_TB,401872968,TB,GB,Tampa Bay Buccaneers,Green Bay Packers,1,0,1443.7,1470.6,-26.9,-0.033,0.0187,0.0101,0.0636,-0.0154,0.1059,0.111,0.1593,0.0018,00-0034855,00-0036264,00-0034855,00-0036264,0.0701,0.144,-0.0739,0,0,7,10,-3,0,0,0,1903,-1.903,-0.088,-3.65,0.0,-5.0,0.33,-11.67,0.4846,
2026,4,REG,2026-10-04,2026_04_GB_TB,401872968,GB,TB,Green Bay Packers,Tampa Bay Buccaneers,0,0,1470.6,1443.7,26.9,0.0101,0.0636,-0.033,0.0187,0.111,0.1593,-0.0154,0.1059,-0.0018,00-0036264,00-0034855,00-0036264,00-0034855,0.144,0.0701,0.0739,0,0,10,7,3,0,0,1903,0,1.903,0.088,3.65,0.33,-11.67,0.0,-5.0,0.5154,
2026,4,REG,2026-10-04,2026_04_JAX_CIN,401872969,CIN,JAX,Cincinnati Bengals,Jacksonville Jaguars,1,0,1538.9,1568.7,-29.7,0.0074,-0.0049,0.0624,-0.0476,0.0219,0.0265,0.1619,-0.0298,-0.0978,00-0036442,00-0036971,00-0036442,00-0036971,0.1139,0.0529,0.061,0,0,7,7,0,0,0,0,1010,-1.01,-0.412,-12.71,1.0,10.0,0.459,8.5,0.5934,
2026,4,REG,2026-10-04,2026_04_JAX_CIN,401872969,JAX,CIN,Jacksonville Jaguars,Cincinnati Bengals,0,0,1568.7,1538.9,29.7,0.0624,-0.0476,0.0074,-0.0049,0.1619,-0.0298,0.0219,0.0265,0.0978,00-0036971,00-0036442,00-0036971,00-0036442,0.0529,0.1139,-0.061,0,0,7,7,0,0,0,1010,0,1.01,0.412,12.71,0.459,8.5,1.0,10.0,0.4066,
2026,4,REG,2026-10-04,2026_04_LA_PHI,401872970,PHI,LA,Philadelphia Eagles,Los Angeles Rams,1,0,1573.3,1590.5,-17.1,0.0233,-0.017,0.0812,-0.0325,0.1016,0.0161,0.1489,0.0074,-0.0733,00-0036389,00-0026498,00-0036389,00-0026498,0.109,0.1312,-0.0222,0,0,6,7,-1,0,0,0,3856,-3.856,-0.059,-6.94,1.0,3.0,0.541,1.0,0.4486,
2026,4,REG,2026-10-04,2026_04_LA_PHI,401872970,LA,PHI,Los Angeles Rams,Philadelphia Eagles,0,0,1590.5,1573.3,17.1,0.0812,-0.0325,0.0233,-0.017,0.1489,0.0074,0.1016,0.0161,0.0733,00-0026498,00-0036389,00-0026498,00-0036389,0.1312,0.109,0.0222,0,0,7,6,1,0,0,3856,0,3.856,0.059,6.94,0.541,1.0,1.0,3.0,0.5514,
2026,4,REG,2026-10-04,2026_04_NE_BUF,401872971,BUF,NE,Buffalo Bills,New England Patriots,1,1,1643.2,1610.5,32.7,0.1711,0.0413,0.0083,-0.1017,0.2516,0.0697,0.0878,-0.0909,0.0199,00-0034857,00-0039851,00-0034857,00-0039851,0.1913,0.1128,0.0785,0,0,7,7,0,0,0,0,622,-0.622,-0.118,-3.18,1.0,7.5,0.541,7.0,0.6854,
2026,4,REG,2026-10-04,2026_04_NE_BUF,401872971,NE,BUF,New England Patriots,Buffalo Bills,0,1,1610.5,1643.2,-32.7,0.0083,-0.1017,0.1711,0.0413,0.0878,-0.0909,0.2516,0.0697,-0.0199,00-0039851,00-0034857,00-0039851,00-0034857,0.1128,0.1913,-0.0785,0,0,7,7,0,0,0,622,0,0.622,0.118,3.18,0.541,7.0,1.0,7.5,0.3146,
2026,4,REG,2026-10-04,2026_04_NYJ_CHI,401872972,CHI,NYJ,Chicago Bears,New York Jets,1,0,1537.6,1384.7,152.9,0.0616,0.0329,-0.0814,0.0524,0.1295,0.0955,-0.0333,0.1747,0.1624,00-0038416,00-0030565,00-0039918,00-0030565,-0.0935,-0.006,-0.0875,1,0,6,7,-1,0,0,0,1135,-1.135,0.471,13.47,0.459,8.0,0.459,5.0,0.5996,
2026,4,REG,2026-10-04,2026_04_NYJ_CHI,401872972,NYJ,CHI,New York Jets,Chicago Bears,0,0,1384.7,1537.6,-152.9,-0.0814,0.0524,0.0616,0.0329,-0.0333,0.1747,0.1295,0.0955,-0.1624,00-0030565,00-0038416,00-0030565,00-0039918,-0.006,-0.0935,0.0875,0,1,7,6,1,0,0,1135,0,1.135,-0.471,-13.47,0.459,5.0,0.459,8.0,0.4004,
2026,4,REG,2026-10-04,2026_04_TEN_BAL,401872973,BAL,TEN,Baltimore Ravens,Tennessee Titans,1,0,1539.0,1323.9,215.1,0.0797,-0.0076,-0.0831,0.0752,0.1097,0.0297,-0.0904,0.1751,0.2456,00-0034796,00-0040676,00-0034796,00-0040676,0.1553,-0.1325,0.2878,0,0,7,7,0,0,0,0,957,-0.957,0.294,12.94,0.459,5.5,0.0,-8.5,0.8173,
2026,4,REG,2026-10-04,2026_04_TEN_BAL,401872973,TEN,BAL,Tennessee Titans,Baltimore Ravens,0,0,1323.9,1539.0,-215.1,-0.0831,0.0752,0.0797,-0.0076,-0.0904,0.1751,0.1097,0.0297,-0.2456,00-0040676,00-0034796,00-0040676,00-0034796,-0.1325,0.1553,-0.2878,0,0,7,7,0,0,0,957,0,0.957,-0.294,-12.94,0.0,-8.5,0.459,5.5,0.1827,
2026,4,REG,2026-10-04,2026_04_MIA_MIN,401872974,MIN,MIA,Minnesota Vikings,Miami Dolphins,1,0,1597.4,1415.5,181.9,-0.0518,-0.1117,-0.0512,0.089,-0.0324,-0.088,-0.0002,0.2236,0.2002,00-0035228,00-0038128,00-0032950,00-0038128,0.0582,0.0178,0.0403,1,0,7,7,0,0,0,0,2414,-2.414,0.118,5.18,1.0,11.5,0.0,-18.0,0.84,
2026,4,REG,2026-10-04,2026_04_MIA_MIN,401872974,MIA,MIN,Miami Dolphins,Minnesota Vikings,0,0,1415.5,1597.4,-181.9,-0.0512,0.089,-0.0518,-0.1117,-0.0002,0.2236,-0.0324,-0.088,-0.2002,00-0038128,00-0035228,00-0038128,00-0032950,0.0178,0.0582,-0.0403,0,1,7,7,0,0,0,2414,0,2.414,-0.118,-5.18,0.0,-18.0,1.0,11.5,0.16,
2026,4,REG,2026-10-04,2026_04_DEN_SF,401872975,SF,DEN,San Francisco 49ers,Denver Broncos,1,0,1608.6,1591.0,17.6,0.0922,0.0123,-0.0327,-0.0285,0.2112,0.0635,0.017,-0.0507,0.0841,00-0037834,00-0039732,00-0037834,00-0039732,0.1889,0.0728,0.1161,0,0,7,7,0,0,0,0,1494,-1.494,-0.118,-1.41,1.0,21.0,0.541,-7.0,0.6092,
2026,4,REG,2026-10-04,2026_04_DEN_SF,401872975,DEN,SF,Denver Broncos,San Francisco 49ers,0,0,1591.0,1608.6,-17.6,-0.0327,-0.0285,0.0922,0.0123,0.017,-0.0507,0.2112,0.0635,-0.0841,00-0039732,00-0037834,00-0039732,00-0037834,0.0728,0.1889,-0.1161,0,0,7,7,0,0,0,1494,0,1.494,0.118,1.41,0.541,-7.0,1.0,21.0,0.3908,
2026,4,REG,2026-10-04,2026_04_KC_LV,401872976,LV,KC,Las Vegas Raiders,Kansas City Chiefs,1,1,1424.7,1538.9,-114.3,-0.1305,-0.0728,0.0161,-0.0386,-0.0478,0.0299,0.0161,-0.0015,-0.1124,00-0029604,00-0033873,00-0029604,00-0033873,0.0599,0.1765,-0.1166,0,0,7,7,0,0,0,0,1850,-1.85,-0.176,-13.24,1.0,13.0,1.0,12.0,0.3092,
2026,4,REG,2026-10-04,2026_04_KC_LV,401872976,KC,LV,Kansas City Chiefs,Las Vegas Raiders,0,1,1538.9,1424.7,114.3,0.0161,-0.0386,-0.1305,-0.0728,0.0161,-0.0015,-0.0478,0.0299,0.1124,00-0033873,00-0029604,00-0033873,00-0029604,0.1765,0.0599,0.1166,0,0,7,7,0,0,0,1850,0,1.85,0.176,13.24,1.0,12.0,1.0,13.0,0.6908,
2026,4,REG,2026-10-04,2026_04_LAC_SEA,401872977,SEA,LAC,Seattle Seahawks,Los Angeles Chargers,1,0,1698.8,1449.3,249.5,0.0566,-0.1365,-0.0982,-0.0432,0.1964,-0.0865,-0.0238,0.0499,0.248,00-0035704,00-0036355,00-0035704,00-0036355,-0.0273,0.0634,-0.0907,0,0,7,7,0,0,0,0,1553,-1.553,0.176,9.59,1.0,13.5,0.0,-12.0,0.7095,
2026,4,REG,2026-10-04,2026_04_LAC_SEA,401872977,LAC,SEA,Los Angeles Chargers,Seattle Seahawks,0,0,1449.3,1698.8,-249.5,-0.0982,-0.0432,0.0566,-0.1365,-0.0238,0.0499,0.1964,-0.0865,-0.248,00-0036355,00-0035704,00-0036355,00-0035704,0.0634,-0.0273,0.0907,0,0,7,7,0,0,0,1553,0,1.553,-0.176,-9.59,0.0,-12.0,1.0,13.5,0.2905,
2026,4,REG,2026-10-04,2026_04_DET_CAR,401872978,CAR,DET,Carolina Panthers,Detroit Lions,1,0,1454.4,1545.3,-90.9,-0.0027,0.0168,0.0628,0.077,0.078,0.0463,0.1557,0.0987,-0.0053,00-0039150,00-0033106,00-0039150,00-0033106,-0.0406,0.1477,-0.1883,0,0,7,7,0,0,0,0,813,-0.813,-0.059,-8.06,0.541,4.5,0.459,-4.5,0.417,
2026,4,REG,2026-10-04,2026_04_DET_CAR,401872978,DET,CAR,Detroit Lions,Carolina Panthers,0,0,1545.3,1454.4,90.9,0.0628,0.077,-0.0027,0.0168,0.1557,0.0987,0.078,0.0463,0.0053,00-0033106,00-0039150,00-0033106,00-0039150,0.1477,-0.0406,0.1883,0,0,7,7,0,0,0,813,0,0.813,0.059,8.06,0.459,-4.5,0.541,4.5,0.583,
2026,4,REG,2026-10-05,2026_04_ATL_NO,401872979,NO,ATL,New Orleans Saints,Atlanta Falcons,1,1,1471.9,1460.5,11.4,-0.0079,-0.035,-0.0577,-0.0167,0.0456,-0.0009,-0.0759,0.0356,0.0681,00-0040743,00-0039917,00-0040743,00-0039917,0.0106,0.0404,-0.0297,0,0,8,11,-3,0,0,0,683,-0.683,-0.118,-1.71,0.541,3.0,0.389,-5.67,0.6097,
2026,4,REG,2026-10-05,2026_04_ATL_NO,401872979,ATL,NO,Atlanta Falcons,New Orleans Saints,0,1,1460.5,1471.9,-11.4,-0.0577,-0.0167,-0.0079,-0.035,-0.0759,0.0356,0.0456,-0.0009,-0.0681,00-0039917,00-0040743,00-0039917,00-0040743,0.0404,0.0106,0.0297,0,0,11,8,3,0,0,683,0,0.683,0.118,1.71,0.389,-5.67,0.541,3.0,0.3903,
2026,5,REG,2026-10-08,2026_05_TB_DAL,401872980,DAL,TB,Dallas Cowboys,Tampa Bay Buccaneers,1,0,1465.6,1443.7,21.8,0.1055,0.1358,-0.033,0.0187,0.1911,0.2354,-0.0154,0.1059,0.0214,00-0033077,00-0034855,00-0033077,00-0034855,0.1353,0.0701,0.0652,0,0,4,4,0,0,0,0,1495,-1.495,-0.029,-0.53,0.541,4.5,0.0,-5.0,,
2026,5,REG,2026-10-08,2026_05_TB_DAL,401872980,TB,DAL,Tampa Bay Buccaneers,Dallas Cowboys,0,0,1443.7,1465.6,-21.8,-0.033,0.0187,0.1055,0.1358,-0.0154,0.1059,0.1911,0.2354,-0.0214,00-0034855,00-0033077,00-0034855,00-0033077,0.0701,0.1353,-0.0652,0,0,4,4,0,0,0,1495,0,1.495,0.029,0.53,0.0,-5.0,0.541,4.5,,
2026,5,REG,2026-10-11,2026_05_PHI_JAX,401872981,JAX,PHI,Jacksonville Jaguars,Philadelphia Eagles,1,0,1568.7,1573.3,-4.7,0.0624,-0.0476,0.0233,-0.017,0.1619,-0.0298,0.1016,0.0161,0.0697,00-0036971,00-0036389,00-0036971,00-0036389,0.0529,0.109,-0.0561,0,0,7,7,0,0,0,0,1216,-1.216,0.118,4.94,0.459,8.5,1.0,3.0,,
2026,5,REG,2026-10-11,2026_05_PHI_JAX,401872981,PHI,JAX,Philadelphia Eagles,Jacksonville Jaguars,0,0,1573.3,1568.7,4.7,0.0233,-0.017,0.0624,-0.0476,0.1016,0.0161,0.1619,-0.0298,-0.0697,00-0036389,00-0036971,00-0036389,00-0036971,0.109,0.0529,0.0561,0,0,7,7,0,0,0,1216,0,1.216,-0.118,-4.94,1.0,3.0,0.459,8.5,,
2026,5,REG,2026-10-11,2026_05_CIN_MIA,401872982,MIA,CIN,Miami Dolphins,Cincinnati Bengals,1,0,1415.5,1538.9,-123.4,-0.0512,0.089,0.0074,-0.0049,-0.0002,0.2236,0.0219,0.0265,-0.1525,00-0038128,00-0036442,00-0038128,00-0036442,0.0178,0.1139,-0.096,0,0,7,7,0,0,0,0,1514,-1.514,0.059,0.06,0.0,-18.0,1.0,10.0,,
2026,5,REG,2026-10-11,2026_05_CIN_MIA,401872982,CIN,MIA,Cincinnati Bengals,Miami Dolphins,0,0,1538.9,1415.5,123.4,0.0074,-0.0049,-0.0512,0.089,0.0219,0.0265,-0.0002,0.2236,0.1525,00-0036442,00-0038128,00-0036442,00-0038128,0.1139,0.0178,0.096,0,0,7,7,0,0,0,1514,0,1.514,-0.059,-0.06,1.0,10.0,0.0,-18.0,,
2026,5,REG,2026-10-11,2026_05_CLE_NYJ,401872983,NYJ,CLE,New York Jets,Cleveland Browns,1,0,1384.7,1433.5,-48.9,-0.0814,0.0524,-0.1243,-0.0306,-0.0333,0.1747,-0.0984,-0.0213,-0.04,00-0030565,00-0033537,00-0030565,00-0033537,-0.006,0.0529,-0.0589,0,0,7,10,-3,0,0,0,643,-0.643,-0.118,-6.06,0.459,5.0,0.541,-10.0,,
2026,5,REG,2026-10-11,2026_05_CLE_NYJ,401872983,CLE,NYJ,Cleveland Browns,New York Jets,0,0,1433.5,1384.7,48.9,-0.1243,-0.0306,-0.0814,0.0524,-0.0984,-0.0213,-0.0333,0.1747,0.04,00-0033537,00-0030565,00-0033537,00-0030565,0.0529,-0.006,0.0589,0,0,10,7,3,0,0,643,0,0.643,0.118,6.06,0.541,-10.0,0.459,5.0,,
2026,5,REG,2026-10-11,2026_05_HOU_TEN,401872984,TEN,HOU,Tennessee Titans,Houston Texans,1,1,1323.9,1547.4,-223.5,-0.0831,0.0752,-0.0465,-0.0628,-0.0904,0.1751,0.0143,0.0008,-0.1746,00-0040676,00-0039163,00-0040676,00-0039163,-0.1325,0.034,-0.1665,0,0,7,7,0,0,0,0,1081,-1.081,-0.529,-17.82,0.0,-8.5,0.0,-9.5,,
2026,5,REG,2026-10-11,2026_05_HOU_TEN,401872984,HOU,TEN,Houston Texans,Tennessee Titans,0,1,1547.4,1323.9,223.5,-0.0465,-0.0628,-0.0831,0.0752,0.0143,0.0008,-0.0904,0.1751,0.1746,00-0039163,00-0040676,00-0039163,00-0040676,0.034,-0.1325,0.1665,0,0,7,7,0,0,0,1081,0,1.081,0.529,17.82,0.0,-9.5,0.0,-8.5,,
2026,5,REG,2026-10-11,2026_05_IND_PIT,401872985,PIT,IND,Pittsburgh Steelers,Indianapolis Colts,1,0,1509.5,1435.6,73.9,-0.1025,-0.0405,0.0106,0.0722,-0.1142,-0.05,0.0048,0.1408,-0.0005,00-0023459,00-0035710,00-0023459,00-0035710,0.0527,0.002,0.0507,0,0,10,7,3,0,0,0,528,-0.528,0.118,-2.59,0.459,-5.0,0.0,-10.5,,
2026,5,REG,2026-10-11,2026_05_IND_PIT,401872985,IND,PIT,Indianapolis Colts,Pittsburgh Steelers,0,0,1435.6,1509.5,-73.9,0.0106,0.0722,-0.1025,-0.0405,0.0048,0.1408,-0.1142,-0.05,0.0005,00-0035710,00-0023459,00-0035710,00-0023459,0.002,0.0527,-0.0507,0,0,7,10,-3,0,0,528,0,0.528,-0.118,2.59,0.0,-10.5,0.459,-5.0,,
2026,5,REG,2026-10-11,2026_05_LV_NE,401872986,NE,LV,New England Patriots,Las Vegas Raiders,1,0,1610.5,1424.7,185.8,0.0083,-0.1017,-0.1305,-0.0728,0.0878,-0.0909,-0.0478,0.0299,0.1676,00-0039851,00-0029604,00-0039851,00-0029604,0.1128,0.0599,0.0529,0,0,7,7,0,0,0,0,3806,-3.806,0.647,21.24,0.541,7.0,1.0,13.0,,
2026,5,REG,2026-10-11,2026_05_LV_NE,401872986,LV,NE,Las Vegas Raiders,New England Patriots,0,0,1424.7,1610.5,-185.8,-0.1305,-0.0728,0.0083,-0.1017,-0.0478,0.0299,0.0878,-0.0909,-0.1676,00-0029604,00-0039851,00-0029604,00-0039851,0.0599,0.1128,-0.0529,0,0,7,7,0,0,0,3806,0,3.806,-0.647,-21.24,1.0,13.0,0.541,7.0,,
2026,5,REG,2026-10-11,2026_05_MIN_NO,401872987,NO,MIN,New Orleans Saints,Minnesota Vikings,1,0,1471.9,1597.4,-125.5,-0.0079,-0.035,-0.0518,-0.1117,0.0456,-0.0009,-0.0324,-0.088,-0.0328,00-0040743,00-0032950,00-0040743,00-0032950,0.0106,-0.0006,0.0113,0,0,6,7,-1,0,0,0,1693,-1.693,-0.176,-5.18,0.541,3.0,1.0,11.5,,
2026,5,REG,2026-10-11,2026_05_MIN_NO,401872987,MIN,NO,Minnesota Vikings,New Orleans Saints,0,0,1597.4,1471.9,125.5,-0.0518,-0.1117,-0.0079,-0.035,-0.0324,-0.088,0.0456,-0.0009,0.0328,00-0032950,00-0040743,00-0032950,00-0040743,-0.0006,0.0106,-0.0113,0,0,7,6,1,0,0,1693,0,1.693,0.176,5.18,1.0,11.5,0.541,3.0,,
2026,5,REG,2026-10-11,2026_05_NYG_WAS,401872988,WAS,NYG,Washington Commanders,New York Giants,1,1,1431.3,1433.4,-2.0,0.0299,0.1186,0.0126,0.0994,0.0881,0.2129,0.0653,0.1631,-0.002,00-0039910,00-0040691,00-0039910,00-0040691,0.1086,0.0622,0.0464,0,0,7,7,0,0,0,0,319,-0.319,0.059,-2.18,0.0,-9.5,0.459,-7.0,,
2026,5,REG,2026-10-11,2026_05_NYG_WAS,401872988,NYG,WAS,New York Giants,Washington Commanders,0,1,1433.4,1431.3,2.0,0.0126,0.0994,0.0299,0.1186,0.0653,0.1631,0.0881,0.2129,0.002,00-0040691,00-0039910,00-0040691,00-0039910,0.0622,0.1086,-0.0464,0,0,7,7,0,0,0,319,0,0.319,-0.059,2.18,0.459,-7.0,0.0,-9.5,,
2026,5,REG,2026-10-11,2026_05_DEN_LAC,401872989,LAC,DEN,Los Angeles Chargers,Denver Broncos,1,1,1449.3,1591.0,-141.7,-0.0982,-0.0432,-0.0327,-0.0285,-0.0238,0.0499,0.017,-0.0507,-0.0507,00-0036355,00-0039732,00-0036355,00-0039732,0.0634,0.0728,-0.0094,0,0,7,7,0,0,0,0,1347,-1.347,-0.176,-3.65,0.0,-12.0,0.541,-7.0,,
2026,5,REG,2026-10-11,2026_05_DEN_LAC,401872989,DEN,LAC,Denver Broncos,Los Angeles Chargers,0,1,1591.0,1449.3,141.7,-0.0327,-0.0285,-0.0982,-0.0432,0.017,-0.0507,-0.0238,0.0499,0.0507,00-0039732,00-0036355,00-0039732,00-0036355,0.0728,0.0634,0.0094,0,0,7,7,0,0,0,1347,0,1.347,0.176,3.65,0.541,-7.0,0.0,-12.0,,
2026,5,REG,2026-10-11,2026_05_CHI_GB,401872990,GB,CHI,Green Bay Packers,Chicago Bears,1,1,1470.6,1537.6,-67.0,0.0101,0.0636,0.0616,0.0329,0.111,0.1593,0.1295,0.0955,-0.0821,00-0036264,00-0039918,00-0036264,00-0039918,0.144,0.0581,0.0858,0,0,7,7,0,0,0,0,296,-0.296,-0.088,0.29,0.33,-11.67,0.459,8.0,,
2026,5,REG,2026-10-11,2026_05_CHI_GB,401872990,CHI,GB,Chicago Bears,Green Bay Packers,0,1,1537.6,1470.6,67.0,0.0616,0.0329,0.0101,0.0636,0.1295,0.0955,0.111,0.1593,0.0821,00-0039918,00-0036264,00-0039918,00-0036264,0.0581,0.144,-0.0858,0,0,7,7,0,0,0,296,0,0.296,0.088,-0.29,0.459,8.0,0.33,-11.67,,
2026,5,REG,2026-10-11,2026_05_DET_ARI,401872991,ARI,DET,Arizona Cardinals,Detroit Lions,1,0,1422.8,1545.3,-122.5,-0.0282,0.0625,0.0628,0.077,0.02,0.2005,0.1557,0.0987,-0.0765,00-0033119,00-0033106,00-0033119,00-0033106,-0.0124,0.1477,-0.1602,0,0,7,7,0,0,0,0,2727,-2.727,-0.353,-11.82,0.459,-6.0,0.459,-4.5,,
2026,5,REG,2026-10-11,2026_05_DET_ARI,401872991,DET,ARI,Detroit Lions,Arizona Cardinals,0,0,1545.3,1422.8,122.5,0.0628,0.077,-0.0282,0.0625,0.1557,0.0987,0.02,0.2005,0.0765,00-0033106,00-0033119,00-0033106,00-0033119,0.1477,-0.0124,0.1602,0,0,7,7,0,0,0,2727,0,2.727,0.353,11.82,0.459,-4.5,0.459,-6.0,,
2026,5,REG,2026-10-11,2026_05_SF_SEA,401872992,SEA,SF,Seattle Seahawks,San Francisco 49ers,1,1,1698.8,1608.6,90.2,0.0566,-0.1365,0.0922,0.0123,0.1964,-0.0865,0.2112,0.0635,0.1132,00-0035704,00-0037834,00-0035704,00-0037834,-0.0273,0.1889,-0.2162,0,0,7,7,0,0,0,0,1134,-1.134,0.118,7.35,1.0,13.5,1.0,21.0,,
2026,5,REG,2026-10-11,2026_05_SF_SEA,401872992,SF,SEA,San Francisco 49ers,Seattle Seahawks,0,1,1608.6,1698.8,-90.2,0.0922,0.0123,0.0566,-0.1365,0.2112,0.0635,0.1964,-0.0865,-0.1132,00-0037834,00-0035704,00-0037834,00-0035704,0.1889,-0.0273,0.2162,0,0,7,7,0,0,0,1134,0,1.134,-0.118,-7.35,1.0,21.0,1.0,13.5,,
2026,5,REG,2026-10-11,2026_05_BAL_ATL,401872993,ATL,BAL,Atlanta Falcons,Baltimore Ravens,1,0,1460.5,1539.0,-78.5,-0.0577,-0.0167,0.0797,-0.0076,-0.0759,0.0356,0.1097,0.0297,-0.1283,00-0039917,00-0034796,00-0039917,00-0034796,0.0404,0.1553,-0.1149,0,0,6,7,-1,0,0,0,927,-0.927,0.0,-4.35,0.389,-5.67,0.459,5.5,,
2026,5,REG,2026-10-11,2026_05_BAL_ATL,401872993,BAL,ATL,Baltimore Ravens,Atlanta Falcons,0,0,1539.0,1460.5,78.5,0.0797,-0.0076,-0.0577,-0.0167,0.1097,0.0297,-0.0759,0.0356,0.1283,00-0034796,00-0039917,00-0034796,00-0039917,0.1553,0.0404,0.1149,0,0,7,6,1,0,0,927,0,0.927,0.0,4.35,0.459,5.5,0.389,-5.67,,
2026,5,REG,2026-10-12,2026_05_BUF_LA,401872994,LA,BUF,Los Angeles Rams,Buffalo Bills,1,0,1590.5,1643.2,-52.7,0.0812,-0.0325,0.1711,0.0413,0.1489,0.0074,0.2516,0.0697,-0.0162,00-0026498,00-0034857,00-0026498,00-0034857,0.1312,0.1913,-0.0601,0,0,8,8,0,0,0,0,3550,-3.55,0.0,3.29,0.541,1.0,1.0,7.5,,
2026,5,REG,2026-10-12,2026_05_BUF_LA,401872994,BUF,LA,Buffalo Bills,Los Angeles Rams,0,0,1643.2,1590.5,52.7,0.1711,0.0413,0.0812,-0.0325,0.2516,0.0697,0.1489,0.0074,0.0162,00-0034857,00-0026498,00-0034857,00-0026498,0.1913,0.1312,0.0601,0,0,8,8,0,0,0,3550,0,3.55,0.0,-3.29,1.0,7.5,0.541,1.0,,
2026,6,REG,2026-10-15,2026_06_SEA_DEN,401872995,DEN,SEA,Denver Broncos,Seattle Seahawks,1,0,1591.0,1698.8,-107.8,-0.0327,-0.0285,0.0566,-0.1365,0.017,-0.0507,0.1964,-0.0865,-0.1973,00-0039732,00-0035704,00-0039732,00-0035704,0.0728,-0.0273,0.1001,0,0,4,4,0,0,0,0,1638,-1.638,0.0,-5.94,0.541,-7.0,1.0,13.5,,
2026,6,REG,2026-10-15,2026_06_SEA_DEN,401872995,SEA,DEN,Seattle Seahawks,Denver Broncos,0,0,1698.8,1591.0,107.8,0.0566,-0.1365,-0.0327,-0.0285,0.1964,-0.0865,0.017,-0.0507,0.1973,00-0035704,00-0039732,00-0035704,00-0039732,-0.0273,0.0728,-0.1001,0,0,4,4,0,0,0,1638,0,1.638,0.0,5.94,1.0,13.5,0.541,-7.0,,
2026,6,REG,2026-10-18,2026_06_HOU_JAX,401872996,JAX,HOU,Jacksonville Jaguars,Houston Texans,0,1,1568.7,1547.4,21.2,0.0624,-0.0476,-0.0465,-0.0628,0.1619,-0.0298,0.0143,0.0008,0.0937,00-0036971,00-0039163,00-0036971,00-0039163,0.0529,0.034,0.0189,0,0,7,7,0,0,0,6846,7800,-0.954,0.059,1.71,0.459,8.5,0.0,-9.5,,
2026,6,REG,2026-10-18,2026_06_HOU_JAX,401872996,HOU,JAX,Houston Texans,Jacksonville Jaguars,0,1,1547.4,1568.7,-21.2,-0.0465,-0.0628,0.0624,-0.0476,0.0143,0.0008,0.1619,-0.0298,-0.0937,00-0039163,00-0036971,00-0039163,00-0036971,0.034,0.0529,-0.0189,0,0,7,7,0,0,0,7800,6846,0.954,-0.059,-1.71,0.0,-9.5,0.459,8.5,,
2026,6,REG,2026-10-18,2026_06_BAL_CLE,401872997,CLE,BAL,Cleveland Browns,Baltimore Ravens,1,1,1433.5,1539.0,-105.5,-0.1243,-0.0306,0.0797,-0.0076,-0.0984,-0.0213,0.1097,0.0297,-0.181,00-0033537,00-0034796,00-0033537,00-0034796,0.0529,0.1553,-0.1023,0,0,7,7,0,0,0,0,496,-0.496,-0.176,-7.41,0.541,-10.0,0.459,5.5,,
2026,6,REG,2026-10-18,2026_06_BAL_CLE,401872997,BAL,CLE,Baltimore Ravens,Cleveland Browns,0,1,1539.0,1433.5,105.5,0.0797,-0.0076,-0.1243,-0.0306,0.1097,0.0297,-0.0984,-0.0213,0.181,00-0034796,00-0033537,00-0034796,00-0033537,0.1553,0.0529,0.1023,0,0,7,7,0,0,0,496,0,0.496,0.176,7.41,0.459,5.5,0.541,-10.0,,
2026,6,REG,2026-10-18,2026_06_CAR_PHI,401872998,PHI,CAR,Philadelphia Eagles,Carolina Panthers,1,0,1573.3,1454.4,118.9,0.0233,-0.017,-0.0027,0.0168,0.1016,0.0161,0.078,0.0463,0.0599,00-0036389,00-0039150,00-0036389,00-0039150,0.109,-0.0406,0.1496,0,0,7,14,-7,0,1,0,722,-0.722,0.176,7.24,1.0,3.0,0.541,4.5,,
2026,6,REG,2026-10-18,2026_06_CAR_PHI,401872998,CAR,PHI,Carolina Panthers,Philadelphia Eagles,0,0,1454.4,1573.3,-118.9,-0.0027,0.0168,0.0233,-0.017,0.078,0.0463,0.1016,0.0161,-0.0599,00-0039150,00-0036389,00-0039150,00-0036389,-0.0406,0.109,-0.1496,0,0,14,7,7,1,0,722,0,0.722,-0.176,-7.24,0.541,4.5,1.0,3.0,,
2026,6,REG,2026-10-18,2026_06_CHI_ATL,401872999,ATL,CHI,Atlanta Falcons,Chicago Bears,1,0,1460.5,1537.6,-77.0,-0.0577,-0.0167,0.0616,0.0329,-0.0759,0.0356,0.1295,0.0955,-0.0696,00-0039917,00-0039918,00-0039917,00-0039918,0.0404,0.0581,-0.0178,0,0,7,7,0,0,0,0,944,-0.944,-0.176,-4.35,0.389,-5.67,0.459,8.0,,
2026,6,REG,2026-10-18,2026_06_CHI_ATL,401872999,CHI,ATL,Chicago Bears,Atlanta Falcons,0,0,1537.6,1460.5,77.0,0.0616,0.0329,-0.0577,-0.0167,0.1295,0.0955,-0.0759,0.0356,0.0696,00-0039918,00-0039917,00-0039918,00-0039917,0.0581,0.0404,0.0178,0,0,7,7,0,0,0,944,0,0.944,0.176,4.35,0.459,8.0,0.389,-5.67,,
2026,6,REG,2026-10-18,2026_06_NO_NYG,401873000,NYG,NO,New York Giants,New Orleans Saints,1,0,1433.4,1471.9,-38.5,0.0126,0.0994,-0.0079,-0.035,0.0653,0.1631,0.0456,-0.0009,-0.1138,00-0040691,00-0040743,00-0040691,00-0040743,0.0622,0.0106,0.0516,0,0,7,7,0,0,0,0,1883,-1.883,-0.118,1.12,0.459,-7.0,0.541,3.0,,
2026,6,REG,2026-10-18,2026_06_NO_NYG,401873000,NO,NYG,New Orleans Saints,New York Giants,0,0,1471.9,1433.4,38.5,-0.0079,-0.035,0.0126,0.0994,0.0456,-0.0009,0.0653,0.1631,0.1138,00-0040743,00-0040691,00-0040743,00-0040691,0.0106,0.0622,-0.0516,0,0,7,7,0,0,0,1883,0,1.883,0.118,-1.12,0.541,3.0,0.459,-7.0,,
2026,6,REG,2026-10-18,2026_06_NYJ_NE,401873001,NE,NYJ,New England Patriots,New York Jets,1,1,1610.5,1384.7,225.8,0.0083,-0.1017,-0.0814,0.0524,0.0878,-0.0909,-0.0333,0.1747,0.2437,00-0039851,00-0030565,00-0039851,00-0030565,0.1128,-0.006,0.1188,0,0,7,7,0,0,0,0,274,-0.274,0.647,21.94,0.541,7.0,0.459,5.0,,
2026,6,REG,2026-10-18,2026_06_NYJ_NE,401873001,NYJ,NE,New York Jets,New England Patriots,0,1,1384.7,1610.5,-225.8,-0.0814,0.0524,0.0083,-0.1017,-0.0333,0.1747,0.0878,-0.0909,-0.2437,00-0030565,00-0039851,00-0030565,00-0039851,-0.006,0.1128,-0.1188,0,0,7,7,0,0,0,274,0,0.274,-0.647,-21.94,0.459,5.0,0.541,7.0,,
2026,6,REG,2026-10-18,2026_06_PIT_TB,401873002,TB,PIT,Tampa Bay Buccaneers,Pittsburgh Steelers,1,0,1443.7,1509.5,-65.8,-0.033,0.0187,-0.1025,-0.0405,-0.0154,0.1059,-0.1142,-0.05,0.0103,00-0034855,00-0023459,00-0034855,00-0023459,0.0701,0.0527,0.0174,0,0,10,7,3,0,0,0,1405,-1.405,-0.118,-2.41,0.0,-5.0,0.459,-5.0,,
2026,6,REG,2026-10-18,2026_06_PIT_TB,401873002,PIT,TB,Pittsburgh Steelers,Tampa Bay Buccaneers,0,0,1509.5,1443.7,65.8,-0.1025,-0.0405,-0.033,0.0187,-0.1142,-0.05,-0.0154,0.1059,-0.0103,00-0023459,00-0034855,00-0023459,00-0034855,0.0527,0.0701,-0.0174,0,0,7,10,-3,0,0,1405,0,1.405,0.118,2.41,0.459,-5.0,0.0,-5.0,,
2026,6,REG,2026-10-18,2026_06_TEN_IND,401873003,IND,TEN,Indianapolis Colts,Tennessee Titans,1,1,1435.6,1323.9,111.7,0.0106,0.0722,-0.0831,0.0752,0.0048,0.1408,-0.0904,0.1751,0.0968,00-0035710,00-0040676,00-0035710,00-0040676,0.002,-0.1325,0.1345,0,0,7,7,0,0,0,0,403,-0.403,0.294,14.59,0.0,-10.5,0.0,-8.5,,
2026,6,REG,2026-10-18,2026_06_TEN_IND,401873003,TEN,IND,Tennessee Titans,Indianapolis Colts,0,1,1323.9,1435.6,-111.7,-0.0831,0.0752,0.0106,0.0722,-0.0904,0.1751,0.0048,0.1408,-0.0968,00-0040676,00-0035710,00-0040676,00-0035710,-0.1325,0.002,-0.1345,0,0,7,7,0,0,0,403,0,0.403,-0.294,-14.59,0.0,-8.5,0.0,-10.5,,
2026,6,REG,2026-10-18,2026_06_ARI_LA,401873004,LA,ARI,Los Angeles Rams,Arizona Cardinals,1,1,1590.5,1422.8,167.6,0.0812,-0.0325,-0.0282,0.0625,0.1489,0.0074,0.02,0.2005,0.2043,00-0026498,00-0033119,00-0026498,00-0033119,0.1312,-0.0124,0.1436,0,0,6,7,-1,0,0,0,564,-0.564,0.529,17.94,0.541,1.0,0.459,-6.0,,
2026,6,REG,2026-10-18,2026_06_ARI_LA,401873004,ARI,LA,Arizona Cardinals,Los Angeles Rams,0,1,1422.8,1590.5,-167.6,-0.0282,0.0625,0.0812,-0.0325,0.02,0.2005,0.1489,0.0074,-0.2043,00-0033119,00-0026498,00-0033119,00-0026498,-0.0124,0.1312,-0.1436,0,0,7,6,1,0,0,564,0,0.564,-0.529,-17.94,0.459,-6.0,0.541,1.0,,
2026,6,REG,2026-10-18,2026_06_BUF_LV,401873005,LV,BUF,Las Vegas Raiders,Buffalo Bills,1,0,1424.7,1643.2,-218.5,-0.1305,-0.0728,0.1711,0.0413,-0.0478,0.0299,0.2516,0.0697,-0.1874,00-0029604,00-0034857,00-0029604,00-0034857,0.0599,0.1913,-0.1314,0,0,7,6,1,0,0,0,3187,-3.187,-0.529,-18.06,1.0,13.0,1.0,7.5,,
2026,6,REG,2026-10-18,2026_06_BUF_LV,401873005,BUF,LV,Buffalo Bills,Las Vegas Raiders,0,0,1643.2,1424.7,218.5,0.1711,0.0413,-0.1305,-0.0728,0.2516,0.0697,-0.0478,0.0299,0.1874,00-0034857,00-0029604,00-0034857,00-0029604,0.1913,0.0599,0.1314,0,0,6,7,-1,0,0,3187,0,3.187,0.529,18.06,1.0,7.5,1.0,13.0,,
2026,6,REG,2026-10-18,2026_06_LAC_KC,401873006,KC,LAC,Kansas City Chiefs,Los Angeles Chargers,1,1,1538.9,1449.3,89.7,0.0161,-0.0386,-0.0982,-0.0432,0.0161,-0.0015,-0.0238,0.0499,0.1097,00-0033873,00-0036355,00-0033873,00-0036355,0.1765,0.0634,0.1131,0,0,14,7,7,1,0,0,2199,-2.199,-0.294,0.35,1.0,12.0,0.0,-12.0,,
2026,6,REG,2026-10-18,2026_06_LAC_KC,401873006,LAC,KC,Los Angeles Chargers,Kansas City Chiefs,0,1,1449.3,1538.9,-89.7,-0.0982,-0.0432,0.0161,-0.0386,-0.0238,0.0499,0.0161,-0.0015,-0.1097,00-0036355,00-0033873,00-0036355,00-0033873,0.0634,0.1765,-0.1131,0,0,7,14,-7,0,1,2199,0,2.199,0.294,-0.35,0.0,-12.0,1.0,12.0,,
2026,6,REG,2026-10-18,2026_06_DAL_GB,401873007,GB,DAL,Green Bay Packers,Dallas Cowboys,1,0,1470.6,1465.6,5.0,0.0101,0.0636,0.1055,0.1358,0.111,0.1593,0.1911,0.2354,-0.0232,00-0036264,00-0033077,00-0036264,00-0033077,0.144,0.1353,0.0086,0,0,7,10,-3,0,0,0,1522,-1.522,0.118,4.18,0.33,-11.67,0.541,4.5,,
2026,6,REG,2026-10-18,2026_06_DAL_GB,401873007,DAL,GB,Dallas Cowboys,Green Bay Packers,0,0,1465.6,1470.6,-5.0,0.1055,0.1358,0.0101,0.0636,0.1911,0.2354,0.111,0.1593,0.0232,00-0033077,00-0036264,00-0033077,00-0036264,0.1353,0.144,-0.0086,0,0,10,7,3,0,0,1522,0,1.522,-0.118,-4.18,0.541,4.5,0.33,-11.67,,
2026,6,REG,2026-10-19,2026_06_WAS_SF,401873008,SF,WAS,San Francisco 49ers,Washington Commanders,1,0,1608.6,1431.3,177.2,0.0922,0.0123,0.0299,0.1186,0.2112,0.0635,0.0881,0.2129,0.1686,00-0037834,00-0039910,00-0037834,00-0039910,0.1889,0.1086,0.0803,0,0,8,8,0,0,0,0,3907,-3.907,0.412,9.47,1.0,21.0,0.0,-9.5,,
2026,6,REG,2026-10-19,2026_06_WAS_SF,401873008,WAS,SF,Washington Commanders,San Francisco 49ers,0,0,1431.3,1608.6,-177.2,0.0299,0.1186,0.0922,0.0123,0.0881,0.2129,0.2112,0.0635,-0.1686,00-0039910,00-0037834,00-0039910,00-0037834,0.1086,0.1889,-0.0803,0,0,8,8,0,0,0,3907,0,3.907,-0.412,-9.47,0.0,-9.5,1.0,21.0,,
2026,7,REG,2026-10-22,2026_07_NE_CHI,401873010,CHI,NE,Chicago Bears,New England Patriots,1,0,1537.6,1610.5,-72.9,0.0616,0.0329,0.0083,-0.1017,0.1295,0.0955,0.0878,-0.0909,-0.0813,00-0039918,00-0039851,00-0039918,00-0039851,0.0581,0.1128,-0.0547,0,0,4,4,0,0,0,0,1350,-1.35,-0.176,-8.47,0.459,8.0,0.541,7.0,,
2026,7,REG,2026-10-22,2026_07_NE_CHI,401873010,NE,CHI,New England Patriots,Chicago Bears,0,0,1610.5,1537.6,72.9,0.0083,-0.1017,0.0616,0.0329,0.0878,-0.0909,0.1295,0.0955,0.0813,00-0039851,00-0039918,00-0039851,00-0039918,0.1128,0.0581,0.0547,0,0,4,4,0,0,0,1350,0,1.35,0.176,8.47,0.541,7.0,0.459,8.0,,
2026,7,REG,2026-10-25,2026_07_PIT_NO,401873011,NO,PIT,New Orleans Saints,Pittsburgh Steelers,0,0,1471.9,1509.5,-37.6,-0.0079,-0.035,-0.1025,-0.0405,0.0456,-0.0009,-0.1142,-0.05,0.0891,00-0040743,00-0023459,00-0040743,00-0023459,0.0106,0.0527,-0.0421,0,0,7,7,0,0,0,7715,6256,1.459,-0.235,-5.12,0.541,3.0,0.459,-5.0,,
2026,7,REG,2026-10-25,2026_07_PIT_NO,401873011,PIT,NO,Pittsburgh Steelers,New Orleans Saints,0,0,1509.5,1471.9,37.6,-0.1025,-0.0405,-0.0079,-0.035,-0.1142,-0.05,0.0456,-0.0009,-0.0891,00-0023459,00-0040743,00-0023459,00-0040743,0.0527,0.0106,0.0421,0,0,7,7,0,0,0,6256,7715,-1.459,0.235,5.12,0.459,-5.0,0.541,3.0,,
2026,7,REG,2026-10-25,2026_07_CIN_BAL,401873012,BAL,CIN,Baltimore Ravens,Cincinnati Bengals,1,1,1539.0,1538.9,0.1,0.0797,-0.0076,0.0074,-0.0049,0.1097,0.0297,0.0219,0.0265,0.075,00-0034796,00-0036442,00-0034796,00-0036442,0.1553,0.1139,0.0414,0,0,7,14,-7,0,1,0,680,-0.68,0.118,6.12,0.459,5.5,1.0,10.0,,
2026,7,REG,2026-10-25,2026_07_CIN_BAL,401873012,CIN,BAL,Cincinnati Bengals,Baltimore Ravens,0,1,1538.9,1539.0,-0.1,0.0074,-0.0049,0.0797,-0.0076,0.0219,0.0265,0.1097,0.0297,-0.075,00-0036442,00-0034796,00-0036442,00-0034796,0.1139,0.1553,-0.0414,0,0,14,7,7,1,0,680,0,0.68,-0.118,-6.12,1.0,10.0,0.459,5.5,,
2026,7,REG,2026-10-25,2026_07_CLE_TEN,401873013,TEN,CLE,Tennessee Titans,Cleveland Browns,1,0,1323.9,1433.5,-109.6,-0.0831,0.0752,-0.1243,-0.0306,-0.0904,0.1751,-0.0984,-0.0213,-0.0646,00-0040676,00-0033537,00-0040676,00-0033537,-0.1325,0.0529,-0.1854,0,0,7,7,0,0,0,0,738,-0.738,-0.118,-5.53,0.0,-8.5,0.541,-10.0,,
2026,7,REG,2026-10-25,2026_07_CLE_TEN,401873013,CLE,TEN,Cleveland Browns,Tennessee Titans,0,0,1433.5,1323.9,109.6,-0.1243,-0.0306,-0.0831,0.0752,-0.0984,-0.0213,-0.0904,0.1751,0.0646,00-0033537,00-0040676,00-0033537,00-0040676,0.0529,-0.1325,0.1854,0,0,7,7,0,0,0,738,0,0.738,0.118,5.53,0.541,-10.0,0.0,-8.5,,
2026,7,REG,2026-10-25,2026_07_IND_MIN,401873014,MIN,IND,Minnesota Vikings,Indianapolis Colts,1,0,1597.4,1435.6,161.8,-0.0518,-0.1117,0.0106,0.0722,-0.0324,-0.088,0.0048,0.1408,0.1215,00-0032950,00-0035710,00-0032950,00-0035710,-0.0006,0.002,-0.0026,0,0,14,7,7,1,0,0,821,-0.821,0.059,-2.53,1.0,11.5,0.0,-10.5,,
2026,7,REG,2026-10-25,2026_07_IND_MIN,401873014,IND,MIN,Indianapolis Colts,Minnesota Vikings,0,0,1435.6,1597.4,-161.8,0.0106,0.0722,-0.0518,-0.1117,0.0048,0.1408,-0.0324,-0.088,-0.1215,00-0035710,00-0032950,00-0035710,00-0032950,0.002,-0.0006,0.0026,0,0,7,14,-7,0,1,821,0,0.821,-0.059,2.53,0.0,-10.5,1.0,11.5,,
2026,7,REG,2026-10-25,2026_07_MIA_NYJ,401873015,NYJ,MIA,New York Jets,Miami Dolphins,1,1,1384.7,1415.5,-30.9,-0.0814,0.0524,-0.0512,0.089,-0.0333,0.1747,-0.0002,0.2236,0.0065,00-0030565,00-0038128,00-0030565,00-0038128,-0.006,0.0178,-0.0238,0,0,7,14,-7,0,1,0,1747,-1.747,-0.235,-7.41,0.459,5.0,0.0,-18.0,,
2026,7,REG,2026-10-25,2026_07_MIA_NYJ,401873015,MIA,NYJ,Miami Dolphins,New York Jets,0,1,1415.5,1384.7,30.9,-0.0512,0.089,-0.0814,0.0524,-0.0002,0.2236,-0.0333,0.1747,-0.0065,00-0038128,00-0030565,00-0038128,00-0030565,0.0178,-0.006,0.0238,0,0,14,7,7,1,0,1747,0,1.747,0.235,7.41,0.0,-18.0,0.459,5.0,,
2026,7,REG,2026-10-25,2026_07_NYG_HOU,401873016,HOU,NYG,Houston Texans,New York Giants,1,0,1547.4,1433.4,114.1,-0.0465,-0.0628,0.0126,0.0994,0.0143,0.0008,0.0653,0.1631,0.103,00-0039163,00-0040691,00-0039163,00-0040691,0.034,0.0622,-0.0282,0,0,7,7,0,0,0,0,2289,-2.289,0.471,9.82,0.0,-9.5,0.459,-7.0,,
2026,7,REG,2026-10-25,2026_07_NYG_HOU,401873016,NYG,HOU,New York Giants,Houston Texans,0,0,1433.4,1547.4,-114.1,0.0126,0.0994,-0.0465,-0.0628,0.0653,0.1631,0.0143,0.0008,-0.103,00-0040691,00-0039163,00-0040691,00-0039163,0.0622,0.034,0.0282,0,0,7,7,0,0,0,2289,0,2.289,-0.471,-9.82,0.459,-7.0,0.0,-9.5,,
2026,7,REG,2026-10-25,2026_07_SF_ATL,401873017,ATL,SF,Atlanta Falcons,San Francisco 49ers,1,0,1460.5,1608.6,-148.1,-0.0577,-0.0167,0.0922,0.0123,-0.0759,0.0356,0.2112,0.0635,-0.1209,00-0039917,00-0037834,00-0039917,00-0037834,0.0404,0.1889,-0.1485,0,0,7,6,1,0,0,0,3399,-3.399,-0.235,-6.71,0.389,-5.67,1.0,21.0,,
2026,7,REG,2026-10-25,2026_07_SF_ATL,401873017,SF,ATL,San Francisco 49ers,Atlanta Falcons,0,0,1608.6,1460.5,148.1,0.0922,0.0123,-0.0577,-0.0167,0.2112,0.0635,-0.0759,0.0356,0.1209,00-0037834,00-0039917,00-0037834,00-0039917,0.1889,0.0404,0.1485,0,0,6,7,-1,0,0,3399,0,3.399,0.235,6.71,1.0,21.0,0.389,-5.67,,
2026,7,REG,2026-10-25,2026_07_TB_CAR,401873018,CAR,TB,Carolina Panthers,Tampa Bay Buccaneers,1,1,1454.4,1443.7,10.7,-0.0027,0.0168,-0.033,0.0187,0.078,0.0463,-0.0154,0.1059,0.0322,00-0039150,00-0034855,00-0039150,00-0034855,-0.0406,0.0701,-0.1107,0,0,7,7,0,0,0,0,821,-0.821,0.0,-2.24,0.541,4.5,0.0,-5.0,,
2026,7,REG,2026-10-25,2026_07_TB_CAR,401873018,TB,CAR,Tampa Bay Buccaneers,Carolina Panthers,0,1,1443.7,1454.4,-10.7,-0.033,0.0187,-0.0027,0.0168,-0.0154,0.1059,0.078,0.0463,-0.0322,00-0034855,00-0039150,00-0034855,00-0039150,0.0701,-0.0406,0.1107,0,0,7,7,0,0,0,821,0,0.821,0.0,2.24,0.0,-5.0,0.541,4.5,,
2026,7,REG,2026-10-25,2026_07_DEN_ARI,401873019,ARI,DEN,Arizona Cardinals,Denver Broncos,1,0,1422.8,1591.0,-168.1,-0.0282,0.0625,-0.0327,-0.0285,0.02,0.2005,0.017,-0.0507,-0.0865,00-0033119,00-0039732,00-0033119,00-0039732,-0.0124,0.0728,-0.0852,0,0,7,10,-3,0,0,0,946,-0.946,-0.647,-13.12,0.459,-6.0,0.541,-7.0,,
2026,7,REG,2026-10-25,2026_07_DEN_ARI,401873019,DEN,ARI,Denver Broncos,Arizona Cardinals,0,0,1591.0,1422.8,168.1,-0.0327,-0.0285,-0.0282,0.0625,0.017,-0.0507,0.02,0.2005,0.0865,00-0039732,00-0033119,00-0039732,00-0033119,0.0728,-0.0124,0.0852,0,0,10,7,3,0,0,946,0,0.946,0.647,13.12,0.541,-7.0,0.459,-6.0,,
2026,7,REG,2026-10-25,2026_07_GB_DET,401873020,DET,GB,Detroit Lions,Green Bay Packers,1,1,1545.3,1470.6,74.7,0.0628,0.077,0.0101,0.0636,0.1557,0.0987,0.111,0.1593,0.0392,00-0033106,00-0036264,00-0033106,00-0036264,0.1477,0.144,0.0038,0,0,14,7,7,1,0,0,471,-0.471,-0.029,2.18,0.459,-4.5,0.33,-11.67,,
2026,7,REG,2026-10-25,2026_07_GB_DET,401873020,GB,DET,Green Bay Packers,Detroit Lions,0,1,1470.6,1545.3,-74.7,0.0101,0.0636,0.0628,0.077,0.111,0.1593,0.1557,0.0987,-0.0392,00-0036264,00-0033106,00-0036264,00-0033106,0.144,0.1477,-0.0038,0,0,7,14,-7,0,1,471,0,0.471,0.029,-2.18,0.33,-11.67,0.459,-4.5,,
2026,7,REG,2026-10-25,2026_07_LA_LV,401873021,LV,LA,Las Vegas Raiders,Los Angeles Rams,1,0,1424.7,1590.5,-165.8,-0.1305,-0.0728,0.0812,-0.0325,-0.0478,0.0299,0.1489,0.0074,-0.1713,00-0029604,00-0026498,00-0029604,00-0026498,0.0599,0.1312,-0.0713,0,0,7,7,0,0,0,0,373,-0.373,-0.529,-21.35,1.0,13.0,0.541,1.0,,
2026,7,REG,2026-10-25,2026_07_LA_LV,401873021,LA,LV,Los Angeles Rams,Las Vegas Raiders,0,0,1590.5,1424.7,165.8,0.0812,-0.0325,-0.1305,-0.0728,0.1489,0.0074,-0.0478,0.0299,0.1713,00-0026498,00-0029604,00-0026498,00-0029604,0.1312,0.0599,0.0713,0,0,7,7,0,0,0,373,0,0.373,0.529,21.35,0.541,1.0,1.0,13.0,,
2026,7,REG,2026-10-25,2026_07_KC_SEA,401873022,SEA,KC,Seattle Seahawks,Kansas City Chiefs,1,0,1698.8,1538.9,159.8,0.0566,-0.1365,0.0161,-0.0386,0.1964,-0.0865,0.0161,-0.0015,0.1383,00-0035704,00-0033873,00-0035704,00-0033873,-0.0273,0.1765,-0.2038,0,0,10,7,3,0,0,0,2428,-2.428,0.471,9.24,1.0,13.5,1.0,12.0,,
2026,7,REG,2026-10-25,2026_07_KC_SEA,401873022,KC,SEA,Kansas City Chiefs,Seattle Seahawks,0,0,1538.9,1698.8,-159.8,0.0161,-0.0386,0.0566,-0.1365,0.0161,-0.0015,0.1964,-0.0865,-0.1383,00-0033873,00-0035704,00-0033873,00-0035704,0.1765,-0.0273,0.2038,0,0,7,10,-3,0,0,2428,0,2.428,-0.471,-9.24,1.0,12.0,1.0,13.5,,
2026,7,REG,2026-10-26,2026_07_DAL_PHI,401873009,PHI,DAL,Philadelphia Eagles,Dallas Cowboys,1,1,1573.3,1465.6,107.8,0.0233,-0.017,0.1055,0.1358,0.1016,0.0161,0.1911,0.2354,0.0706,00-0036389,00-0033077,00-0036389,00-0033077,0.109,0.1353,-0.0264,0,0,8,8,0,0,0,0,2112,-2.112,0.206,5.53,1.0,3.0,0.541,4.5,,
2026,7,REG,2026-10-26,2026_07_DAL_PHI,401873009,DAL,PHI,Dallas Cowboys,Philadelphia Eagles,0,1,1465.6,1573.3,-107.8,0.1055,0.1358,0.0233,-0.017,0.1911,0.2354,0.1016,0.0161,-0.0706,00-0033077,00-0036389,00-0033077,00-0036389,0.1353,0.109,0.0264,0,0,8,8,0,0,0,2112,0,2.112,-0.206,-5.53,0.541,4.5,1.0,3.0,,
2026,8,REG,2026-10-29,2026_08_CAR_GB,401873023,GB,CAR,Green Bay Packers,Carolina Panthers,1,0,1470.6,1454.4,16.2,0.0101,0.0636,-0.0027,0.0168,0.111,0.1593,0.078,0.0463,-0.0339,00-0036264,00-0039150,00-0036264,00-0039150,0.144,-0.0406,0.1846,0,0,4,4,0,0,0,0,1200,-1.2,0.088,5.88,0.33,-11.67,0.541,4.5,,
2026,8,REG,2026-10-29,2026_08_CAR_GB,401873023,CAR,GB,Carolina Panthers,Green Bay Packers,0,0,1454.4,1470.6,-16.2,-0.0027,0.0168,0.0101,0.0636,0.078,0.0463,0.111,0.1593,0.0339,00-0039150,00-0036264,00-0039150,00-0036264,-0.0406,0.144,-0.1846,0,0,4,4,0,0,0,1200,0,1.2,-0.088,-5.88,0.541,4.5,0.33,-11.67,,
2026,8,REG,2026-11-01,2026_08_ARI_DAL,401873024,DAL,ARI,Dallas Cowboys,Arizona Cardinals,1,0,1465.6,1422.8,42.7,0.1055,0.1358,-0.0282,0.0625,0.1911,0.2354,0.02,0.2005,0.0604,00-0033077,00-0033119,00-0033077,00-0033119,0.1353,-0.0124,0.1478,0,0,6,7,-1,0,0,0,1414,-1.414,0.265,5.47,0.541,4.5,0.459,-6.0,,
2026,8,REG,2026-11-01,2026_08_ARI_DAL,401873024,ARI,DAL,Arizona Cardinals,Dallas Cowboys,0,0,1422.8,1465.6,-42.7,-0.0282,0.0625,0.1055,0.1358,0.02,0.2005,0.1911,0.2354,-0.0604,00-0033119,00-0033077,00-0033119,00-0033077,-0.0124,0.1353,-0.1478,0,0,7,6,1,0,0,1414,0,1.414,-0.265,-5.47,0.459,-6.0,0.541,4.5,,
2026,8,REG,2026-11-01,2026_08_ATL_TB,401873025,TB,ATL,Tampa Bay Buccaneers,Atlanta Falcons,1,1,1443.7,1460.5,-16.8,-0.033,0.0187,-0.0577,-0.0167,-0.0154,0.1059,-0.0759,0.0356,-0.0107,00-0034855,00-0039917,00-0034855,00-0039917,0.0701,0.0404,0.0298,0,0,7,7,0,0,0,0,668,-0.668,0.0,1.0,0.0,-5.0,0.389,-5.67,,
2026,8,REG,2026-11-01,2026_08_ATL_TB,401873025,ATL,TB,Atlanta Falcons,Tampa Bay Buccaneers,0,1,1460.5,1443.7,16.8,-0.0577,-0.0167,-0.033,0.0187,-0.0759,0.0356,-0.0154,0.1059,0.0107,00-0039917,00-0034855,00-0039917,00-0034855,0.0404,0.0701,-0.0298,0,0,7,7,0,0,0,668,0,0.668,0.0,-1.0,0.389,-5.67,0.0,-5.0,,
2026,8,REG,2026-11-01,2026_08_BAL_BUF,401873026,BUF,BAL,Buffalo Bills,Baltimore Ravens,1,0,1643.2,1539.0,104.2,0.1711,0.0413,0.0797,-0.0076,0.2516,0.0697,0.1097,0.0297,0.0425,00-0034857,00-0034796,00-0034857,00-0034796,0.1913,0.1553,0.036,0,0,14,7,7,1,0,0,429,-0.429,0.235,5.29,1.0,7.5,0.459,5.5,,
2026,8,REG,2026-11-01,2026_08_BAL_BUF,401873026,BAL,BUF,Baltimore Ravens,Buffalo Bills,0,0,1539.0,1643.2,-104.2,0.0797,-0.0076,0.1711,0.0413,0.1097,0.0297,0.2516,0.0697,-0.0425,00-0034796,00-0034857,00-0034796,00-0034857,0.1553,0.1913,-0.036,0,0,7,14,-7,0,1,429,0,0.429,-0.235,-5.29,0.459,5.5,1.0,7.5,,
2026,8,REG,2026-11-01,2026_08_CLE_PIT,401873027,PIT,CLE,Pittsburgh Steelers,Cleveland Browns,1,1,1509.5,1433.5,76.0,-0.1025,-0.0405,-0.1243,-0.0306,-0.1142,-0.05,-0.0984,-0.0213,0.0317,00-0023459,00-0033537,00-0023459,00-0033537,0.0527,0.0529,-0.0002,0,0,7,7,0,0,0,0,184,-0.184,0.294,6.47,0.459,-5.0,0.541,-10.0,,
2026,8,REG,2026-11-01,2026_08_CLE_PIT,401873027,CLE,PIT,Cleveland Browns,Pittsburgh Steelers,0,1,1433.5,1509.5,-76.0,-0.1243,-0.0306,-0.1025,-0.0405,-0.0984,-0.0213,-0.1142,-0.05,-0.0317,00-0033537,00-0023459,00-0033537,00-0023459,0.0529,0.0527,0.0002,0,0,7,7,0,0,0,184,0,0.184,-0.294,-6.47,0.541,-10.0,0.459,-5.0,,
2026,8,REG,2026-11-01,2026_08_IND_JAX,401873028,JAX,IND,Jacksonville Jaguars,Indianapolis Colts,1,1,1568.7,1435.6,133.1,0.0624,-0.0476,0.0106,0.0722,0.1619,-0.0298,0.0048,0.1408,0.1716,00-0036971,00-0035710,00-0036971,00-0035710,0.0529,0.002,0.0509,0,0,14,7,7,1,0,0,1127,-1.127,0.294,4.94,0.459,8.5,0.0,-10.5,,
2026,8,REG,2026-11-01,2026_08_IND_JAX,401873028,IND,JAX,Indianapolis Colts,Jacksonville Jaguars,0,1,1435.6,1568.7,-133.1,0.0106,0.0722,0.0624,-0.0476,0.0048,0.1408,0.1619,-0.0298,-0.1716,00-0035710,00-0036971,00-0035710,00-0036971,0.002,0.0529,-0.0509,0,0,7,14,-7,0,1,1127,0,1.127,-0.294,-4.94,0.0,-10.5,0.459,8.5,,
2026,8,REG,2026-11-01,2026_08_LV_NYJ,401873029,NYJ,LV,New York Jets,Las Vegas Raiders,1,0,1384.7,1424.7,-40.0,-0.0814,0.0524,-0.1305,-0.0728,-0.0333,0.1747,-0.0478,0.0299,-0.0761,00-0030565,00-0029604,00-0030565,00-0029604,-0.006,0.0599,-0.0659,0,0,7,7,0,0,0,0,3585,-3.585,0.0,-0.71,0.459,5.0,1.0,13.0,,
2026,8,REG,2026-11-01,2026_08_LV_NYJ,401873029,LV,NYJ,Las Vegas Raiders,New York Jets,0,0,1424.7,1384.7,40.0,-0.1305,-0.0728,-0.0814,0.0524,-0.0478,0.0299,-0.0333,0.1747,0.0761,00-0029604,00-0030565,00-0029604,00-0030565,0.0599,-0.006,0.0659,0,0,7,7,0,0,0,3585,0,3.585,0.0,0.71,1.0,13.0,0.459,5.0,,
2026,8,REG,2026-11-01,2026_08_MIN_DET,401873030,DET,MIN,Detroit Lions,Minnesota Vikings,1,1,1545.3,1597.4,-52.1,0.0628,0.077,-0.0518,-0.1117,0.1557,0.0987,-0.0324,-0.088,-0.0741,00-0033106,00-0032950,00-0033106,00-0032950,0.1477,-0.0006,0.1484,0,0,7,7,0,0,0,0,871,-0.871,0.0,3.35,0.459,-4.5,1.0,11.5,,
2026,8,REG,2026-11-01,2026_08_MIN_DET,401873030,MIN,DET,Minnesota Vikings,Detroit Lions,0,1,1597.4,1545.3,52.1,-0.0518,-0.1117,0.0628,0.077,-0.0324,-0.088,0.1557,0.0987,0.0741,00-0032950,00-0033106,00-0032950,00-0033106,-0.0006,0.1477,-0.1484,0,0,7,7,0,0,0,871,0,0.871,0.0,-3.35,1.0,11.5,0.459,-4.5,,
2026,8,REG,2026-11-01,2026_08_TEN_CIN,401873031,CIN,TEN,Cincinnati Bengals,Tennessee Titans,1,0,1538.9,1323.9,215.0,0.0074,-0.0049,-0.0831,0.0752,0.0219,0.0265,-0.0904,0.1751,0.1706,00-0036442,00-0040676,00-0036442,00-0040676,0.1139,-0.1325,0.2464,0,0,7,7,0,0,0,0,381,-0.381,0.176,6.82,1.0,10.0,0.0,-8.5,,
2026,8,REG,2026-11-01,2026_08_TEN_CIN,401873031,TEN,CIN,Tennessee Titans,Cincinnati Bengals,0,0,1323.9,1538.9,-215.0,-0.0831,0.0752,0.0074,-0.0049,-0.0904,0.1751,0.0219,0.0265,-0.1706,00-0040676,00-0036442,00-0040676,00-0036442,-0.1325,0.1139,-0.2464,0,0,7,7,0,0,0,381,0,0.381,-0.176,-6.82,0.0,-8.5,1.0,10.0,,
2026,8,REG,2026-11-01,2026_08_LAC_LA,401873032,LA,LAC,Los Angeles Rams,Los Angeles Chargers,1,0,1590.5,1449.3,141.2,0.0812,-0.0325,-0.0982,-0.0432,0.1489,0.0074,-0.0238,0.0499,0.1686,00-0026498,00-0036355,00-0026498,00-0036355,0.1312,0.0634,0.0678,0,0,7,14,-7,0,1,0,0,0.0,0.059,8.47,0.541,1.0,0.0,-12.0,,
2026,8,REG,2026-11-01,2026_08_LAC_LA,401873032,LAC,LA,Los Angeles Chargers,Los Angeles Rams,0,0,1449.3,1590.5,-141.2,-0.0982,-0.0432,0.0812,-0.0325,-0.0238,0.0499,0.1489,0.0074,-0.1686,00-0036355,00-0026498,00-0036355,00-0026498,0.0634,0.1312,-0.0678,0,0,14,7,7,1,0,0,0,0.0,-0.059,-8.47,0.0,-12.0,0.541,1.0,,
2026,8,REG,2026-11-01,2026_08_KC_DEN,401873033,DEN,KC,Denver Broncos,Kansas City Chiefs,1,1,1591.0,1538.9,52.0,-0.0327,-0.0285,0.0161,-0.0386,0.017,-0.0507,0.0161,-0.0015,-0.0589,00-0039732,00-0033873,00-0039732,00-0033873,0.0728,0.1765,-0.1037,0,0,7,7,0,0,0,0,908,-0.908,0.471,3.29,0.541,-7.0,1.0,12.0,,
2026,8,REG,2026-11-01,2026_08_KC_DEN,401873033,KC,DEN,Kansas City Chiefs,Denver Broncos,0,1,1538.9,1591.0,-52.0,0.0161,-0.0386,-0.0327,-0.0285,0.0161,-0.0015,0.017,-0.0507,0.0589,00-0033873,00-0039732,00-0033873,00-0039732,0.1765,0.0728,0.1037,0,0,7,7,0,0,0,908,0,0.908,-0.471,-3.29,1.0,12.0,0.541,-7.0,,
2026,8,REG,2026-11-01,2026_08_NE_MIA,401873034,MIA,NE,Miami Dolphins,New England Patriots,1,1,1415.5,1610.5,-195.0,-0.0512,0.089,0.0083,-0.1017,-0.0002,0.2236,0.0878,-0.0909,-0.2501,00-0038128,00-0039851,00-0038128,00-0039851,0.0178,0.1128,-0.095,0,0,7,10,-3,0,0,0,1973,-1.973,-0.412,-14.53,0.0,-18.0,0.541,7.0,,
2026,8,REG,2026-11-01,2026_08_NE_MIA,401873034,NE,MIA,New England Patriots,Miami Dolphins,0,1,1610.5,1415.5,195.0,0.0083,-0.1017,-0.0512,0.089,0.0878,-0.0909,-0.0002,0.2236,0.2501,00-0039851,00-0038128,00-0039851,00-0038128,0.1128,0.0178,0.095,0,0,10,7,3,0,0,1973,0,1.973,0.412,14.53,0.541,7.0,0.0,-18.0,,
2026,8,REG,2026-11-01,2026_08_PHI_WAS,401873035,WAS,PHI,Washington Commanders,Philadelphia Eagles,1,1,1431.3,1573.3,-142.0,0.0299,0.1186,0.0233,-0.017,0.0881,0.2129,0.1016,0.0161,-0.1291,00-0039910,00-0036389,00-0039910,00-0036389,0.1086,0.109,-0.0004,0,0,13,6,7,1,0,0,183,-0.183,-0.353,-8.76,0.0,-9.5,1.0,3.0,,
2026,8,REG,2026-11-01,2026_08_PHI_WAS,401873035,PHI,WAS,Philadelphia Eagles,Washington Commanders,0,1,1573.3,1431.3,142.0,0.0233,-0.017,0.0299,0.1186,0.1016,0.0161,0.0881,0.2129,0.1291,00-0036389,00-0039910,00-0036389,00-0039910,0.109,0.1086,0.0004,0,0,6,13,-7,0,1,183,0,0.183,0.353,8.76,1.0,3.0,0.0,-9.5,,
2026,8,REG,2026-11-02,2026_08_CHI_SEA,401873036,SEA,CHI,Seattle Seahawks,Chicago Bears,1,0,1698.8,1537.6,161.2,0.0566,-0.1365,0.0616,0.0329,0.1964,-0.0865,0.1295,0.0955,0.1644,00-0035704,00-0039918,00-0035704,00-0039918,-0.0273,0.0581,-0.0854,0,0,8,11,-3,0,0,0,2791,-2.791,0.176,9.71,1.0,13.5,0.459,8.0,,
2026,8,REG,2026-11-02,2026_08_CHI_SEA,401873036,CHI,SEA,Chicago Bears,Seattle Seahawks,0,0,1537.6,1698.8,-161.2,0.0616,0.0329,0.0566,-0.1365,0.1295,0.0955,0.1964,-0.0865,-0.1644,00-0039918,00-0035704,00-0039918,00-0035704,0.0581,-0.0273,0.0854,0,0,11,8,3,0,0,2791,0,2.791,-0.176,-9.71,0.459,8.0,1.0,13.5,,
2026,9,REG,2026-11-05,2026_09_JAX_BAL,401873037,BAL,JAX,Baltimore Ravens,Jacksonville Jaguars,1,0,1539.0,1568.7,-29.7,0.0797,-0.0076,0.0624,-0.0476,0.1097,0.0297,0.1619,-0.0298,-0.0228,00-0034796,00-0036971,00-0034796,00-0036971,0.1553,0.0529,0.1024,0,0,4,4,0,0,0,0,1095,-1.095,-0.294,-6.59,0.459,5.5,0.459,8.5,,
2026,9,REG,2026-11-05,2026_09_JAX_BAL,401873037,JAX,BAL,Jacksonville Jaguars,Baltimore Ravens,0,0,1568.7,1539.0,29.7,0.0624,-0.0476,0.0797,-0.0076,0.1619,-0.0298,0.1097,0.0297,0.0228,00-0036971,00-0034796,00-0036971,00-0034796,0.0529,0.1553,-0.1024,0,0,4,4,0,0,0,1095,0,1.095,0.294,6.59,0.459,8.5,0.459,5.5,,
2026,9,REG,2026-11-08,2026_09_CIN_ATL,401873038,ATL,CIN,Atlanta Falcons,Cincinnati Bengals,0,0,1460.5,1538.9,-78.4,-0.0577,-0.0167,0.0074,-0.0049,-0.0759,0.0356,0.0219,0.0265,-0.0533,00-0039917,00-0036442,00-0039917,00-0036442,0.0404,0.1139,-0.0735,0,0,7,7,0,0,0,6943,6647,0.296,0.118,1.76,0.389,-5.67,1.0,10.0,,
2026,9,REG,2026-11-08,2026_09_CIN_ATL,401873038,CIN,ATL,Cincinnati Bengals,Atlanta Falcons,0,0,1538.9,1460.5,78.4,0.0074,-0.0049,-0.0577,-0.0167,0.0219,0.0265,-0.0759,0.0356,0.0533,00-0036442,00-0039917,00-0036442,00-0039917,0.1139,0.0404,0.0735,0,0,7,7,0,0,0,6647,6943,-0.296,-0.118,-1.76,1.0,10.0,0.389,-5.67,,
2026,9,REG,2026-11-08,2026_09_CLE_NO,401873039,NO,CLE,New Orleans Saints,Cleveland Browns,1,0,1471.9,1433.5,38.4,-0.0079,-0.035,-0.1243,-0.0306,0.0456,-0.0009,-0.0984,-0.0213,0.1209,00-0040743,00-0033537,00-0040743,00-0033537,0.0106,0.0529,-0.0423,0,0,14,7,7,1,0,0,1489,-1.489,0.059,1.35,0.541,3.0,0.541,-10.0,,
2026,9,REG,2026-11-08,2026_09_CLE_NO,401873039,CLE,NO,Cleveland Browns,New Orleans Saints,0,0,1433.5,1471.9,-38.4,-0.1243,-0.0306,-0.0079,-0.035,-0.0984,-0.0213,0.0456,-0.0009,-0.1209,00-0033537,00-0040743,00-0033537,00-0040743,0.0529,0.0106,0.0423,0,0,7,14,-7,0,1,1489,0,1.489,-0.059,-1.35,0.541,-10.0,0.541,3.0,,
2026,9,REG,2026-11-08,2026_09_DAL_IND,401873040,IND,DAL,Indianapolis Colts,Dallas Cowboys,1,0,1435.6,1465.6,-30.0,0.0106,0.0722,0.1055,0.1358,0.0048,0.1408,0.1911,0.2354,-0.0313,00-0035710,00-0033077,00-0035710,00-0033077,0.002,0.1353,-0.1334,0,0,7,7,0,0,0,0,1251,-1.251,0.029,5.53,0.0,-10.5,0.541,4.5,,
2026,9,REG,2026-11-08,2026_09_DAL_IND,401873040,DAL,IND,Dallas Cowboys,Indianapolis Colts,0,0,1465.6,1435.6,30.0,0.1055,0.1358,0.0106,0.0722,0.1911,0.2354,0.0048,0.1408,0.0313,00-0033077,00-0035710,00-0033077,00-0035710,0.1353,0.002,0.1334,0,0,7,7,0,0,0,1251,0,1.251,-0.029,-5.53,0.541,4.5,0.0,-10.5,,
2026,9,REG,2026-11-08,2026_09_DEN_CAR,401873041,CAR,DEN,Carolina Panthers,Denver Broncos,1,0,1454.4,1591.0,-136.5,-0.0027,0.0168,-0.0327,-0.0285,0.078,0.0463,0.017,-0.0507,-0.0153,00-0039150,00-0039732,00-0039150,00-0039732,-0.0406,0.0728,-0.1134,0,0,10,7,3,0,0,0,2183,-2.183,-0.353,-9.35,0.541,4.5,0.541,-7.0,,
2026,9,REG,2026-11-08,2026_09_DEN_CAR,401873041,DEN,CAR,Denver Broncos,Carolina Panthers,0,0,1591.0,1454.4,136.5,-0.0327,-0.0285,-0.0027,0.0168,0.017,-0.0507,0.078,0.0463,0.0153,00-0039732,00-0039150,00-0039732,00-0039150,0.0728,-0.0406,0.1134,0,0,7,10,-3,0,0,2183,0,2.183,0.353,9.35,0.541,-7.0,0.541,4.5,,
2026,9,REG,2026-11-08,2026_09_DET_MIA,401873042,MIA,DET,Miami Dolphins,Detroit Lions,1,0,1415.5,1545.3,-129.8,-0.0512,0.089,0.0628,0.077,-0.0002,0.2236,0.1557,0.0987,-0.126,00-0038128,00-0033106,00-0038128,00-0033106,0.0178,0.1477,-0.1299,0,0,7,7,0,0,0,0,1840,-1.84,-0.118,-8.53,0.0,-18.0,0.459,-4.5,,
2026,9,REG,2026-11-08,2026_09_DET_MIA,401873042,DET,MIA,Detroit Lions,Miami Dolphins,0,0,1545.3,1415.5,129.8,0.0628,0.077,-0.0512,0.089,0.1557,0.0987,-0.0002,0.2236,0.126,00-0033106,00-0038128,00-0033106,00-0038128,0.1477,0.0178,0.1299,0,0,7,7,0,0,0,1840,0,1.84,0.118,8.53,0.459,-4.5,0.0,-18.0,,
2026,9,REG,2026-11-08,2026_09_LA_WAS,401873043,WAS,LA,Washington Commanders,Los Angeles Rams,1,0,1431.3,1590.5,-159.1,0.0299,0.1186,0.0812,-0.0325,0.0881,0.2129,0.1489,0.0074,-0.2023,00-0039910,00-0026498,00-0039910,00-0026498,0.1086,0.1312,-0.0226,0,0,7,7,0,0,0,0,3719,-3.719,-0.412,-15.71,0.0,-9.5,0.541,1.0,,
2026,9,REG,2026-11-08,2026_09_LA_WAS,401873043,LA,WAS,Los Angeles Rams,Washington Commanders,0,0,1590.5,1431.3,159.1,0.0812,-0.0325,0.0299,0.1186,0.1489,0.0074,0.0881,0.2129,0.2023,00-0026498,00-0039910,00-0026498,00-0039910,0.1312,0.1086,0.0226,0,0,7,7,0,0,0,3719,0,3.719,0.412,15.71,0.541,1.0,0.0,-9.5,,
2026,9,REG,2026-11-08,2026_09_NYG_PHI,401873044,PHI,NYG,Philadelphia Eagles,New York Giants,1,1,1573.3,1433.4,140.0,0.0233,-0.017,0.0126,0.0994,0.1016,0.0161,0.0653,0.1631,0.127,00-0036389,00-0040691,00-0036389,00-0040691,0.109,0.0622,0.0468,0,0,7,14,-7,0,1,0,137,-0.137,0.412,6.59,1.0,3.0,0.459,-7.0,,
2026,9,REG,2026-11-08,2026_09_NYG_PHI,401873044,NYG,PHI,New York Giants,Philadelphia Eagles,0,1,1433.4,1573.3,-140.0,0.0126,0.0994,0.0233,-0.017,0.0653,0.1631,0.1016,0.0161,-0.127,00-0040691,00-0036389,00-0040691,00-0036389,0.0622,0.109,-0.0468,0,0,14,7,7,1,0,137,0,0.137,-0.412,-6.59,0.459,-7.0,1.0,3.0,,
2026,9,REG,2026-11-08,2026_09_NYJ_KC,401873045,KC,NYJ,Kansas City Chiefs,New York Jets,1,0,1538.9,1384.7,154.3,0.0161,-0.0386,-0.0814,0.0524,0.0161,-0.0015,-0.0333,0.1747,0.1885,00-0033873,00-0030565,00-0033873,00-0030565,0.1765,-0.006,0.1825,0,0,7,7,0,0,0,0,1747,-1.747,0.176,13.94,1.0,12.0,0.459,5.0,,
2026,9,REG,2026-11-08,2026_09_NYJ_KC,401873045,NYJ,KC,New York Jets,Kansas City Chiefs,0,0,1384.7,1538.9,-154.3,-0.0814,0.0524,0.0161,-0.0386,-0.0333,0.1747,0.0161,-0.0015,-0.1885,00-0030565,00-0033873,00-0030565,00-0033873,-0.006,0.1765,-0.1825,0,0,7,7,0,0,0,1747,0,1.747,-0.176,-13.94,0.459,5.0,1.0,12.0,,
2026,9,REG,2026-11-08,2026_09_HOU_LAC,401873046,LAC,HOU,Los Angeles Chargers,Houston Texans,1,0,1449.3,1547.4,-98.1,-0.0982,-0.0432,-0.0465,-0.0628,-0.0238,0.0499,0.0143,0.0008,-0.0713,00-0036355,00-0039163,00-0036355,00-0039163,0.0634,0.034,0.0294,0,0,7,14,-7,0,1,0,2213,-2.213,-0.059,-4.76,0.0,-12.0,0.0,-9.5,,
2026,9,REG,2026-11-08,2026_09_HOU_LAC,401873046,HOU,LAC,Houston Texans,Los Angeles Chargers,0,0,1547.4,1449.3,98.1,-0.0465,-0.0628,-0.0982,-0.0432,0.0143,0.0008,-0.0238,0.0499,0.0713,00-0039163,00-0036355,00-0039163,00-0036355,0.034,0.0634,-0.0294,0,0,14,7,7,1,0,2213,0,2.213,0.059,4.76,0.0,-9.5,0.0,-12.0,,
2026,9,REG,2026-11-08,2026_09_LV_SF,401873047,SF,LV,San Francisco 49ers,Las Vegas Raiders,1,0,1608.6,1424.7,183.9,0.0922,0.0123,-0.1305,-0.0728,0.2112,0.0635,-0.0478,0.0299,0.1375,00-0037834,00-0029604,00-0037834,00-0029604,0.1889,0.0599,0.129,0,0,14,7,7,1,0,0,622,-0.622,0.529,15.12,1.0,21.0,1.0,13.0,,
2026,9,REG,2026-11-08,2026_09_LV_SF,401873047,LV,SF,Las Vegas Raiders,San Francisco 49ers,0,0,1424.7,1608.6,-183.9,-0.1305,-0.0728,0.0922,0.0123,-0.0478,0.0299,0.2112,0.0635,-0.1375,00-0029604,00-0037834,00-0029604,00-0037834,0.0599,0.1889,-0.129,0,0,7,14,-7,0,1,622,0,0.622,-0.529,-15.12,1.0,13.0,1.0,21.0,,
2026,9,REG,2026-11-08,2026_09_ARI_SEA,401873048,SEA,ARI,Seattle Seahawks,Arizona Cardinals,1,1,1698.8,1422.8,275.9,0.0566,-0.1365,-0.0282,0.0625,0.1964,-0.0865,0.02,0.2005,0.2838,00-0035704,00-0033119,00-0035704,00-0033119,-0.0273,-0.0124,-0.0149,0,0,6,7,-1,0,0,0,1777,-1.777,0.647,19.06,1.0,13.5,0.459,-6.0,,
2026,9,REG,2026-11-08,2026_09_ARI_SEA,401873048,ARI,SEA,Arizona Cardinals,Seattle Seahawks,0,1,1422.8,1698.8,-275.9,-0.0282,0.0625,0.0566,-0.1365,0.02,0.2005,0.1964,-0.0865,-0.2838,00-0033119,00-0035704,00-0033119,00-0035704,-0.0124,-0.0273,0.0149,0,0,7,6,1,0,0,1777,0,1.777,-0.647,-19.06,0.459,-6.0,1.0,13.5,,
2026,9,REG,2026-11-08,2026_09_GB_NE,401873049,NE,GB,New England Patriots,Green Bay Packers,1,0,1610.5,1470.6,139.9,0.0083,-0.1017,0.0101,0.0636,0.0878,-0.0909,0.111,0.1593,0.1634,00-0039851,00-0036264,00-0039851,00-0036264,0.1128,0.144,-0.0311,0,0,7,10,-3,0,0,0,1383,-1.383,0.265,8.18,0.541,7.0,0.33,-11.67,,
2026,9,REG,2026-11-08,2026_09_GB_NE,401873049,GB,NE,Green Bay Packers,New England Patriots,0,0,1470.6,1610.5,-139.9,0.0101,0.0636,0.0083,-0.1017,0.111,0.1593,0.0878,-0.0909,-0.1634,00-0036264,00-0039851,00-0036264,00-0039851,0.144,0.1128,0.0311,0,0,10,7,3,0,0,1383,0,1.383,-0.265,-8.18,0.33,-11.67,0.541,7.0,,
2026,9,REG,2026-11-08,2026_09_TB_CHI,401873050,CHI,TB,Chicago Bears,Tampa Bay Buccaneers,1,0,1537.6,1443.7,93.9,0.0616,0.0329,-0.033,0.0187,0.1295,0.0955,-0.0154,0.1059,0.0803,00-0039918,00-0034855,00-0039918,00-0034855,0.0581,0.0701,-0.012,0,0,6,7,-1,0,0,0,1612,-1.612,0.176,3.35,0.459,8.0,0.0,-5.0,,
2026,9,REG,2026-11-08,2026_09_TB_CHI,401873050,TB,CHI,Tampa Bay Buccaneers,Chicago Bears,0,0,1443.7,1537.6,-93.9,-0.033,0.0187,0.0616,0.0329,-0.0154,0.1059,0.1295,0.0955,-0.0803,00-0034855,00-0039918,00-0034855,00-0039918,0.0701,0.0581,0.012,0,0,7,6,1,0,0,1612,0,1.612,-0.176,-3.35,0.0,-5.0,0.459,8.0,,
2026,9,REG,2026-11-09,2026_09_BUF_MIN,401873051,MIN,BUF,Minnesota Vikings,Buffalo Bills,1,0,1597.4,1643.2,-45.8,-0.0518,-0.1117,0.1711,0.0413,-0.0324,-0.088,0.2516,0.0697,-0.0698,00-0032950,00-0034857,00-0032950,00-0034857,-0.0006,0.1913,-0.192,0,0,8,8,0,0,0,0,1184,-1.184,-0.176,-6.18,1.0,11.5,1.0,7.5,,
2026,9,REG,2026-11-09,2026_09_BUF_MIN,401873051,BUF,MIN,Buffalo Bills,Minnesota Vikings,0,0,1643.2,1597.4,45.8,0.1711,0.0413,-0.0518,-0.1117,0.2516,0.0697,-0.0324,-0.088,0.0698,00-0034857,00-0032950,00-0034857,00-0032950,0.1913,-0.0006,0.192,0,0,8,8,0,0,0,1184,0,1.184,0.176,6.18,1.0,7.5,1.0,11.5,,
2026,10,REG,2026-11-12,2026_10_WAS_NYG,401873052,NYG,WAS,New York Giants,Washington Commanders,1,1,1433.4,1431.3,2.0,0.0126,0.0994,0.0299,0.1186,0.0653,0.1631,0.0881,0.2129,0.002,00-0040691,00-0039910,00-0040691,00-0039910,0.0622,0.1086,-0.0464,0,0,4,4,0,0,0,0,319,-0.319,-0.059,2.18,0.459,-7.0,0.0,-9.5,,
2026,10,REG,2026-11-12,2026_10_WAS_NYG,401873052,WAS,NYG,Washington Commanders,New York Giants,0,1,1431.3,1433.4,-2.0,0.0299,0.1186,0.0126,0.0994,0.0881,0.2129,0.0653,0.1631,-0.002,00-0039910,00-0040691,00-0039910,00-0040691,0.1086,0.0622,0.0464,0,0,4,4,0,0,0,319,0,0.319,0.059,-2.18,0.0,-9.5,0.459,-7.0,,
2026,10,REG,2026-11-15,2026_10_NE_DET,401873053,DET,NE,Detroit Lions,New England Patriots,0,0,1545.3,1610.5,-65.2,0.0628,0.077,0.0083,-0.1017,0.1557,0.0987,0.0878,-0.0909,-0.1241,00-0033106,00-0039851,00-0033106,00-0039851,0.1477,0.1128,0.0349,0,0,7,7,0,0,0,6947,6213,0.734,-0.294,-6.0,0.459,-4.5,0.541,7.0,,
2026,10,REG,2026-11-15,2026_10_NE_DET,401873053,NE,DET,New England Patriots,Detroit Lions,0,0,1610.5,1545.3,65.2,0.0083,-0.1017,0.0628,0.077,0.0878,-0.0909,0.1557,0.0987,0.1241,00-0039851,00-0033106,00-0039851,00-0033106,0.1128,0.1477,-0.0349,0,0,7,7,0,0,0,6213,6947,-0.734,0.294,6.0,0.541,7.0,0.459,-4.5,,
2026,10,REG,2026-11-15,2026_10_BUF_NYJ,401873054,NYJ,BUF,New York Jets,Buffalo Bills,1,1,1384.7,1643.2,-258.5,-0.0814,0.0524,0.1711,0.0413,-0.0333,0.1747,0.2516,0.0697,-0.2635,00-0030565,00-0034857,00-0030565,00-0034857,-0.006,0.1913,-0.1973,0,0,7,6,1,0,0,0,447,-0.447,-0.529,-18.76,0.459,5.0,1.0,7.5,,
2026,10,REG,2026-11-15,2026_10_BUF_NYJ,401873054,BUF,NYJ,Buffalo Bills,New York Jets,0,1,1643.2,1384.7,258.5,0.1711,0.0413,-0.0814,0.0524,0.2516,0.0697,-0.0333,0.1747,0.2635,00-0034857,00-0030565,00-0034857,00-0030565,0.1913,-0.006,0.1973,0,0,6,7,-1,0,0,447,0,0.447,0.529,18.76,1.0,7.5,0.459,5.0,,
2026,10,REG,2026-11-15,2026_10_CAR_NO,401873055,NO,CAR,New Orleans Saints,Carolina Panthers,1,1,1471.9,1454.4,17.4,-0.0079,-0.035,-0.0027,0.0168,0.0456,-0.0009,0.078,0.0463,0.0466,00-0040743,00-0039150,00-0040743,00-0039150,0.0106,-0.0406,0.0512,0,0,7,7,0,0,0,0,1044,-1.044,-0.118,-0.47,0.541,3.0,0.541,4.5,,
2026,10,REG,2026-11-15,2026_10_CAR_NO,401873055,CAR,NO,Carolina Panthers,New Orleans Saints,0,1,1454.4,1471.9,-17.4,-0.0027,0.0168,-0.0079,-0.035,0.078,0.0463,0.0456,-0.0009,-0.0466,00-0039150,00-0040743,00-0039150,00-0040743,-0.0406,0.0106,-0.0512,0,0,7,7,0,0,0,1044,0,1.044,0.118,0.47,0.541,4.5,0.541,3.0,,
2026,10,REG,2026-11-15,2026_10_HOU_CLE,401873056,CLE,HOU,Cleveland Browns,Houston Texans,1,0,1433.5,1547.4,-113.9,-0.1243,-0.0306,-0.0465,-0.0628,-0.0984,-0.0213,0.0143,0.0008,-0.1101,00-0033537,00-0039163,00-0033537,00-0039163,0.0529,0.034,0.0189,0,0,7,7,0,0,0,0,1802,-1.802,-0.412,-12.29,0.541,-10.0,0.0,-9.5,,
2026,10,REG,2026-11-15,2026_10_HOU_CLE,401873056,HOU,CLE,Houston Texans,Cleveland Browns,0,0,1547.4,1433.5,113.9,-0.0465,-0.0628,-0.1243,-0.0306,0.0143,0.0008,-0.0984,-0.0213,0.1101,00-0039163,00-0033537,00-0039163,00-0033537,0.034,0.0529,-0.0189,0,0,7,7,0,0,0,1802,0,1.802,0.412,12.29,0.0,-9.5,0.541,-10.0,,
2026,10,REG,2026-11-15,2026_10_JAX_TEN,401873057,TEN,JAX,Tennessee Titans,Jacksonville Jaguars,1,1,1323.9,1568.7,-244.8,-0.0831,0.0752,0.0624,-0.0476,-0.0904,0.1751,0.1619,-0.0298,-0.2684,00-0040676,00-0036971,00-0040676,00-0036971,-0.1325,0.0529,-0.1854,0,0,14,10,4,1,0,0,806,-0.806,-0.588,-19.53,0.0,-8.5,0.459,8.5,,
2026,10,REG,2026-11-15,2026_10_JAX_TEN,401873057,JAX,TEN,Jacksonville Jaguars,Tennessee Titans,0,1,1568.7,1323.9,244.8,0.0624,-0.0476,-0.0831,0.0752,0.1619,-0.0298,-0.0904,0.1751,0.2684,00-0036971,00-0040676,00-0036971,00-0040676,0.0529,-0.1325,0.1854,0,0,10,14,-4,0,1,806,0,0.806,0.588,19.53,0.459,8.5,0.0,-8.5,,
2026,10,REG,2026-11-15,2026_10_KC_ATL,401873058,ATL,KC,Atlanta Falcons,Kansas City Chiefs,1,0,1460.5,1538.9,-78.4,-0.0577,-0.0167,0.0161,-0.0386,-0.0759,0.0356,0.0161,-0.0015,-0.0957,00-0039917,00-0033873,00-0039917,00-0033873,0.0404,0.1765,-0.1361,0,0,7,7,0,0,0,0,1076,-1.076,0.118,-4.82,0.389,-5.67,1.0,12.0,,
2026,10,REG,2026-11-15,2026_10_KC_ATL,401873058,KC,ATL,Kansas City Chiefs,Atlanta Falcons,0,0,1538.9,1460.5,78.4,0.0161,-0.0386,-0.0577,-0.0167,0.0161,-0.0015,-0.0759,0.0356,0.0957,00-0033873,00-0039917,00-0033873,00-0039917,0.1765,0.0404,0.1361,0,0,7,7,0,0,0,1076,0,1.076,-0.118,4.82,1.0,12.0,0.389,-5.67,,
2026,10,REG,2026-11-15,2026_10_MIA_IND,401873059,IND,MIA,Indianapolis Colts,Miami Dolphins,1,0,1435.6,1415.5,20.0,0.0106,0.0722,-0.0512,0.089,0.0048,0.1408,-0.0002,0.2236,0.0787,00-0035710,00-0038128,00-0035710,00-0038128,0.002,0.0178,-0.0159,0,0,7,7,0,0,0,0,1630,-1.63,0.059,7.71,0.0,-10.5,0.0,-18.0,,
2026,10,REG,2026-11-15,2026_10_MIA_IND,401873059,MIA,IND,Miami Dolphins,Indianapolis Colts,0,0,1415.5,1435.6,-20.0,-0.0512,0.089,0.0106,0.0722,-0.0002,0.2236,0.0048,0.1408,-0.0787,00-0038128,00-0035710,00-0038128,00-0035710,0.0178,0.002,0.0159,0,0,7,7,0,0,0,1630,0,1.63,-0.059,-7.71,0.0,-18.0,0.0,-10.5,,
2026,10,REG,2026-11-15,2026_10_MIN_GB,401873060,GB,MIN,Green Bay Packers,Minnesota Vikings,1,1,1470.6,1597.4,-126.8,0.0101,0.0636,-0.0518,-0.1117,0.111,0.1593,-0.0324,-0.088,-0.1134,00-0036264,00-0032950,00-0036264,00-0032950,0.144,-0.0006,0.1446,0,0,7,6,1,0,0,0,414,-0.414,0.029,1.18,0.33,-11.67,1.0,11.5,,
2026,10,REG,2026-11-15,2026_10_MIN_GB,401873060,MIN,GB,Minnesota Vikings,Green Bay Packers,0,1,1597.4,1470.6,126.8,-0.0518,-0.1117,0.0101,0.0636,-0.0324,-0.088,0.111,0.1593,0.1134,00-0032950,00-0036264,00-0032950,00-0036264,-0.0006,0.144,-0.1446,0,0,6,7,-1,0,0,414,0,0.414,-0.029,-1.18,1.0,11.5,0.33,-11.67,,
2026,10,REG,2026-11-15,2026_10_LA_ARI,401873061,ARI,LA,Arizona Cardinals,Los Angeles Rams,1,1,1422.8,1590.5,-167.6,-0.0282,0.0625,0.0812,-0.0325,0.02,0.2005,0.1489,0.0074,-0.2043,00-0033119,00-0026498,00-0033119,00-0026498,-0.0124,0.1312,-0.1436,0,0,7,7,0,0,0,0,564,-0.564,-0.529,-17.94,0.459,-6.0,0.541,1.0,,
2026,10,REG,2026-11-15,2026_10_LA_ARI,401873061,LA,ARI,Los Angeles Rams,Arizona Cardinals,0,1,1590.5,1422.8,167.6,0.0812,-0.0325,-0.0282,0.0625,0.1489,0.0074,0.02,0.2005,0.2043,00-0026498,00-0033119,00-0026498,00-0033119,0.1312,-0.0124,0.1436,0,0,7,7,0,0,0,564,0,0.564,0.529,17.94,0.541,1.0,0.459,-6.0,,
2026,10,REG,2026-11-15,2026_10_SEA_LV,401873062,LV,SEA,Las Vegas Raiders,Seattle Seahawks,1,0,1424.7,1698.8,-274.1,-0.1305,-0.0728,0.0566,-0.1365,-0.0478,0.0299,0.1964,-0.0865,-0.2507,00-0029604,00-0035704,00-0029604,00-0035704,0.0599,-0.0273,0.0872,0,0,7,7,0,0,0,0,1408,-1.408,-0.647,-22.47,1.0,13.0,1.0,13.5,,
2026,10,REG,2026-11-15,2026_10_SEA_LV,401873062,SEA,LV,Seattle Seahawks,Las Vegas Raiders,0,0,1698.8,1424.7,274.1,0.0566,-0.1365,-0.1305,-0.0728,0.1964,-0.0865,-0.0478,0.0299,0.2507,00-0035704,00-0029604,00-0035704,00-0029604,-0.0273,0.0599,-0.0872,0,0,7,7,0,0,0,1408,0,1.408,0.647,22.47,1.0,13.5,1.0,13.0,,
2026,10,REG,2026-11-15,2026_10_SF_DAL,401873063,DAL,SF,Dallas Cowboys,San Francisco 49ers,1,0,1465.6,1608.6,-143.0,0.1055,0.1358,0.0922,0.0123,0.1911,0.2354,0.2112,0.0635,-0.1102,00-0033077,00-0037834,00-0033077,00-0037834,0.1353,0.1889,-0.0535,0,0,7,7,0,0,0,0,2315,-2.315,-0.265,-6.24,0.541,4.5,1.0,21.0,,
2026,10,REG,2026-11-15,2026_10_SF_DAL,401873063,SF,DAL,San Francisco 49ers,Dallas Cowboys,0,0,1608.6,1465.6,143.0,0.0922,0.0123,0.1055,0.1358,0.2112,0.0635,0.1911,0.2354,0.1102,00-0037834,00-0033077,00-0037834,00-0033077,0.1889,0.1353,0.0535,0,0,7,7,0,0,0,2315,0,2.315,0.265,6.24,1.0,21.0,0.541,4.5,,
2026,10,REG,2026-11-15,2026_10_PIT_CIN,401873064,CIN,PIT,Cincinnati Bengals,Pittsburgh Steelers,1,1,1538.9,1509.5,29.4,0.0074,-0.0049,-0.1025,-0.0405,0.0219,0.0265,-0.1142,-0.05,0.0743,00-0036442,00-0023459,00-0036442,00-0023459,0.1139,0.0527,0.0612,0,0,7,14,-7,0,1,0,413,-0.413,-0.235,-5.18,1.0,10.0,0.459,-5.0,,
2026,10,REG,2026-11-15,2026_10_PIT_CIN,401873064,PIT,CIN,Pittsburgh Steelers,Cincinnati Bengals,0,1,1509.5,1538.9,-29.4,-0.1025,-0.0405,0.0074,-0.0049,-0.1142,-0.05,0.0219,0.0265,-0.0743,00-0023459,00-0036442,00-0023459,00-0036442,0.0527,0.1139,-0.0612,0,0,14,7,7,1,0,413,0,0.413,0.235,5.18,0.459,-5.0,1.0,10.0,,
2026,10,REG,2026-11-16,2026_10_LAC_BAL,401873065,BAL,LAC,Baltimore Ravens,Los Angeles Chargers,1,0,1539.0,1449.3,89.7,0.0797,-0.0076,-0.0982,-0.0432,0.1097,0.0297,-0.0238,0.0499,0.1422,00-0034796,00-0036355,00-0034796,00-0036355,0.1553,0.0634,0.0918,0,0,11,8,3,0,0,0,3737,-3.737,-0.176,-0.12,0.459,5.5,0.0,-12.0,,
2026,10,REG,2026-11-16,2026_10_LAC_BAL,401873065,LAC,BAL,Los Angeles Chargers,Baltimore Ravens,0,0,1449.3,1539.0,-89.7,-0.0982,-0.0432,0.0797,-0.0076,-0.0238,0.0499,0.1097,0.0297,-0.1422,00-0036355,00-0034796,00-0036355,00-0034796,0.0634,0.1553,-0.0918,0,0,8,11,-3,0,0,3737,0,3.737,0.176,0.12,0.0,-12.0,0.459,5.5,,
2026,11,REG,2026-11-19,2026_11_IND_HOU,401873066,HOU,IND,Houston Texans,Indianapolis Colts,1,1,1547.4,1435.6,111.8,-0.0465,-0.0628,0.0106,0.0722,0.0143,0.0008,0.0048,0.1408,0.0779,00-0039163,00-0035710,00-0039163,00-0035710,0.034,0.002,0.032,0,0,4,4,0,0,0,0,1402,-1.402,0.235,3.24,0.0,-9.5,0.0,-10.5,,
2026,11,REG,2026-11-19,2026_11_IND_HOU,401873066,IND,HOU,Indianapolis Colts,Houston Texans,0,1,1435.6,1547.4,-111.8,0.0106,0.0722,-0.0465,-0.0628,0.0048,0.1408,0.0143,0.0008,-0.0779,00-0035710,00-0039163,00-0035710,00-0039163,0.002,0.034,-0.032,0,0,4,4,0,0,0,1402,0,1.402,-0.235,-3.24,0.0,-10.5,0.0,-9.5,,
2026,11,REG,2026-11-22,2026_11_ARI_KC,401873067,KC,ARI,Kansas City Chiefs,Arizona Cardinals,1,0,1538.9,1422.8,116.1,0.0161,-0.0386,-0.0282,0.0625,0.0161,-0.0015,0.02,0.2005,0.1454,00-0033873,00-0033119,00-0033873,00-0033119,0.1765,-0.0124,0.1889,0,0,7,7,0,0,0,0,1704,-1.704,0.176,9.82,1.0,12.0,0.459,-6.0,,
2026,11,REG,2026-11-22,2026_11_ARI_KC,401873067,ARI,KC,Arizona Cardinals,Kansas City Chiefs,0,0,1422.8,1538.9,-116.1,-0.0282,0.0625,0.0161,-0.0386,0.02,0.2005,0.0161,-0.0015,-0.1454,00-0033119,00-0033873,00-0033119,00-0033873,-0.0124,0.1765,-0.1889,0,0,7,7,0,0,0,1704,0,1.704,-0.176,-9.82,0.459,-6.0,1.0,12.0,,
2026,11,REG,2026-11-22,2026_11_BAL_CAR,401873068,CAR,BAL,Carolina Panthers,Baltimore Ravens,1,0,1454.4,1539.0,-84.6,-0.0027,0.0168,0.0797,-0.0076,0.078,0.0463,0.1097,0.0297,-0.1068,00-0039150,00-0034796,00-0039150,00-0034796,-0.0406,0.1553,-0.1959,0,0,7,6,1,0,0,0,586,-0.586,0.0,-5.59,0.541,4.5,0.459,5.5,,
2026,11,REG,2026-11-22,2026_11_BAL_CAR,401873068,BAL,CAR,Baltimore Ravens,Carolina Panthers,0,0,1539.0,1454.4,84.6,0.0797,-0.0076,-0.0027,0.0168,0.1097,0.0297,0.078,0.0463,0.1068,00-0034796,00-0039150,00-0034796,00-0039150,0.1553,-0.0406,0.1959,0,0,6,7,-1,0,0,586,0,0.586,0.0,5.59,0.459,5.5,0.541,4.5,,
2026,11,REG,2026-11-22,2026_11_JAX_NYG,401873069,NYG,JAX,New York Giants,Jacksonville Jaguars,1,0,1433.4,1568.7,-135.3,0.0126,0.0994,0.0624,-0.0476,0.0653,0.1631,0.1619,-0.0298,-0.1968,00-0040691,00-0036971,00-0040691,00-0036971,0.0622,0.0529,0.0093,0,0,10,7,3,0,0,0,1351,-1.351,-0.529,-11.53,0.459,-7.0,0.459,8.5,,
2026,11,REG,2026-11-22,2026_11_JAX_NYG,401873069,JAX,NYG,Jacksonville Jaguars,New York Giants,0,0,1568.7,1433.4,135.3,0.0624,-0.0476,0.0126,0.0994,0.1619,-0.0298,0.0653,0.1631,0.1968,00-0036971,00-0040691,00-0036971,00-0040691,0.0529,0.0622,-0.0093,0,0,7,10,-3,0,0,1351,0,1.351,0.529,11.53,0.459,8.5,0.459,-7.0,,
2026,11,REG,2026-11-22,2026_11_MIA_BUF,401873070,BUF,MIA,Buffalo Bills,Miami Dolphins,1,1,1643.2,1415.5,227.7,0.1711,0.0413,-0.0512,0.089,0.2516,0.0697,-0.0002,0.2236,0.27,00-0034857,00-0038128,00-0034857,00-0038128,0.1913,0.0178,0.1735,0,0,7,7,0,0,0,0,1875,-1.875,0.294,11.35,1.0,7.5,0.0,-18.0,,
2026,11,REG,2026-11-22,2026_11_MIA_BUF,401873070,MIA,BUF,Miami Dolphins,Buffalo Bills,0,1,1415.5,1643.2,-227.7,-0.0512,0.089,0.1711,0.0413,-0.0002,0.2236,0.2516,0.0697,-0.27,00-0038128,00-0034857,00-0038128,00-0034857,0.0178,0.1913,-0.1735,0,0,7,7,0,0,0,1875,0,1.875,-0.294,-11.35,0.0,-18.0,1.0,7.5,,
2026,11,REG,2026-11-22,2026_11_NO_CHI,401873071,CHI,NO,Chicago Bears,New Orleans Saints,1,0,1537.6,1471.9,65.7,0.0616,0.0329,-0.0079,-0.035,0.1295,0.0955,0.0456,-0.0009,0.0015,00-0039918,00-0040743,00-0039918,00-0040743,0.0581,0.0106,0.0475,0,0,14,7,7,1,0,0,1343,-1.343,0.294,6.06,0.459,8.0,0.541,3.0,,
2026,11,REG,2026-11-22,2026_11_NO_CHI,401873071,NO,CHI,New Orleans Saints,Chicago Bears,0,0,1471.9,1537.6,-65.7,-0.0079,-0.035,0.0616,0.0329,0.0456,-0.0009,0.1295,0.0955,-0.0015,00-0040743,00-0039918,00-0040743,00-0039918,0.0106,0.0581,-0.0475,0,0,7,14,-7,0,1,1343,0,1.343,-0.294,-6.06,0.541,3.0,0.459,8.0,,
2026,11,REG,2026-11-22,2026_11_TB_DET,401873072,DET,TB,Detroit Lions,Tampa Bay Buccaneers,1,0,1545.3,1443.7,101.6,0.0628,0.077,-0.033,0.0187,0.1557,0.0987,-0.0154,0.1059,0.0375,00-0033106,00-0034855,00-0033106,00-0034855,0.1477,0.0701,0.0776,0,0,7,14,-7,0,1,0,1598,-1.598,0.059,5.82,0.459,-4.5,0.0,-5.0,,
2026,11,REG,2026-11-22,2026_11_TB_DET,401873072,TB,DET,Tampa Bay Buccaneers,Detroit Lions,0,0,1443.7,1545.3,-101.6,-0.033,0.0187,0.0628,0.077,-0.0154,0.1059,0.1557,0.0987,-0.0375,00-0034855,00-0033106,00-0034855,00-0033106,0.0701,0.1477,-0.0776,0,0,14,7,7,1,0,1598,0,1.598,-0.059,-5.82,0.0,-5.0,0.459,-4.5,,
2026,11,REG,2026-11-22,2026_11_TEN_DAL,401873073,DAL,TEN,Dallas Cowboys,Tennessee Titans,1,0,1465.6,1323.9,141.7,0.1055,0.1358,-0.0831,0.0752,0.1911,0.2354,-0.0904,0.1751,0.128,00-0033077,00-0040676,00-0033077,00-0040676,0.1353,-0.1325,0.2678,0,0,7,7,0,0,0,0,1019,-1.019,0.265,9.06,0.541,4.5,0.0,-8.5,,
2026,11,REG,2026-11-22,2026_11_TEN_DAL,401873073,TEN,DAL,Tennessee Titans,Dallas Cowboys,0,0,1323.9,1465.6,-141.7,-0.0831,0.0752,0.1055,0.1358,-0.0904,0.1751,0.1911,0.2354,-0.128,00-0040676,00-0033077,00-0040676,00-0033077,-0.1325,0.1353,-0.2678,0,0,7,7,0,0,0,1019,0,1.019,-0.265,-9.06,0.0,-8.5,0.541,4.5,,
2026,11,REG,2026-11-22,2026_11_NYJ_LAC,401873074,LAC,NYJ,Los Angeles Chargers,New York Jets,1,0,1449.3,1384.7,64.6,-0.0982,-0.0432,-0.0814,0.0524,-0.0238,0.0499,-0.0333,0.1747,0.0788,00-0036355,00-0030565,00-0036355,00-0030565,0.0634,-0.006,0.0694,0,0,6,7,-1,0,0,0,3942,-3.942,0.471,13.59,0.0,-12.0,0.459,5.0,,
2026,11,REG,2026-11-22,2026_11_NYJ_LAC,401873074,NYJ,LAC,New York Jets,Los Angeles Chargers,0,0,1384.7,1449.3,-64.6,-0.0814,0.0524,-0.0982,-0.0432,-0.0333,0.1747,-0.0238,0.0499,-0.0788,00-0030565,00-0036355,00-0030565,00-0036355,-0.006,0.0634,-0.0694,0,0,7,6,1,0,0,3942,0,3.942,-0.471,-13.59,0.459,5.0,0.0,-12.0,,
2026,11,REG,2026-11-22,2026_11_LV_DEN,401873075,DEN,LV,Denver Broncos,Las Vegas Raiders,1,1,1591.0,1424.7,166.3,-0.0327,-0.0285,-0.1305,-0.0728,0.017,-0.0507,-0.0478,0.0299,0.0534,00-0039732,00-0029604,00-0039732,00-0029604,0.0728,0.0599,0.0129,0,0,14,7,7,1,0,0,979,-0.979,0.647,16.53,0.541,-7.0,1.0,13.0,,
2026,11,REG,2026-11-22,2026_11_LV_DEN,401873075,LV,DEN,Las Vegas Raiders,Denver Broncos,0,1,1424.7,1591.0,-166.3,-0.1305,-0.0728,-0.0327,-0.0285,-0.0478,0.0299,0.017,-0.0507,-0.0534,00-0029604,00-0039732,00-0029604,00-0039732,0.0599,0.0728,-0.0129,0,0,7,14,-7,0,1,979,0,0.979,-0.647,-16.53,1.0,13.0,0.541,-7.0,,
2026,11,REG,2026-11-22,2026_11_PIT_PHI,401873076,PHI,PIT,Philadelphia Eagles,Pittsburgh Steelers,1,0,1573.3,1509.5,63.8,0.0233,-0.017,-0.1025,-0.0405,0.1016,0.0161,-0.1142,-0.05,0.1024,00-0036389,00-0023459,00-0036389,00-0023459,0.109,0.0527,0.0563,0,0,14,7,7,1,0,0,416,-0.416,0.059,2.59,1.0,3.0,0.459,-5.0,,
2026,11,REG,2026-11-22,2026_11_PIT_PHI,401873076,PIT,PHI,Pittsburgh Steelers,Philadelphia Eagles,0,0,1509.5,1573.3,-63.8,-0.1025,-0.0405,0.0233,-0.017,-0.1142,-0.05,0.1016,0.0161,-0.1024,00-0023459,00-0036389,00-0023459,00-0036389,0.0527,0.109,-0.0563,0,0,7,14,-7,0,1,416,0,0.416,-0.059,-2.59,0.459,-5.0,1.0,3.0,,
2026,11,REG,2026-11-22,2026_11_MIN_SF,401873077,SF,MIN,San Francisco 49ers,Minnesota Vikings,0,0,1608.6,1597.4,11.2,0.0922,0.0123,-0.0518,-0.1117,0.2112,0.0635,-0.0324,-0.088,0.02,00-0037834,00-0032950,00-0037834,00-0032950,0.1889,-0.0006,0.1895,0,0,7,7,0,0,0,2991,2906,0.085,0.176,3.24,1.0,21.0,1.0,11.5,,
2026,11,REG,2026-11-22,2026_11_MIN_SF,401873077,MIN,SF,Minnesota Vikings,San Francisco 49ers,0,0,1597.4,1608.6,-11.2,-0.0518,-0.1117,0.0922,0.0123,-0.0324,-0.088,0.2112,0.0635,-0.02,00-0032950,00-0037834,00-0032950,00-0037834,-0.0006,0.1889,-0.1895,0,0,7,7,0,0,0,2906,2991,-0.085,-0.176,-3.24,1.0,11.5,1.0,21.0,,
2026,11,REG,2026-11-23,2026_11_CIN_WAS,401873078,WAS,CIN,Washington Commanders,Cincinnati Bengals,1,0,1431.3,1538.9,-107.6,0.0299,0.1186,0.0074,-0.0049,0.0881,0.2129,0.0219,0.0265,-0.101,00-0039910,00-0036442,00-0039910,00-0036442,0.1086,0.1139,-0.0053,0,0,11,8,3,0,0,0,661,-0.661,-0.059,-1.0,0.0,-9.5,1.0,10.0,,
2026,11,REG,2026-11-23,2026_11_CIN_WAS,401873078,CIN,WAS,Cincinnati Bengals,Washington Commanders,0,0,1538.9,1431.3,107.6,0.0074,-0.0049,0.0299,0.1186,0.0219,0.0265,0.0881,0.2129,0.101,00-0036442,00-0039910,00-0036442,00-0039910,0.1139,0.1086,0.0053,0,0,8,11,-3,0,0,661,0,0.661,0.059,1.0,1.0,10.0,0.0,-9.5,,
2026,12,REG,2026-11-25,2026_12_GB_LA,401873079,LA,GB,Los Angeles Rams,Green Bay Packers,1,0,1590.5,1470.6,119.9,0.0812,-0.0325,0.0101,0.0636,0.1489,0.0074,0.111,0.1593,0.1671,00-0026498,00-0036264,00-0026498,00-0036264,0.1312,0.144,-0.0128,0,0,10,10,0,0,0,0,2838,-2.838,0.147,8.29,0.541,1.0,0.33,-11.67,,
2026,12,REG,2026-11-25,2026_12_GB_LA,401873079,GB,LA,Green Bay Packers,Los Angeles Rams,0,0,1470.6,1590.5,-119.9,0.0101,0.0636,0.0812,-0.0325,0.111,0.1593,0.1489,0.0074,-0.1671,00-0036264,00-0026498,00-0036264,00-0026498,0.144,0.1312,0.0128,0,0,10,10,0,0,0,2838,0,2.838,-0.147,-8.29,0.33,-11.67,0.541,1.0,,
2026,12,REG,2026-11-26,2026_12_CHI_DET,401873081,DET,CHI,Detroit Lions,Chicago Bears,1,1,1545.3,1537.6,7.7,0.0628,0.077,0.0616,0.0329,0.1557,0.0987,0.1295,0.0955,-0.0429,00-0033106,00-0039918,00-0033106,00-0039918,0.1477,0.0581,0.0896,0,0,4,4,0,0,0,0,381,-0.381,-0.118,2.47,0.459,-4.5,0.459,8.0,,
2026,12,REG,2026-11-26,2026_12_CHI_DET,401873081,CHI,DET,Chicago Bears,Detroit Lions,0,1,1537.6,1545.3,-7.7,0.0616,0.0329,0.0628,0.077,0.1295,0.0955,0.1557,0.0987,0.0429,00-0039918,00-0033106,00-0039918,00-0033106,0.0581,0.1477,-0.0896,0,0,4,4,0,0,0,381,0,0.381,0.118,-2.47,0.459,8.0,0.459,-4.5,,
2026,12,REG,2026-11-26,2026_12_PHI_DAL,401873080,DAL,PHI,Dallas Cowboys,Philadelphia Eagles,1,1,1465.6,1573.3,-107.8,0.1055,0.1358,0.0233,-0.017,0.1911,0.2354,0.1016,0.0161,-0.0706,00-0033077,00-0036389,00-0033077,00-0036389,0.1353,0.109,0.0264,0,0,4,4,0,0,0,0,2112,-2.112,-0.206,-5.53,0.541,4.5,1.0,3.0,,
2026,12,REG,2026-11-26,2026_12_PHI_DAL,401873080,PHI,DAL,Philadelphia Eagles,Dallas Cowboys,0,1,1573.3,1465.6,107.8,0.0233,-0.017,0.1055,0.1358,0.1016,0.0161,0.1911,0.2354,0.0706,00-0036389,00-0033077,00-0036389,00-0033077,0.109,0.1353,-0.0264,0,0,4,4,0,0,0,2112,0,2.112,0.206,5.53,1.0,3.0,0.541,4.5,,
2026,12,REG,2026-11-26,2026_12_KC_BUF,401873082,BUF,KC,Buffalo Bills,Kansas City Chiefs,1,0,1643.2,1538.9,104.2,0.1711,0.0413,0.0161,-0.0386,0.2516,0.0697,0.0161,-0.0015,0.075,00-0034857,00-0033873,00-0034857,00-0033873,0.1913,0.1765,0.0148,0,0,4,4,0,0,0,0,1380,-1.38,0.353,4.82,1.0,7.5,1.0,12.0,,
2026,12,REG,2026-11-26,2026_12_KC_BUF,401873082,KC,BUF,Kansas City Chiefs,Buffalo Bills,0,0,1538.9,1643.2,-104.2,0.0161,-0.0386,0.1711,0.0413,0.0161,-0.0015,0.2516,0.0697,-0.075,00-0033873,00-0034857,00-0033873,00-0034857,0.1765,0.1913,-0.0148,0,0,4,4,0,0,0,1380,0,1.38,-0.353,-4.82,1.0,12.0,1.0,7.5,,
2026,12,REG,2026-11-27,2026_12_DEN_PIT,401873083,PIT,DEN,Pittsburgh Steelers,Denver Broncos,1,0,1509.5,1591.0,-81.4,-0.1025,-0.0405,-0.0327,-0.0285,-0.1142,-0.05,0.017,-0.0507,-0.0578,00-0023459,00-0039732,00-0023459,00-0039732,0.0527,0.0728,-0.0201,0,0,5,5,0,0,0,0,2121,-2.121,-0.235,-4.71,0.459,-5.0,0.541,-7.0,,
2026,12,REG,2026-11-27,2026_12_DEN_PIT,401873083,DEN,PIT,Denver Broncos,Pittsburgh Steelers,0,0,1591.0,1509.5,81.4,-0.0327,-0.0285,-0.1025,-0.0405,0.017,-0.0507,-0.1142,-0.05,0.0578,00-0039732,00-0023459,00-0039732,00-0023459,0.0728,0.0527,0.0201,0,0,5,5,0,0,0,2121,0,2.121,0.235,4.71,0.541,-7.0,0.459,-5.0,,
2026,12,REG,2026-11-29,2026_12_ATL_MIN,401873084,MIN,ATL,Minnesota Vikings,Atlanta Falcons,1,0,1597.4,1460.5,136.9,-0.0518,-0.1117,-0.0577,-0.0167,-0.0324,-0.088,-0.0759,0.0356,0.1009,00-0032950,00-0039917,00-0032950,00-0039917,-0.0006,0.0404,-0.041,0,0,7,14,-7,0,1,0,1459,-1.459,0.059,3.47,1.0,11.5,0.389,-5.67,,
2026,12,REG,2026-11-29,2026_12_ATL_MIN,401873084,ATL,MIN,Atlanta Falcons,Minnesota Vikings,0,0,1460.5,1597.4,-136.9,-0.0577,-0.0167,-0.0518,-0.1117,-0.0759,0.0356,-0.0324,-0.088,-0.1009,00-0039917,00-0032950,00-0039917,00-0032950,0.0404,-0.0006,0.041,0,0,14,7,7,1,0,1459,0,1.459,-0.059,-3.47,0.389,-5.67,1.0,11.5,,
2026,12,REG,2026-11-29,2026_12_BAL_HOU,401873085,HOU,BAL,Houston Texans,Baltimore Ravens,1,0,1547.4,1539.0,8.4,-0.0465,-0.0628,0.0797,-0.0076,0.0143,0.0008,0.1097,0.0297,-0.071,00-0039163,00-0034796,00-0039163,00-0034796,0.034,0.1553,-0.1213,0,0,10,7,3,0,0,0,2019,-2.019,0.235,4.88,0.0,-9.5,0.459,5.5,,
2026,12,REG,2026-11-29,2026_12_BAL_HOU,401873085,BAL,HOU,Baltimore Ravens,Houston Texans,0,0,1539.0,1547.4,-8.4,0.0797,-0.0076,-0.0465,-0.0628,0.1097,0.0297,0.0143,0.0008,0.071,00-0034796,00-0039163,00-0034796,00-0039163,0.1553,0.034,0.1213,0,0,7,10,-3,0,0,2019,0,2.019,-0.235,-4.88,0.459,5.5,0.0,-9.5,,
2026,12,REG,2026-11-29,2026_12_LV_CLE,401873086,CLE,LV,Cleveland Browns,Las Vegas Raiders,1,0,1433.5,1424.7,8.9,-0.1243,-0.0306,-0.1305,-0.0728,-0.0984,-0.0213,-0.0478,0.0299,-0.0361,00-0033537,00-0029604,00-0033537,00-0029604,0.0529,0.0599,-0.007,0,0,14,7,7,1,0,0,2944,-2.944,0.118,5.35,0.541,-10.0,1.0,13.0,,
2026,12,REG,2026-11-29,2026_12_LV_CLE,401873086,LV,CLE,Las Vegas Raiders,Cleveland Browns,0,0,1424.7,1433.5,-8.9,-0.1305,-0.0728,-0.1243,-0.0306,-0.0478,0.0299,-0.0984,-0.0213,0.0361,00-0029604,00-0033537,00-0029604,00-0033537,0.0599,0.0529,0.007,0,0,7,14,-7,0,1,2944,0,2.944,-0.118,-5.35,1.0,13.0,0.541,-10.0,,
2026,12,REG,2026-11-29,2026_12_NO_CIN,401873087,CIN,NO,Cincinnati Bengals,New Orleans Saints,1,0,1538.9,1471.9,67.0,0.0074,-0.0049,-0.0079,-0.035,0.0219,0.0265,0.0456,-0.0009,-0.0148,00-0036442,00-0040743,00-0036442,00-0040743,0.1139,0.0106,0.1033,0,0,6,7,-1,0,0,0,1137,-1.137,0.0,-0.06,1.0,10.0,0.541,3.0,,
2026,12,REG,2026-11-29,2026_12_NO_CIN,401873087,NO,CIN,New Orleans Saints,Cincinnati Bengals,0,0,1471.9,1538.9,-67.0,-0.0079,-0.035,0.0074,-0.0049,0.0456,-0.0009,0.0219,0.0265,0.0148,00-0040743,00-0036442,00-0040743,00-0036442,0.0106,0.1139,-0.1033,0,0,7,6,1,0,0,1137,0,1.137,0.0,0.06,0.541,3.0,1.0,10.0,,
2026,12,REG,2026-11-29,2026_12_NYG_IND,401873088,IND,NYG,Indianapolis Colts,New York Giants,1,0,1435.6,1433.4,2.2,0.0106,0.0722,0.0126,0.0994,0.0048,0.1408,0.0653,0.1631,0.0252,00-0035710,00-0040691,00-0035710,00-0040691,0.002,0.0622,-0.0602,0,0,10,7,3,0,0,0,1031,-1.031,0.235,6.59,0.0,-10.5,0.459,-7.0,,
2026,12,REG,2026-11-29,2026_12_NYG_IND,401873088,NYG,IND,New York Giants,Indianapolis Colts,0,0,1433.4,1435.6,-2.2,0.0126,0.0994,0.0106,0.0722,0.0653,0.1631,0.0048,0.1408,-0.0252,00-0040691,00-0035710,00-0040691,00-0035710,0.0622,0.002,0.0602,0,0,7,10,-3,0,0,1031,0,1.031,-0.235,-6.59,0.459,-7.0,0.0,-10.5,,
2026,12,REG,2026-11-29,2026_12_NYJ_MIA,401873089,MIA,NYJ,Miami Dolphins,New York Jets,1,1,1415.5,1384.7,30.9,-0.0512,0.089,-0.0814,0.0524,-0.0002,0.2236,-0.0333,0.1747,-0.0065,00-0038128,00-0030565,00-0038128,00-0030565,0.0178,-0.006,0.0238,0,0,7,7,0,0,0,0,1747,-1.747,0.235,7.41,0.0,-18.0,0.459,5.0,,
2026,12,REG,2026-11-29,2026_12_NYJ_MIA,401873089,NYJ,MIA,New York Jets,Miami Dolphins,0,1,1384.7,1415.5,-30.9,-0.0814,0.0524,-0.0512,0.089,-0.0333,0.1747,-0.0002,0.2236,0.0065,00-0030565,00-0038128,00-0030565,00-0038128,-0.006,0.0178,-0.0238,0,0,7,7,0,0,0,1747,0,1.747,-0.235,-7.41,0.459,5.0,0.0,-18.0,,
2026,12,REG,2026-11-29,2026_12_TEN_JAX,401873090,JAX,TEN,Jacksonville Jaguars,Tennessee Titans,1,1,1568.7,1323.9,244.8,0.0624,-0.0476,-0.0831,0.0752,0.1619,-0.0298,-0.0904,0.1751,0.2684,00-0036971,00-0040676,00-0036971,00-0040676,0.0529,-0.1325,0.1854,0,0,7,7,0,0,0,0,806,-0.806,0.588,19.53,0.459,8.5,0.0,-8.5,,
2026,12,REG,2026-11-29,2026_12_TEN_JAX,401873090,TEN,JAX,Tennessee Titans,Jacksonville Jaguars,0,1,1323.9,1568.7,-244.8,-0.0831,0.0752,0.0624,-0.0476,-0.0904,0.1751,0.1619,-0.0298,-0.2684,00-0040676,00-0036971,00-0040676,00-0036971,-0.1325,0.0529,-0.1854,0,0,7,7,0,0,0,806,0,0.806,-0.588,-19.53,0.0,-8.5,0.459,8.5,,
2026,12,REG,2026-11-29,2026_12_SEA_SF,401873091,SF,SEA,San Francisco 49ers,Seattle Seahawks,1,1,1608.6,1698.8,-90.2,0.0922,0.0123,0.0566,-0.1365,0.2112,0.0635,0.1964,-0.0865,-0.1132,00-0037834,00-0035704,00-0037834,00-0035704,0.1889,-0.0273,0.2162,0,0,7,14,-7,0,1,0,1134,-1.134,-0.118,-7.35,1.0,21.0,1.0,13.5,,
2026,12,REG,2026-11-29,2026_12_SEA_SF,401873091,SEA,SF,Seattle Seahawks,San Francisco 49ers,0,1,1698.8,1608.6,90.2,0.0566,-0.1365,0.0922,0.0123,0.1964,-0.0865,0.2112,0.0635,0.1132,00-0035704,00-0037834,00-0035704,00-0037834,-0.0273,0.1889,-0.2162,0,0,14,7,7,1,0,1134,0,1.134,0.118,7.35,1.0,13.5,1.0,21.0,,
2026,12,REG,2026-11-29,2026_12_WAS_ARI,401873092,ARI,WAS,Arizona Cardinals,Washington Commanders,1,0,1422.8,1431.3,-8.5,-0.0282,0.0625,0.0299,0.1186,0.02,0.2005,0.0881,0.2129,-0.002,00-0033119,00-0039910,00-0033119,00-0039910,-0.0124,0.1086,-0.121,0,0,7,6,1,0,0,0,3211,-3.211,-0.118,-2.24,0.459,-6.0,0.0,-9.5,,
2026,12,REG,2026-11-29,2026_12_WAS_ARI,401873092,WAS,ARI,Washington Commanders,Arizona Cardinals,0,0,1431.3,1422.8,8.5,0.0299,0.1186,-0.0282,0.0625,0.0881,0.2129,0.02,0.2005,0.002,00-0039910,00-0033119,00-0039910,00-0033119,0.1086,-0.0124,0.121,0,0,6,7,-1,0,0,3211,0,3.211,0.118,2.24,0.0,-9.5,0.459,-6.0,,
2026,12,REG,2026-11-29,2026_12_NE_LAC,401873093,LAC,NE,Los Angeles Chargers,New England Patriots,1,0,1449.3,1610.5,-161.2,-0.0982,-0.0432,0.0083,-0.1017,-0.0238,0.0499,0.0878,-0.0909,-0.1649,00-0036355,00-0039851,00-0036355,00-0039851,0.0634,0.1128,-0.0494,0,0,7,14,-7,0,1,0,4167,-4.167,-0.176,-8.35,0.0,-12.0,0.541,7.0,,
2026,12,REG,2026-11-29,2026_12_NE_LAC,401873093,NE,LAC,New England Patriots,Los Angeles Chargers,0,0,1610.5,1449.3,161.2,0.0083,-0.1017,-0.0982,-0.0432,0.0878,-0.0909,-0.0238,0.0499,0.1649,00-0039851,00-0036355,00-0039851,00-0036355,0.1128,0.0634,0.0494,0,0,14,7,7,1,0,4167,0,4.167,0.176,8.35,0.541,7.0,0.0,-12.0,,
2026,12,REG,2026-11-30,2026_12_CAR_TB,401873094,TB,CAR,Tampa Bay Buccaneers,Carolina Panthers,1,1,1443.7,1454.4,-10.7,-0.033,0.0187,-0.0027,0.0168,-0.0154,0.1059,0.078,0.0463,-0.0322,00-0034855,00-0039150,00-0034855,00-0039150,0.0701,-0.0406,0.1107,0,0,8,8,0,0,0,0,821,-0.821,0.0,2.24,0.0,-5.0,0.541,4.5,,
2026,12,REG,2026-11-30,2026_12_CAR_TB,401873094,CAR,TB,Carolina Panthers,Tampa Bay Buccaneers,0,1,1454.4,1443.7,10.7,-0.0027,0.0168,-0.033,0.0187,0.078,0.0463,-0.0154,0.1059,0.0322,00-0039150,00-0034855,00-0039150,00-0034855,-0.0406,0.0701,-0.1107,0,0,8,8,0,0,0,821,0,0.821,0.0,-2.24,0.541,4.5,0.0,-5.0,,
2026,13,REG,2026-12-03,2026_13_KC_LA,401873096,LA,KC,Los Angeles Rams,Kansas City Chiefs,1,0,1590.5,1538.9,51.5,0.0812,-0.0325,0.0161,-0.0386,0.1489,0.0074,0.0161,-0.0015,0.0589,00-0026498,00-0033873,00-0026498,00-0033873,0.1312,0.1765,-0.0453,0,0,8,7,1,0,0,0,2199,-2.199,0.353,8.12,0.541,1.0,1.0,12.0,,
2026,13,REG,2026-12-03,2026_13_KC_LA,401873096,KC,LA,Kansas City Chiefs,Los Angeles Rams,0,0,1538.9,1590.5,-51.5,0.0161,-0.0386,0.0812,-0.0325,0.0161,-0.0015,0.1489,0.0074,-0.0589,00-0033873,00-0026498,00-0033873,00-0026498,0.1765,0.1312,0.0453,0,0,7,8,-1,0,0,2199,0,2.199,-0.353,-8.12,1.0,12.0,0.541,1.0,,
2026,13,REG,2026-12-06,2026_13_CIN_CLE,401873097,CLE,CIN,Cleveland Browns,Cincinnati Bengals,1,1,1433.5,1538.9,-105.4,-0.1243,-0.0306,0.0074,-0.0049,-0.0984,-0.0213,0.0219,0.0265,-0.106,00-0033537,00-0036442,00-0033537,00-0036442,0.0529,0.1139,-0.061,0,0,7,7,0,0,0,0,359,-0.359,-0.059,-1.29,0.541,-10.0,1.0,10.0,,
2026,13,REG,2026-12-06,2026_13_CIN_CLE,401873097,CIN,CLE,Cincinnati Bengals,Cleveland Browns,0,1,1538.9,1433.5,105.4,0.0074,-0.0049,-0.1243,-0.0306,0.0219,0.0265,-0.0984,-0.0213,0.106,00-0036442,00-0033537,00-0036442,00-0033537,0.1139,0.0529,0.061,0,0,7,7,0,0,0,359,0,0.359,0.059,1.29,1.0,10.0,0.541,-10.0,,
2026,13,REG,2026-12-06,2026_13_DET_ATL,401873098,ATL,DET,Atlanta Falcons,Detroit Lions,1,0,1460.5,1545.3,-84.8,-0.0577,-0.0167,0.0628,0.077,-0.0759,0.0356,0.1557,0.0987,-0.0268,00-0039917,00-0033106,00-0039917,00-0033106,0.0404,0.1477,-0.1074,0,0,7,10,-3,0,0,0,962,-0.962,-0.059,-6.82,0.389,-5.67,0.459,-4.5,,
2026,13,REG,2026-12-06,2026_13_DET_ATL,401873098,DET,ATL,Detroit Lions,Atlanta Falcons,0,0,1545.3,1460.5,84.8,0.0628,0.077,-0.0577,-0.0167,0.1557,0.0987,-0.0759,0.0356,0.0268,00-0033106,00-0039917,00-0033106,00-0039917,0.1477,0.0404,0.1074,0,0,10,7,3,0,0,962,0,0.962,0.059,6.82,0.459,-4.5,0.389,-5.67,,
2026,13,REG,2026-12-06,2026_13_GB_NO,401873099,NO,GB,New Orleans Saints,Green Bay Packers,1,0,1471.9,1470.6,1.3,-0.0079,-0.035,0.0101,0.0636,0.0456,-0.0009,0.111,0.1593,0.0806,00-0040743,00-0036264,00-0040743,00-0036264,0.0106,0.144,-0.1334,0,0,7,11,-4,0,0,0,1628,-1.628,-0.206,-6.35,0.541,3.0,0.33,-11.67,,
2026,13,REG,2026-12-06,2026_13_GB_NO,401873099,GB,NO,Green Bay Packers,New Orleans Saints,0,0,1470.6,1471.9,-1.3,0.0101,0.0636,-0.0079,-0.035,0.111,0.1593,0.0456,-0.0009,-0.0806,00-0036264,00-0040743,00-0036264,00-0040743,0.144,0.0106,0.1334,0,0,11,7,4,0,0,1628,0,1.628,0.206,6.35,0.33,-11.67,0.541,3.0,,
2026,13,REG,2026-12-06,2026_13_JAX_CHI,401873100,CHI,JAX,Chicago Bears,Jacksonville Jaguars,1,0,1537.6,1568.7,-31.1,0.0616,0.0329,0.0624,-0.0476,0.1295,0.0955,0.1619,-0.0298,-0.0814,00-0039918,00-0036971,00-0039918,00-0036971,0.0581,0.0529,0.0052,0,0,10,7,3,0,0,0,1390,-1.39,-0.118,-6.59,0.459,8.0,0.459,8.5,,
2026,13,REG,2026-12-06,2026_13_JAX_CHI,401873100,JAX,CHI,Jacksonville Jaguars,Chicago Bears,0,0,1568.7,1537.6,31.1,0.0624,-0.0476,0.0616,0.0329,0.1619,-0.0298,0.1295,0.0955,0.0814,00-0036971,00-0039918,00-0036971,00-0039918,0.0529,0.0581,-0.0052,0,0,7,10,-3,0,0,1390,0,1.39,0.118,6.59,0.459,8.5,0.459,8.0,,
2026,13,REG,2026-12-06,2026_13_LAC_TB,401873101,TB,LAC,Tampa Bay Buccaneers,Los Angeles Chargers,1,0,1443.7,1449.3,-5.6,-0.033,0.0187,-0.0982,-0.0432,-0.0154,0.1059,-0.0238,0.0499,0.0032,00-0034855,00-0036355,00-0034855,00-0036355,0.0701,0.0634,0.0067,0,0,6,7,-1,0,0,0,3463,-3.463,-0.176,-3.47,0.0,-5.0,0.0,-12.0,,
2026,13,REG,2026-12-06,2026_13_LAC_TB,401873101,LAC,TB,Los Angeles Chargers,Tampa Bay Buccaneers,0,0,1449.3,1443.7,5.6,-0.0982,-0.0432,-0.033,0.0187,-0.0238,0.0499,-0.0154,0.1059,-0.0032,00-0036355,00-0034855,00-0036355,00-0034855,0.0634,0.0701,-0.0067,0,0,7,6,1,0,0,3463,0,3.463,0.176,3.47,0.0,-12.0,0.0,-5.0,,
2026,13,REG,2026-12-06,2026_13_SF_NYG,401873095,NYG,SF,New York Giants,San Francisco 49ers,1,0,1433.4,1608.6,-175.2,0.0126,0.0994,0.0922,0.0123,0.0653,0.1631,0.2112,0.0635,-0.1666,00-0040691,00-0037834,00-0040691,00-0037834,0.0622,0.1889,-0.1267,0,0,7,7,0,0,0,0,4099,-4.099,-0.471,-7.29,0.459,-7.0,1.0,21.0,,
2026,13,REG,2026-12-06,2026_13_SF_NYG,401873095,SF,NYG,San Francisco 49ers,New York Giants,0,0,1608.6,1433.4,175.2,0.0922,0.0123,0.0126,0.0994,0.2112,0.0635,0.0653,0.1631,0.1666,00-0037834,00-0040691,00-0037834,00-0040691,0.1889,0.0622,0.1267,0,0,7,7,0,0,0,4099,0,4.099,0.471,7.29,1.0,21.0,0.459,-7.0,,
2026,13,REG,2026-12-06,2026_13_WAS_TEN,401873102,TEN,WAS,Tennessee Titans,Washington Commanders,1,0,1323.9,1431.3,-107.5,-0.0831,0.0752,0.0299,0.1186,-0.0904,0.1751,0.0881,0.2129,-0.0696,00-0040676,00-0039910,00-0040676,00-0039910,-0.1325,0.1086,-0.2411,0,0,7,7,0,0,0,0,925,-0.925,-0.118,-5.82,0.0,-8.5,0.0,-9.5,,
2026,13,REG,2026-12-06,2026_13_WAS_TEN,401873102,WAS,TEN,Washington Commanders,Tennessee Titans,0,0,1431.3,1323.9,107.5,0.0299,0.1186,-0.0831,0.0752,0.0881,0.2129,-0.0904,0.1751,0.0696,00-0039910,00-0040676,00-0039910,00-0040676,0.1086,-0.1325,0.2411,0,0,7,7,0,0,0,925,0,0.925,0.118,5.82,0.0,-9.5,0.0,-8.5,,
2026,13,REG,2026-12-06,2026_13_MIA_DEN,401873103,DEN,MIA,Denver Broncos,Miami Dolphins,1,0,1591.0,1415.5,175.4,-0.0327,-0.0285,-0.0512,0.089,0.017,-0.0507,-0.0002,0.2236,0.136,00-0039732,00-0038128,00-0039732,00-0038128,0.0728,0.0178,0.055,0,0,9,7,2,0,0,0,2761,-2.761,0.412,9.82,0.541,-7.0,0.0,-18.0,,
2026,13,REG,2026-12-06,2026_13_MIA_DEN,401873103,MIA,DEN,Miami Dolphins,Denver Broncos,0,0,1415.5,1591.0,-175.4,-0.0512,0.089,-0.0327,-0.0285,-0.0002,0.2236,0.017,-0.0507,-0.136,00-0038128,00-0039732,00-0038128,00-0039732,0.0178,0.0728,-0.055,0,0,7,9,-2,0,0,2761,0,2.761,-0.412,-9.82,0.0,-18.0,0.541,-7.0,,
2026,13,REG,2026-12-06,2026_13_PHI_ARI,401873104,ARI,PHI,Arizona Cardinals,Philadelphia Eagles,1,0,1422.8,1573.3,-150.5,-0.0282,0.0625,0.0233,-0.017,0.02,0.2005,0.1016,0.0161,-0.1311,00-0033119,00-0036389,00-0033119,00-0036389,-0.0124,0.109,-0.1214,0,0,7,10,-3,0,0,0,3356,-3.356,-0.471,-11.0,0.459,-6.0,1.0,3.0,,
2026,13,REG,2026-12-06,2026_13_PHI_ARI,401873104,PHI,ARI,Philadelphia Eagles,Arizona Cardinals,0,0,1573.3,1422.8,150.5,0.0233,-0.017,-0.0282,0.0625,0.1016,0.0161,0.02,0.2005,0.1311,00-0036389,00-0033119,00-0036389,00-0033119,0.109,-0.0124,0.1214,0,0,10,7,3,0,0,3356,0,3.356,0.471,11.0,1.0,3.0,0.459,-6.0,,
2026,13,REG,2026-12-06,2026_13_BUF_NE,401873105,NE,BUF,New England Patriots,Buffalo Bills,1,1,1610.5,1643.2,-32.7,0.0083,-0.1017,0.1711,0.0413,0.0878,-0.0909,0.2516,0.0697,-0.0199,00-0039851,00-0034857,00-0039851,00-0034857,0.1128,0.1913,-0.0785,0,0,7,10,-3,0,0,0,622,-0.622,0.118,3.18,0.541,7.0,1.0,7.5,,
2026,13,REG,2026-12-06,2026_13_BUF_NE,401873105,BUF,NE,Buffalo Bills,New England Patriots,0,1,1643.2,1610.5,32.7,0.1711,0.0413,0.0083,-0.1017,0.2516,0.0697,0.0878,-0.0909,0.0199,00-0034857,00-0039851,00-0034857,00-0039851,0.1913,0.1128,0.0785,0,0,10,7,3,0,0,622,0,0.622,-0.118,-3.18,1.0,7.5,0.541,7.0,,
2026,13,REG,2026-12-06,2026_13_CAR_MIN,401873106,MIN,CAR,Minnesota Vikings,Carolina Panthers,1,0,1597.4,1454.4,143.0,-0.0518,-0.1117,-0.0027,0.0168,-0.0324,-0.088,0.078,0.0463,0.0794,00-0032950,00-0039150,00-0032950,00-0039150,-0.0006,-0.0406,0.0399,0,0,7,6,1,0,0,0,1509,-1.509,0.059,4.71,1.0,11.5,0.541,4.5,,
2026,13,REG,2026-12-06,2026_13_CAR_MIN,401873106,CAR,MIN,Carolina Panthers,Minnesota Vikings,0,0,1454.4,1597.4,-143.0,-0.0027,0.0168,-0.0518,-0.1117,0.078,0.0463,-0.0324,-0.088,-0.0794,00-0039150,00-0032950,00-0039150,00-0032950,-0.0406,-0.0006,-0.0399,0,0,6,7,-1,0,0,1509,0,1.509,-0.059,-4.71,0.541,4.5,1.0,11.5,,
2026,13,REG,2026-12-06,2026_13_HOU_PIT,401873107,PIT,HOU,Pittsburgh Steelers,Houston Texans,1,0,1509.5,1547.4,-37.9,-0.1025,-0.0405,-0.0465,-0.0628,-0.1142,-0.05,0.0143,0.0008,-0.0783,00-0023459,00-0039163,00-0023459,00-0039163,0.0527,0.034,0.0187,0,0,9,7,2,0,0,0,1838,-1.838,-0.118,-5.82,0.459,-5.0,0.0,-9.5,,
2026,13,REG,2026-12-06,2026_13_HOU_PIT,401873107,HOU,PIT,Houston Texans,Pittsburgh Steelers,0,0,1547.4,1509.5,37.9,-0.0465,-0.0628,-0.1025,-0.0405,0.0143,0.0008,-0.1142,-0.05,0.0783,00-0039163,00-0023459,00-0039163,00-0023459,0.034,0.0527,-0.0187,0,0,7,9,-2,0,0,1838,0,1.838,0.118,5.82,0.0,-9.5,0.459,-5.0,,
2026,13,REG,2026-12-07,2026_13_DAL_SEA,401873108,SEA,DAL,Seattle Seahawks,Dallas Cowboys,1,0,1698.8,1465.6,233.2,0.0566,-0.1365,0.1055,0.1358,0.1964,-0.0865,0.1911,0.2354,0.2234,00-0035704,00-0033077,00-0035704,00-0033077,-0.0273,0.1353,-0.1627,0,0,8,11,-3,0,0,0,2685,-2.685,0.382,13.59,1.0,13.5,0.541,4.5,,
2026,13,REG,2026-12-07,2026_13_DAL_SEA,401873108,DAL,SEA,Dallas Cowboys,Seattle Seahawks,0,0,1465.6,1698.8,-233.2,0.1055,0.1358,0.0566,-0.1365,0.1911,0.2354,0.1964,-0.0865,-0.2234,00-0033077,00-0035704,00-0033077,00-0035704,0.1353,-0.0273,0.1627,0,0,11,8,3,0,0,2685,0,2.685,-0.382,-13.59,0.541,4.5,1.0,13.5,,
2026,14,REG,2026-12-10,2026_14_MIN_NE,401873109,NE,MIN,New England Patriots,Minnesota Vikings,1,0,1610.5,1597.4,13.1,0.0083,-0.1017,-0.0518,-0.1117,0.0878,-0.0909,-0.0324,-0.088,0.05,00-0039851,00-0032950,00-0039851,00-0032950,0.1128,-0.0006,0.1135,0,0,4,4,0,0,0,0,1796,-1.796,0.294,9.35,0.541,7.0,1.0,11.5,,
2026,14,REG,2026-12-10,2026_14_MIN_NE,401873109,MIN,NE,Minnesota Vikings,New England Patriots,0,0,1597.4,1610.5,-13.1,-0.0518,-0.1117,0.0083,-0.1017,-0.0324,-0.088,0.0878,-0.0909,-0.05,00-0032950,00-0039851,00-0032950,00-0039851,-0.0006,0.1128,-0.1135,0,0,4,4,0,0,0,1796,0,1.796,-0.294,-9.35,1.0,11.5,0.541,7.0,,
2026,14,REG,2026-12-13,2026_14_ATL_CLE,401873110,CLE,ATL,Cleveland Browns,Atlanta Falcons,1,0,1433.5,1460.5,-27.0,-0.1243,-0.0306,-0.0577,-0.0167,-0.0984,-0.0213,-0.0759,0.0356,-0.0528,00-0033537,00-0039917,00-0033537,00-0039917,0.0529,0.0404,0.0126,0,0,7,7,0,0,0,0,894,-0.894,-0.176,-3.06,0.541,-10.0,0.389,-5.67,,
2026,14,REG,2026-12-13,2026_14_ATL_CLE,401873110,ATL,CLE,Atlanta Falcons,Cleveland Browns,0,0,1460.5,1433.5,27.0,-0.0577,-0.0167,-0.1243,-0.0306,-0.0759,0.0356,-0.0984,-0.0213,0.0528,00-0039917,00-0033537,00-0039917,00-0033537,0.0404,0.0529,-0.0126,0,0,7,7,0,0,0,894,0,0.894,0.176,3.06,0.389,-5.67,0.541,-10.0,,
2026,14,REG,2026-12-13,2026_14_CHI_MIA,401873111,MIA,CHI,Miami Dolphins,Chicago Bears,1,0,1415.5,1537.6,-122.0,-0.0512,0.089,0.0616,0.0329,-0.0002,0.2236,0.1295,0.0955,-0.1689,00-0038128,00-0039918,00-0038128,00-0039918,0.0178,0.0581,-0.0403,0,0,7,7,0,0,0,0,1893,-1.893,-0.235,-6.06,0.0,-18.0,0.459,8.0,,
2026,14,REG,2026-12-13,2026_14_CHI_MIA,401873111,CHI,MIA,Chicago Bears,Miami Dolphins,0,0,1537.6,1415.5,122.0,0.0616,0.0329,-0.0512,0.089,0.1295,0.0955,-0.0002,0.2236,0.1689,00-0039918,00-0038128,00-0039918,00-0038128,0.0581,0.0178,0.0403,0,0,7,7,0,0,0,1893,0,1.893,0.235,6.06,0.459,8.0,0.0,-18.0,,
2026,14,REG,2026-12-13,2026_14_DEN_NYJ,401873112,NYJ,DEN,New York Jets,Denver Broncos,1,0,1384.7,1591.0,-206.3,-0.0814,0.0524,-0.0327,-0.0285,-0.0333,0.1747,0.017,-0.0507,-0.1295,00-0030565,00-0039732,00-0030565,00-0039732,-0.006,0.0728,-0.0788,0,0,14,7,7,1,0,0,2614,-2.614,-0.647,-17.24,0.459,5.0,0.541,-7.0,,
2026,14,REG,2026-12-13,2026_14_DEN_NYJ,401873112,DEN,NYJ,Denver Broncos,New York Jets,0,0,1591.0,1384.7,206.3,-0.0327,-0.0285,-0.0814,0.0524,0.017,-0.0507,-0.0333,0.1747,0.1295,00-0039732,00-0030565,00-0039732,00-0030565,0.0728,-0.006,0.0788,0,0,7,14,-7,0,1,2614,0,2.614,0.647,17.24,0.541,-7.0,0.459,5.0,,
2026,14,REG,2026-12-13,2026_14_HOU_WAS,401873113,WAS,HOU,Washington Commanders,Houston Texans,1,0,1431.3,1547.4,-116.1,0.0299,0.1186,-0.0465,-0.0628,0.0881,0.2129,0.0143,0.0008,-0.105,00-0039910,00-0039163,00-0039910,00-0039163,0.1086,0.034,0.0746,0,0,7,7,0,0,0,0,1983,-1.983,-0.412,-12.0,0.0,-9.5,0.0,-9.5,,
2026,14,REG,2026-12-13,2026_14_HOU_WAS,401873113,HOU,WAS,Houston Texans,Washington Commanders,0,0,1547.4,1431.3,116.1,-0.0465,-0.0628,0.0299,0.1186,0.0143,0.0008,0.0881,0.2129,0.105,00-0039163,00-0039910,00-0039163,00-0039910,0.034,0.1086,-0.0746,0,0,7,7,0,0,0,1983,0,1.983,0.412,12.0,0.0,-9.5,0.0,-9.5,,
2026,14,REG,2026-12-13,2026_14_IND_PHI,401873114,PHI,IND,Philadelphia Eagles,Indianapolis Colts,1,0,1573.3,1435.6,137.8,0.0233,-0.017,0.0106,0.0722,0.1016,0.0161,0.0048,0.1408,0.1019,00-0036389,00-0035710,00-0036389,00-0035710,0.109,0.002,0.107,0,0,7,14,-7,0,1,0,939,-0.939,0.176,0.0,1.0,3.0,0.0,-10.5,,
2026,14,REG,2026-12-13,2026_14_IND_PHI,401873114,IND,PHI,Indianapolis Colts,Philadelphia Eagles,0,0,1435.6,1573.3,-137.8,0.0106,0.0722,0.0233,-0.017,0.0048,0.1408,0.1016,0.0161,-0.1019,00-0035710,00-0036389,00-0035710,00-0036389,0.002,0.109,-0.107,0,0,14,7,7,1,0,939,0,0.939,-0.176,0.0,0.0,-10.5,1.0,3.0,,
2026,14,REG,2026-12-13,2026_14_NO_CAR,401873115,CAR,NO,Carolina Panthers,New Orleans Saints,1,1,1454.4,1471.9,-17.4,-0.0027,0.0168,-0.0079,-0.035,0.078,0.0463,0.0456,-0.0009,-0.0466,00-0039150,00-0040743,00-0039150,00-0040743,-0.0406,0.0106,-0.0512,0,0,7,7,0,0,0,0,1044,-1.044,0.118,0.47,0.541,4.5,0.541,3.0,,
2026,14,REG,2026-12-13,2026_14_NO_CAR,401873115,NO,CAR,New Orleans Saints,Carolina Panthers,0,1,1471.9,1454.4,17.4,-0.0079,-0.035,-0.0027,0.0168,0.0456,-0.0009,0.078,0.0463,0.0466,00-0040743,00-0039150,00-0040743,00-0039150,0.0106,-0.0406,0.0512,0,0,7,7,0,0,0,1044,0,1.044,-0.118,-0.47,0.541,3.0,0.541,4.5,,
2026,14,REG,2026-12-13,2026_14_TB_BAL,401873116,BAL,TB,Baltimore Ravens,Tampa Bay Buccaneers,1,0,1539.0,1443.7,95.3,0.0797,-0.0076,-0.033,0.0187,0.1097,0.0297,-0.0154,0.1059,0.139,00-0034796,00-0034855,00-0034796,00-0034855,0.1553,0.0701,0.0851,0,0,14,7,7,1,0,0,1369,-1.369,0.0,3.35,0.459,5.5,0.0,-5.0,,
2026,14,REG,2026-12-13,2026_14_TB_BAL,401873116,TB,BAL,Tampa Bay Buccaneers,Baltimore Ravens,0,0,1443.7,1539.0,-95.3,-0.033,0.0187,0.0797,-0.0076,-0.0154,0.1059,0.1097,0.0297,-0.139,00-0034855,00-0034796,00-0034855,00-0034796,0.0701,0.1553,-0.0851,0,0,7,14,-7,0,1,1369,0,1.369,0.0,-3.35,0.0,-5.0,0.459,5.5,,
2026,14,REG,2026-12-13,2026_14_TEN_DET,401873117,DET,TEN,Detroit Lions,Tennessee Titans,1,0,1545.3,1323.9,221.4,0.0628,0.077,-0.0831,0.0752,0.1557,0.0987,-0.0904,0.1751,0.1441,00-0033106,00-0040676,00-0033106,00-0040676,0.1477,-0.1325,0.2802,0,0,7,7,0,0,0,0,758,-0.758,0.353,15.41,0.459,-4.5,0.0,-8.5,,
2026,14,REG,2026-12-13,2026_14_TEN_DET,401873117,TEN,DET,Tennessee Titans,Detroit Lions,0,0,1323.9,1545.3,-221.4,-0.0831,0.0752,0.0628,0.077,-0.0904,0.1751,0.1557,0.0987,-0.1441,00-0040676,00-0033106,00-0040676,00-0033106,-0.1325,0.1477,-0.2802,0,0,7,7,0,0,0,758,0,0.758,-0.353,-15.41,0.0,-8.5,0.459,-4.5,,
2026,14,REG,2026-12-13,2026_14_LAC_LV,401873118,LV,LAC,Las Vegas Raiders,Los Angeles Chargers,1,1,1424.7,1449.3,-24.6,-0.1305,-0.0728,-0.0982,-0.0432,-0.0478,0.0299,-0.0238,0.0499,-0.0027,00-0029604,00-0036355,00-0029604,00-0036355,0.0599,0.0634,-0.0035,0,0,14,7,7,1,0,0,373,-0.373,-0.471,-12.88,1.0,13.0,0.0,-12.0,,
2026,14,REG,2026-12-13,2026_14_LAC_LV,401873118,LAC,LV,Los Angeles Chargers,Las Vegas Raiders,0,1,1449.3,1424.7,24.6,-0.0982,-0.0432,-0.1305,-0.0728,-0.0238,0.0499,-0.0478,0.0299,0.0027,00-0036355,00-0029604,00-0036355,00-0029604,0.0634,0.0599,0.0035,0,0,7,14,-7,0,1,373,0,0.373,0.471,12.88,0.0,-12.0,1.0,13.0,,
2026,14,REG,2026-12-13,2026_14_KC_CIN,401873119,CIN,KC,Cincinnati Bengals,Kansas City Chiefs,1,0,1538.9,1538.9,-0.0,0.0074,-0.0049,0.0161,-0.0386,0.0219,0.0265,0.0161,-0.0015,-0.0424,00-0036442,00-0033873,00-0036442,00-0033873,0.1139,0.1765,-0.0626,0,0,7,10,-3,0,0,0,860,-0.86,0.0,-6.59,1.0,10.0,1.0,12.0,,
2026,14,REG,2026-12-13,2026_14_KC_CIN,401873119,KC,CIN,Kansas City Chiefs,Cincinnati Bengals,0,0,1538.9,1538.9,0.0,0.0161,-0.0386,0.0074,-0.0049,0.0161,-0.0015,0.0219,0.0265,0.0424,00-0033873,00-0036442,00-0033873,00-0036442,0.1765,0.1139,0.0626,0,0,10,7,3,0,0,860,0,0.86,0.0,6.59,1.0,12.0,1.0,10.0,,
2026,14,REG,2026-12-13,2026_14_LA_SF,401873120,SF,LA,San Francisco 49ers,Los Angeles Rams,1,1,1608.6,1590.5,18.1,0.0922,0.0123,0.0812,-0.0325,0.2112,0.0635,0.1489,0.0074,-0.0337,00-0037834,00-0026498,00-0037834,00-0026498,0.1889,0.1312,0.0576,0,0,7,10,-3,0,0,0,505,-0.505,0.0,-6.24,1.0,21.0,0.541,1.0,,
2026,14,REG,2026-12-13,2026_14_LA_SF,401873120,LA,SF,Los Angeles Rams,San Francisco 49ers,0,1,1590.5,1608.6,-18.1,0.0812,-0.0325,0.0922,0.0123,0.1489,0.0074,0.2112,0.0635,0.0337,00-0026498,00-0037834,00-0026498,00-0037834,0.1312,0.1889,-0.0576,0,0,10,7,3,0,0,505,0,0.505,0.0,6.24,0.541,1.0,1.0,21.0,,
2026,14,REG,2026-12-13,2026_14_NYG_SEA,401873121,SEA,NYG,Seattle Seahawks,New York Giants,1,0,1698.8,1433.4,265.4,0.0566,-0.1365,0.0126,0.0994,0.1964,-0.0865,0.0653,0.1631,0.2798,00-0035704,00-0040691,00-0035704,00-0040691,-0.0273,0.0622,-0.0895,0,0,6,7,-1,0,0,0,3855,-3.855,0.588,14.65,1.0,13.5,0.459,-7.0,,
2026,14,REG,2026-12-13,2026_14_NYG_SEA,401873121,NYG,SEA,New York Giants,Seattle Seahawks,0,0,1433.4,1698.8,-265.4,0.0126,0.0994,0.0566,-0.1365,0.0653,0.1631,0.1964,-0.0865,-0.2798,00-0040691,00-0035704,00-0040691,00-0035704,0.0622,-0.0273,0.0895,0,0,7,6,1,0,0,3855,0,3.855,-0.588,-14.65,0.459,-7.0,1.0,13.5,,
2026,14,REG,2026-12-13,2026_14_BUF_GB,401873122,GB,BUF,Green Bay Packers,Buffalo Bills,1,0,1470.6,1643.2,-172.6,0.0101,0.0636,0.1711,0.0413,0.111,0.1593,0.2516,0.0697,-0.1832,00-0036264,00-0034857,00-0036264,00-0034857,0.144,0.1913,-0.0473,0,0,7,7,0,0,0,0,770,-0.77,-0.147,-5.0,0.33,-11.67,1.0,7.5,,
2026,14,REG,2026-12-13,2026_14_BUF_GB,401873122,BUF,GB,Buffalo Bills,Green Bay Packers,0,0,1643.2,1470.6,172.6,0.1711,0.0413,0.0101,0.0636,0.2516,0.0697,0.111,0.1593,0.1832,00-0034857,00-0036264,00-0034857,00-0036264,0.1913,0.144,0.0473,0,0,7,7,0,0,0,770,0,0.77,0.147,5.0,1.0,7.5,0.33,-11.67,,
2026,14,REG,2026-12-14,2026_14_PIT_JAX,401873123,JAX,PIT,Jacksonville Jaguars,Pittsburgh Steelers,1,0,1568.7,1509.5,59.2,0.0624,-0.0476,-0.1025,-0.0405,0.1619,-0.0298,-0.1142,-0.05,0.1721,00-0036971,00-0023459,00-0036971,00-0023459,0.0529,0.0527,0.0002,0,0,8,8,0,0,0,0,1135,-1.135,0.176,7.53,0.459,8.5,0.459,-5.0,,
2026,14,REG,2026-12-14,2026_14_PIT_JAX,401873123,PIT,JAX,Pittsburgh Steelers,Jacksonville Jaguars,0,0,1509.5,1568.7,-59.2,-0.1025,-0.0405,0.0624,-0.0476,-0.1142,-0.05,0.1619,-0.0298,-0.1721,00-0023459,00-0036971,00-0023459,00-0036971,0.0527,0.0529,-0.0002,0,0,8,8,0,0,0,1135,0,1.135,-0.176,-7.53,0.459,-5.0,0.459,8.5,,
2026,15,REG,2026-12-17,2026_15_SF_LAC,401873124,LAC,SF,Los Angeles Chargers,San Francisco 49ers,1,0,1449.3,1608.6,-159.3,-0.0982,-0.0432,0.0922,0.0123,-0.0238,0.0499,0.2112,0.0635,-0.1348,00-0036355,00-0037834,00-0036355,00-0037834,0.0634,0.1889,-0.1254,0,0,4,4,0,0,0,0,505,-0.505,-0.059,-2.24,0.0,-12.0,1.0,21.0,,
2026,15,REG,2026-12-17,2026_15_SF_LAC,401873124,SF,LAC,San Francisco 49ers,Los Angeles Chargers,0,0,1608.6,1449.3,159.3,0.0922,0.0123,-0.0982,-0.0432,0.2112,0.0635,-0.0238,0.0499,0.1348,00-0037834,00-0036355,00-0037834,00-0036355,0.1889,0.0634,0.1254,0,0,4,4,0,0,0,505,0,0.505,0.059,2.24,1.0,21.0,0.0,-12.0,,
2026,15,REG,2026-12-19,2026_15_SEA_PHI,401873125,PHI,SEA,Philadelphia Eagles,Seattle Seahawks,1,0,1573.3,1698.8,-125.4,0.0233,-0.017,0.0566,-0.1365,0.1016,0.0161,0.1964,-0.0865,-0.1527,00-0036389,00-0035704,00-0036389,00-0035704,0.109,-0.0273,0.1363,0,0,6,6,0,0,0,0,3822,-3.822,-0.176,-8.06,1.0,3.0,1.0,13.5,,
2026,15,REG,2026-12-19,2026_15_SEA_PHI,401873125,SEA,PHI,Seattle Seahawks,Philadelphia Eagles,0,0,1698.8,1573.3,125.4,0.0566,-0.1365,0.0233,-0.017,0.1964,-0.0865,0.1016,0.0161,0.1527,00-0035704,00-0036389,00-0035704,00-0036389,-0.0273,0.109,-0.1363,0,0,6,6,0,0,0,3822,0,3.822,0.176,8.06,1.0,13.5,1.0,3.0,,
2026,15,REG,2026-12-19,2026_15_CHI_BUF,401873126,BUF,CHI,Buffalo Bills,Chicago Bears,1,0,1643.2,1537.6,105.6,0.1711,0.0413,0.0616,0.0329,0.2516,0.0697,0.1295,0.0955,0.1011,00-0034857,00-0039918,00-0034857,00-0039918,0.1913,0.0581,0.1332,0,0,6,6,0,0,0,0,733,-0.733,0.059,5.29,1.0,7.5,0.459,8.0,,
2026,15,REG,2026-12-19,2026_15_CHI_BUF,401873126,CHI,BUF,Chicago Bears,Buffalo Bills,0,0,1537.6,1643.2,-105.6,0.0616,0.0329,0.1711,0.0413,0.1295,0.0955,0.2516,0.0697,-0.1011,00-0039918,00-0034857,00-0039918,00-0034857,0.0581,0.1913,-0.1332,0,0,6,6,0,0,0,733,0,0.733,-0.059,-5.29,0.459,8.0,1.0,7.5,,
2026,15,REG,2026-12-20,2026_15_ATL_WAS,401873127,WAS,ATL,Washington Commanders,Atlanta Falcons,1,0,1431.3,1460.5,-29.2,0.0299,0.1186,-0.0577,-0.0167,0.0881,0.2129,-0.0759,0.0356,-0.0477,00-0039910,00-0039917,00-0039910,00-0039917,0.1086,0.0404,0.0682,0,0,7,7,0,0,0,0,885,-0.885,-0.176,-2.76,0.0,-9.5,0.389,-5.67,,
2026,15,REG,2026-12-20,2026_15_ATL_WAS,401873127,ATL,WAS,Atlanta Falcons,Washington Commanders,0,0,1460.5,1431.3,29.2,-0.0577,-0.0167,0.0299,0.1186,-0.0759,0.0356,0.0881,0.2129,0.0477,00-0039917,00-0039910,00-0039917,00-0039910,0.0404,0.1086,-0.0682,0,0,7,7,0,0,0,885,0,0.885,0.176,2.76,0.389,-5.67,0.0,-9.5,,
2026,15,REG,2026-12-20,2026_15_BAL_PIT,401873128,PIT,BAL,Pittsburgh Steelers,Baltimore Ravens,1,1,1509.5,1539.0,-29.5,-0.1025,-0.0405,0.0797,-0.0076,-0.1142,-0.05,0.1097,0.0297,-0.1493,00-0023459,00-0034796,00-0023459,00-0034796,0.0527,0.1553,-0.1026,0,0,6,7,-1,0,0,0,317,-0.317,0.118,-0.94,0.459,-5.0,0.459,5.5,,
2026,15,REG,2026-12-20,2026_15_BAL_PIT,401873128,BAL,PIT,Baltimore Ravens,Pittsburgh Steelers,0,1,1539.0,1509.5,29.5,0.0797,-0.0076,-0.1025,-0.0405,0.1097,0.0297,-0.1142,-0.05,0.1493,00-0034796,00-0023459,00-0034796,00-0023459,0.1553,0.0527,0.1026,0,0,7,6,1,0,0,317,0,0.317,-0.118,0.94,0.459,5.5,0.459,-5.0,,
2026,15,REG,2026-12-20,2026_15_CIN_CAR,401873129,CAR,CIN,Carolina Panthers,Cincinnati Bengals,1,0,1454.4,1538.9,-84.5,-0.0027,0.0168,0.0074,-0.0049,0.078,0.0463,0.0219,0.0265,-0.0318,00-0039150,00-0036442,00-0039150,00-0036442,-0.0406,0.1139,-0.1545,0,0,7,7,0,0,0,0,539,-0.539,0.118,0.53,0.541,4.5,1.0,10.0,,
2026,15,REG,2026-12-20,2026_15_CIN_CAR,401873129,CIN,CAR,Cincinnati Bengals,Carolina Panthers,0,0,1538.9,1454.4,84.5,0.0074,-0.0049,-0.0027,0.0168,0.0219,0.0265,0.078,0.0463,0.0318,00-0036442,00-0039150,00-0036442,00-0039150,0.1139,-0.0406,0.1545,0,0,7,7,0,0,0,539,0,0.539,-0.118,-0.53,1.0,10.0,0.541,4.5,,
2026,15,REG,2026-12-20,2026_15_CLE_NYG,401873130,NYG,CLE,New York Giants,Cleveland Browns,1,0,1433.4,1433.5,-0.2,0.0126,0.0994,-0.1243,-0.0306,0.0653,0.1631,-0.0984,-0.0213,0.007,00-0040691,00-0033537,00-0040691,00-0033537,0.0622,0.0529,0.0092,0,0,7,7,0,0,0,0,643,-0.643,-0.059,2.47,0.459,-7.0,0.541,-10.0,,
2026,15,REG,2026-12-20,2026_15_CLE_NYG,401873130,CLE,NYG,Cleveland Browns,New York Giants,0,0,1433.5,1433.4,0.2,-0.1243,-0.0306,0.0126,0.0994,-0.0984,-0.0213,0.0653,0.1631,-0.007,00-0033537,00-0040691,00-0033537,00-0040691,0.0529,0.0622,-0.0092,0,0,7,7,0,0,0,643,0,0.643,0.059,-2.47,0.541,-10.0,0.459,-7.0,,
2026,15,REG,2026-12-20,2026_15_IND_TEN,401873131,TEN,IND,Tennessee Titans,Indianapolis Colts,1,1,1323.9,1435.6,-111.7,-0.0831,0.0752,0.0106,0.0722,-0.0904,0.1751,0.0048,0.1408,-0.0968,00-0040676,00-0035710,00-0040676,00-0035710,-0.1325,0.002,-0.1345,0,0,7,7,0,0,0,0,403,-0.403,-0.294,-14.59,0.0,-8.5,0.0,-10.5,,
2026,15,REG,2026-12-20,2026_15_IND_TEN,401873131,IND,TEN,Indianapolis Colts,Tennessee Titans,0,1,1435.6,1323.9,111.7,0.0106,0.0722,-0.0831,0.0752,0.0048,0.1408,-0.0904,0.1751,0.0968,00-0035710,00-0040676,00-0035710,00-0040676,0.002,-0.1325,0.1345,0,0,7,7,0,0,0,403,0,0.403,0.294,14.59,0.0,-10.5,0.0,-8.5,,
2026,15,REG,2026-12-20,2026_15_JAX_HOU,401873132,HOU,JAX,Houston Texans,Jacksonville Jaguars,1,1,1547.4,1568.7,-21.2,-0.0465,-0.0628,0.0624,-0.0476,0.0143,0.0008,0.1619,-0.0298,-0.0937,00-0039163,00-0036971,00-0039163,00-0036971,0.034,0.0529,-0.0189,0,0,7,6,1,0,0,0,1327,-1.327,-0.059,-1.71,0.0,-9.5,0.459,8.5,,
2026,15,REG,2026-12-20,2026_15_JAX_HOU,401873132,JAX,HOU,Jacksonville Jaguars,Houston Texans,0,1,1568.7,1547.4,21.2,0.0624,-0.0476,-0.0465,-0.0628,0.1619,-0.0298,0.0143,0.0008,0.0937,00-0036971,00-0039163,00-0036971,00-0039163,0.0529,0.034,0.0189,0,0,6,7,-1,0,0,1327,0,1.327,0.059,1.71,0.459,8.5,0.0,-9.5,,
2026,15,REG,2026-12-20,2026_15_MIA_GB,401873133,GB,MIA,Green Bay Packers,Miami Dolphins,1,0,1470.6,1415.5,55.1,0.0101,0.0636,-0.0512,0.089,0.111,0.1593,-0.0002,0.2236,0.0868,00-0036264,00-0038128,00-0036264,00-0038128,0.144,0.0178,0.1261,0,0,7,7,0,0,0,0,2178,-2.178,0.147,6.35,0.33,-11.67,0.0,-18.0,,
2026,15,REG,2026-12-20,2026_15_MIA_GB,401873133,MIA,GB,Miami Dolphins,Green Bay Packers,0,0,1415.5,1470.6,-55.1,-0.0512,0.089,0.0101,0.0636,-0.0002,0.2236,0.111,0.1593,-0.0868,00-0038128,00-0036264,00-0038128,00-0036264,0.0178,0.144,-0.1261,0,0,7,7,0,0,0,2178,0,2.178,-0.147,-6.35,0.0,-18.0,0.33,-11.67,,
2026,15,REG,2026-12-20,2026_15_NO_TB,401873134,TB,NO,Tampa Bay Buccaneers,New Orleans Saints,1,1,1443.7,1471.9,-28.2,-0.033,0.0187,-0.0079,-0.035,-0.0154,0.1059,0.0456,-0.0009,-0.0788,00-0034855,00-0040743,00-0034855,00-0040743,0.0701,0.0106,0.0595,0,0,7,7,0,0,0,0,769,-0.769,0.118,2.71,0.0,-5.0,0.541,3.0,,
2026,15,REG,2026-12-20,2026_15_NO_TB,401873134,NO,TB,New Orleans Saints,Tampa Bay Buccaneers,0,1,1471.9,1443.7,28.2,-0.0079,-0.035,-0.033,0.0187,0.0456,-0.0009,-0.0154,0.1059,0.0788,00-0040743,00-0034855,00-0040743,00-0034855,0.0106,0.0701,-0.0595,0,0,7,7,0,0,0,769,0,0.769,-0.118,-2.71,0.541,3.0,0.0,-5.0,,
2026,15,REG,2026-12-20,2026_15_NYJ_ARI,401873135,ARI,NYJ,Arizona Cardinals,New York Jets,1,0,1422.8,1384.7,38.2,-0.0282,0.0625,-0.0814,0.0524,0.02,0.2005,-0.0333,0.1747,0.043,00-0033119,00-0030565,00-0033119,00-0030565,-0.0124,-0.006,-0.0064,0,0,14,7,7,1,0,0,3450,-3.45,0.0,4.12,0.459,-6.0,0.459,5.0,,
2026,15,REG,2026-12-20,2026_15_NYJ_ARI,401873135,NYJ,ARI,New York Jets,Arizona Cardinals,0,0,1384.7,1422.8,-38.2,-0.0814,0.0524,-0.0282,0.0625,-0.0333,0.1747,0.02,0.2005,-0.043,00-0030565,00-0033119,00-0030565,00-0033119,-0.006,-0.0124,0.0064,0,0,7,14,-7,0,1,3450,0,3.45,0.0,-4.12,0.459,5.0,0.459,-6.0,,
2026,15,REG,2026-12-20,2026_15_DAL_LA,401873136,LA,DAL,Los Angeles Rams,Dallas Cowboys,1,0,1590.5,1465.6,124.9,0.0812,-0.0325,0.1055,0.1358,0.1489,0.0074,0.1911,0.2354,0.1439,00-0026498,00-0033077,00-0026498,00-0033077,0.1312,0.1353,-0.0041,0,0,7,13,-6,0,1,0,1974,-1.974,0.265,12.47,0.541,1.0,0.541,4.5,,
2026,15,REG,2026-12-20,2026_15_DAL_LA,401873136,DAL,LA,Dallas Cowboys,Los Angeles Rams,0,0,1465.6,1590.5,-124.9,0.1055,0.1358,0.0812,-0.0325,0.1911,0.2354,0.1489,0.0074,-0.1439,00-0033077,00-0026498,00-0033077,00-0026498,0.1353,0.1312,0.0041,0,0,13,7,6,1,0,1974,0,1.974,-0.265,-12.47,0.541,4.5,0.541,1.0,,
2026,15,REG,2026-12-20,2026_15_DEN_LV,401873137,LV,DEN,Las Vegas Raiders,Denver Broncos,1,1,1424.7,1591.0,-166.3,-0.1305,-0.0728,-0.0327,-0.0285,-0.0478,0.0299,0.017,-0.0507,-0.0534,00-0029604,00-0039732,00-0029604,00-0039732,0.0599,0.0728,-0.0129,0,0,7,7,0,0,0,0,979,-0.979,-0.647,-16.53,1.0,13.0,0.541,-7.0,,
2026,15,REG,2026-12-20,2026_15_DEN_LV,401873137,DEN,LV,Denver Broncos,Las Vegas Raiders,0,1,1591.0,1424.7,166.3,-0.0327,-0.0285,-0.1305,-0.0728,0.017,-0.0507,-0.0478,0.0299,0.0534,00-0039732,00-0029604,00-0039732,00-0029604,0.0728,0.0599,0.0129,0,0,7,7,0,0,0,979,0,0.979,0.647,16.53,0.541,-7.0,1.0,13.0,,
2026,15,REG,2026-12-20,2026_15_DET_MIN,401873138,MIN,DET,Minnesota Vikings,Detroit Lions,1,1,1597.4,1545.3,52.1,-0.0518,-0.1117,0.0628,0.077,-0.0324,-0.088,0.1557,0.0987,0.0741,00-0032950,00-0033106,00-0032950,00-0033106,-0.0006,0.1477,-0.1484,0,0,10,7,3,0,0,0,871,-0.871,0.0,-3.35,1.0,11.5,0.459,-4.5,,
2026,15,REG,2026-12-20,2026_15_DET_MIN,401873138,DET,MIN,Detroit Lions,Minnesota Vikings,0,1,1545.3,1597.4,-52.1,0.0628,0.077,-0.0518,-0.1117,0.1557,0.0987,-0.0324,-0.088,-0.0741,00-0033106,00-0032950,00-0033106,00-0032950,0.1477,-0.0006,0.1484,0,0,7,10,-3,0,0,871,0,0.871,0.0,3.35,0.459,-4.5,1.0,11.5,,
2026,15,REG,2026-12-21,2026_15_NE_KC,401873139,KC,NE,Kansas City Chiefs,New England Patriots,1,0,1538.9,1610.5,-71.6,0.0161,-0.0386,0.0083,-0.1017,0.0161,-0.0015,0.0878,-0.0909,-0.0552,00-0033873,00-0039851,00-0033873,00-0039851,0.1765,0.1128,0.0637,0,0,8,11,-3,0,0,0,1984,-1.984,-0.471,-8.0,1.0,12.0,0.541,7.0,,
2026,15,REG,2026-12-21,2026_15_NE_KC,401873139,NE,KC,New England Patriots,Kansas City Chiefs,0,0,1610.5,1538.9,71.6,0.0083,-0.1017,0.0161,-0.0386,0.0878,-0.0909,0.0161,-0.0015,0.0552,00-0039851,00-0033873,00-0039851,00-0033873,0.1128,0.1765,-0.0637,0,0,11,8,3,0,0,1984,0,1.984,0.471,8.0,0.541,7.0,1.0,12.0,,
2026,16,REG,2026-12-24,2026_16_HOU_PHI,401873140,PHI,HOU,Philadelphia Eagles,Houston Texans,1,0,1573.3,1547.4,25.9,0.0233,-0.017,-0.0465,-0.0628,0.1016,0.0161,0.0143,0.0008,0.024,00-0036389,00-0039163,00-0036389,00-0039163,0.109,0.034,0.075,0,0,5,4,1,0,0,0,2162,-2.162,-0.059,-3.24,1.0,3.0,0.0,-9.5,,
2026,16,REG,2026-12-24,2026_16_HOU_PHI,401873140,HOU,PHI,Houston Texans,Philadelphia Eagles,0,0,1547.4,1573.3,-25.9,-0.0465,-0.0628,0.0233,-0.017,0.0143,0.0008,0.1016,0.0161,-0.024,00-0039163,00-0036389,00-0039163,00-0036389,0.034,0.109,-0.075,0,0,4,5,-1,0,0,2162,0,2.162,0.059,3.24,0.0,-9.5,1.0,3.0,,
2026,16,REG,2026-12-25,2026_16_GB_CHI,401873141,CHI,GB,Chicago Bears,Green Bay Packers,1,1,1537.6,1470.6,67.0,0.0616,0.0329,0.0101,0.0636,0.1295,0.0955,0.111,0.1593,0.0821,00-0039918,00-0036264,00-0039918,00-0036264,0.0581,0.144,-0.0858,0,0,6,5,1,0,0,0,296,-0.296,0.088,-0.29,0.459,8.0,0.33,-11.67,,
2026,16,REG,2026-12-25,2026_16_GB_CHI,401873141,GB,CHI,Green Bay Packers,Chicago Bears,0,1,1470.6,1537.6,-67.0,0.0101,0.0636,0.0616,0.0329,0.111,0.1593,0.1295,0.0955,-0.0821,00-0036264,00-0039918,00-0036264,00-0039918,0.144,0.0581,0.0858,0,0,5,6,-1,0,0,296,0,0.296,-0.088,0.29,0.33,-11.67,0.459,8.0,,
2026,16,REG,2026-12-25,2026_16_BUF_DEN,401873142,DEN,BUF,Denver Broncos,Buffalo Bills,1,0,1591.0,1643.2,-52.2,-0.0327,-0.0285,0.1711,0.0413,0.017,-0.0507,0.2516,0.0697,-0.134,00-0039732,00-0034857,00-0039732,00-0034857,0.0728,0.1913,-0.1185,0,0,5,6,-1,0,0,0,2209,-2.209,0.118,-1.53,0.541,-7.0,1.0,7.5,,
2026,16,REG,2026-12-25,2026_16_BUF_DEN,401873142,BUF,DEN,Buffalo Bills,Denver Broncos,0,0,1643.2,1591.0,52.2,0.1711,0.0413,-0.0327,-0.0285,0.2516,0.0697,0.017,-0.0507,0.134,00-0034857,00-0039732,00-0034857,00-0039732,0.1913,0.0728,0.1185,0,0,6,5,1,0,0,2209,0,2.209,-0.118,1.53,1.0,7.5,0.541,-7.0,,
2026,16,REG,2026-12-25,2026_16_LA_SEA,401873143,SEA,LA,Seattle Seahawks,Los Angeles Rams,1,1,1698.8,1590.5,108.3,0.0566,-0.1365,0.0812,-0.0325,0.1964,-0.0865,0.1489,0.0074,0.0795,00-0035704,00-0026498,00-0035704,00-0026498,-0.0273,0.1312,-0.1585,0,0,6,5,1,0,0,0,1553,-1.553,0.118,1.12,1.0,13.5,0.541,1.0,,
2026,16,REG,2026-12-25,2026_16_LA_SEA,401873143,LA,SEA,Los Angeles Rams,Seattle Seahawks,0,1,1590.5,1698.8,-108.3,0.0812,-0.0325,0.0566,-0.1365,0.1489,0.0074,0.1964,-0.0865,-0.0795,00-0026498,00-0035704,00-0026498,00-0035704,0.1312,-0.0273,0.1585,0,0,5,6,-1,0,0,1553,0,1.553,-0.118,-1.12,0.541,1.0,1.0,13.5,,
2026,16,REG,2026-12-27,2026_16_ARI_NO,401873148,NO,ARI,New Orleans Saints,Arizona Cardinals,1,0,1471.9,1422.8,49.1,-0.0079,-0.035,-0.0282,0.0625,0.0456,-0.0009,0.02,0.2005,0.1178,00-0040743,00-0033119,00-0040743,00-0033119,0.0106,-0.0124,0.023,0,0,7,7,0,0,0,0,2131,-2.131,0.176,3.29,0.541,3.0,0.459,-6.0,,
2026,16,REG,2026-12-27,2026_16_ARI_NO,401873148,ARI,NO,Arizona Cardinals,New Orleans Saints,0,0,1422.8,1471.9,-49.1,-0.0282,0.0625,-0.0079,-0.035,0.02,0.2005,0.0456,-0.0009,-0.1178,00-0033119,00-0040743,00-0033119,00-0040743,-0.0124,0.0106,-0.023,0,0,7,7,0,0,0,2131,0,2.131,-0.176,-3.29,0.459,-6.0,0.541,3.0,,
2026,16,REG,2026-12-27,2026_16_CAR_PIT,401873144,PIT,CAR,Pittsburgh Steelers,Carolina Panthers,1,0,1509.5,1454.4,55.1,-0.1025,-0.0405,-0.0027,0.0168,-0.1142,-0.05,0.078,0.0463,-0.0425,00-0023459,00-0039150,00-0023459,00-0039150,0.0527,-0.0406,0.0933,0,0,7,7,0,0,0,0,585,-0.585,0.118,4.65,0.459,-5.0,0.541,4.5,,
2026,16,REG,2026-12-27,2026_16_CAR_PIT,401873144,CAR,PIT,Carolina Panthers,Pittsburgh Steelers,0,0,1454.4,1509.5,-55.1,-0.0027,0.0168,-0.1025,-0.0405,0.078,0.0463,-0.1142,-0.05,0.0425,00-0039150,00-0023459,00-0039150,00-0023459,-0.0406,0.0527,-0.0933,0,0,7,7,0,0,0,585,0,0.585,-0.118,-4.65,0.541,4.5,0.459,-5.0,,
2026,16,REG,2026-12-27,2026_16_CIN_IND,401873145,IND,CIN,Indianapolis Colts,Cincinnati Bengals,1,0,1435.6,1538.9,-103.3,0.0106,0.0722,0.0074,-0.0049,0.0048,0.1408,0.0219,0.0265,-0.0738,00-0035710,00-0036442,00-0035710,00-0036442,0.002,0.1139,-0.1119,0,0,7,7,0,0,0,0,160,-0.16,0.118,7.76,0.0,-10.5,1.0,10.0,,
2026,16,REG,2026-12-27,2026_16_CIN_IND,401873145,CIN,IND,Cincinnati Bengals,Indianapolis Colts,0,0,1538.9,1435.6,103.3,0.0074,-0.0049,0.0106,0.0722,0.0219,0.0265,0.0048,0.1408,0.0738,00-0036442,00-0035710,00-0036442,00-0035710,0.1139,0.002,0.1119,0,0,7,7,0,0,0,160,0,0.16,-0.118,-7.76,1.0,10.0,0.0,-10.5,,
2026,16,REG,2026-12-27,2026_16_CLE_BAL,401873149,BAL,CLE,Baltimore Ravens,Cleveland Browns,1,1,1539.0,1433.5,105.5,0.0797,-0.0076,-0.1243,-0.0306,0.1097,0.0297,-0.0984,-0.0213,0.181,00-0034796,00-0033537,00-0034796,00-0033537,0.1553,0.0529,0.1023,0,0,7,7,0,0,0,0,496,-0.496,0.176,7.41,0.459,5.5,0.541,-10.0,,
2026,16,REG,2026-12-27,2026_16_CLE_BAL,401873149,CLE,BAL,Cleveland Browns,Baltimore Ravens,0,1,1433.5,1539.0,-105.5,-0.1243,-0.0306,0.0797,-0.0076,-0.0984,-0.0213,0.1097,0.0297,-0.181,00-0033537,00-0034796,00-0033537,00-0034796,0.0529,0.1553,-0.1023,0,0,7,7,0,0,0,496,0,0.496,-0.176,-7.41,0.541,-10.0,0.459,5.5,,
2026,16,REG,2026-12-27,2026_16_LAC_MIA,401873150,MIA,LAC,Miami Dolphins,Los Angeles Chargers,1,0,1415.5,1449.3,-33.7,-0.0512,0.089,-0.0982,-0.0432,-0.0002,0.2236,-0.0238,0.0499,-0.0853,00-0038128,00-0036355,00-0038128,00-0036355,0.0178,0.0634,-0.0456,0,0,7,10,-3,0,0,0,3754,-3.754,-0.235,-6.18,0.0,-18.0,0.0,-12.0,,
2026,16,REG,2026-12-27,2026_16_LAC_MIA,401873150,LAC,MIA,Los Angeles Chargers,Miami Dolphins,0,0,1449.3,1415.5,33.7,-0.0982,-0.0432,-0.0512,0.089,-0.0238,0.0499,-0.0002,0.2236,0.0853,00-0036355,00-0038128,00-0036355,00-0038128,0.0634,0.0178,0.0456,0,0,10,7,3,0,0,3754,0,3.754,0.235,6.18,0.0,-12.0,0.0,-18.0,,
2026,16,REG,2026-12-27,2026_16_NE_NYJ,401873151,NYJ,NE,New York Jets,New England Patriots,1,1,1384.7,1610.5,-225.8,-0.0814,0.0524,0.0083,-0.1017,-0.0333,0.1747,0.0878,-0.0909,-0.2437,00-0030565,00-0039851,00-0030565,00-0039851,-0.006,0.1128,-0.1188,0,0,7,6,1,0,0,0,274,-0.274,-0.647,-21.94,0.459,5.0,0.541,7.0,,
2026,16,REG,2026-12-27,2026_16_NE_NYJ,401873151,NE,NYJ,New England Patriots,New York Jets,0,1,1610.5,1384.7,225.8,0.0083,-0.1017,-0.0814,0.0524,0.0878,-0.0909,-0.0333,0.1747,0.2437,00-0039851,00-0030565,00-0039851,00-0030565,0.1128,-0.006,0.1188,0,0,6,7,-1,0,0,274,0,0.274,0.647,21.94,0.541,7.0,0.459,5.0,,
2026,16,REG,2026-12-27,2026_16_TB_ATL,401873146,ATL,TB,Atlanta Falcons,Tampa Bay Buccaneers,1,1,1460.5,1443.7,16.8,-0.0577,-0.0167,-0.033,0.0187,-0.0759,0.0356,-0.0154,0.1059,0.0107,00-0039917,00-0034855,00-0039917,00-0034855,0.0404,0.0701,-0.0298,0,0,7,7,0,0,0,0,668,-0.668,0.0,-1.0,0.389,-5.67,0.0,-5.0,,
2026,16,REG,2026-12-27,2026_16_TB_ATL,401873146,TB,ATL,Tampa Bay Buccaneers,Atlanta Falcons,0,1,1443.7,1460.5,-16.8,-0.033,0.0187,-0.0577,-0.0167,-0.0154,0.1059,-0.0759,0.0356,-0.0107,00-0034855,00-0039917,00-0034855,00-0039917,0.0701,0.0404,0.0298,0,0,7,7,0,0,0,668,0,0.668,0.0,1.0,0.0,-5.0,0.389,-5.67,,
2026,16,REG,2026-12-27,2026_16_WAS_MIN,401873147,MIN,WAS,Minnesota Vikings,Washington Commanders,1,0,1597.4,1431.3,166.1,-0.0518,-0.1117,0.0299,0.1186,-0.0324,-0.088,0.0881,0.2129,0.1487,00-0032950,00-0039910,00-0032950,00-0039910,-0.0006,0.1086,-0.1092,0,0,7,7,0,0,0,0,1511,-1.511,0.235,6.24,1.0,11.5,0.0,-9.5,,
2026,16,REG,2026-12-27,2026_16_WAS_MIN,401873147,WAS,MIN,Washington Commanders,Minnesota Vikings,0,0,1431.3,1597.4,-166.1,0.0299,0.1186,-0.0518,-0.1117,0.0881,0.2129,-0.0324,-0.088,-0.1487,00-0039910,00-0032950,00-0039910,00-0032950,0.1086,-0.0006,0.1092,0,0,7,7,0,0,0,1511,0,1.511,-0.235,-6.24,0.0,-9.5,1.0,11.5,,
2026,16,REG,2026-12-27,2026_16_TEN_LV,401873152,LV,TEN,Las Vegas Raiders,Tennessee Titans,1,0,1424.7,1323.9,100.8,-0.1305,-0.0728,-0.0831,0.0752,-0.0478,0.0299,-0.0904,0.1751,0.1007,00-0029604,00-0040676,00-0029604,00-0040676,0.0599,-0.1325,0.1924,0,0,7,7,0,0,0,0,2543,-2.543,0.0,0.18,1.0,13.0,0.0,-8.5,,
2026,16,REG,2026-12-27,2026_16_TEN_LV,401873152,TEN,LV,Tennessee Titans,Las Vegas Raiders,0,0,1323.9,1424.7,-100.8,-0.0831,0.0752,-0.1305,-0.0728,-0.0904,0.1751,-0.0478,0.0299,-0.1007,00-0040676,00-0029604,00-0040676,00-0029604,-0.1325,0.0599,-0.1924,0,0,7,7,0,0,0,2543,0,2.543,0.0,-0.18,0.0,-8.5,1.0,13.0,,
2026,16,REG,2026-12-27,2026_16_SF_KC,401873153,KC,SF,Kansas City Chiefs,San Francisco 49ers,1,0,1538.9,1608.6,-69.6,0.0161,-0.0386,0.0922,0.0123,0.0161,-0.0015,0.2112,0.0635,-0.0252,00-0033873,00-0037834,00-0033873,00-0037834,0.1765,0.1889,-0.0123,0,0,6,10,-4,0,0,0,2399,-2.399,-0.353,-1.88,1.0,12.0,1.0,21.0,,
2026,16,REG,2026-12-27,2026_16_SF_KC,401873153,SF,KC,San Francisco 49ers,Kansas City Chiefs,0,0,1608.6,1538.9,69.6,0.0922,0.0123,0.0161,-0.0386,0.2112,0.0635,0.0161,-0.0015,0.0252,00-0037834,00-0033873,00-0037834,00-0033873,0.1889,0.1765,0.0123,0,0,10,6,4,0,0,2399,0,2.399,0.353,1.88,1.0,21.0,1.0,12.0,,
2026,16,REG,2026-12-27,2026_16_JAX_DAL,401873154,DAL,JAX,Dallas Cowboys,Jacksonville Jaguars,1,0,1465.6,1568.7,-103.1,0.1055,0.1358,0.0624,-0.0476,0.1911,0.2354,0.1619,-0.0298,-0.1404,00-0033077,00-0036971,00-0033077,00-0036971,0.1353,0.0529,0.0825,0,0,7,7,0,0,0,0,1488,-1.488,-0.324,-10.47,0.541,4.5,0.459,8.5,,
2026,16,REG,2026-12-27,2026_16_JAX_DAL,401873154,JAX,DAL,Jacksonville Jaguars,Dallas Cowboys,0,0,1568.7,1465.6,103.1,0.0624,-0.0476,0.1055,0.1358,0.1619,-0.0298,0.1911,0.2354,0.1404,00-0036971,00-0033077,00-0036971,00-0033077,0.0529,0.1353,-0.0825,0,0,7,7,0,0,0,1488,0,1.488,0.324,10.47,0.459,8.5,0.541,4.5,,
2026,16,REG,2026-12-28,2026_16_NYG_DET,401873155,DET,NYG,Detroit Lions,New York Giants,1,0,1545.3,1433.4,111.9,0.0628,0.077,0.0126,0.0994,0.1557,0.0987,0.0653,0.1631,0.0725,00-0033106,00-0040691,00-0033106,00-0040691,0.1477,0.0622,0.0856,0,0,8,8,0,0,0,0,765,-0.765,0.294,7.41,0.459,-4.5,0.459,-7.0,,
2026,16,REG,2026-12-28,2026_16_NYG_DET,401873155,NYG,DET,New York Giants,Detroit Lions,0,0,1433.4,1545.3,-111.9,0.0126,0.0994,0.0628,0.077,0.0653,0.1631,0.1557,0.0987,-0.0725,00-0040691,00-0033106,00-0040691,00-0033106,0.0622,0.1477,-0.0856,0,0,8,8,0,0,0,765,0,0.765,-0.294,-7.41,0.459,-7.0,0.459,-4.5,,
2026,17,REG,2026-12-31,2026_17_BAL_CIN,401873156,CIN,BAL,Cincinnati Bengals,Baltimore Ravens,1,1,1538.9,1539.0,-0.1,0.0074,-0.0049,0.0797,-0.0076,0.0219,0.0265,0.1097,0.0297,-0.075,00-0036442,00-0034796,00-0036442,00-0034796,0.1139,0.1553,-0.0414,0,0,4,4,0,0,0,0,680,-0.68,-0.118,-6.12,1.0,10.0,0.459,5.5,,
2026,17,REG,2026-12-31,2026_17_BAL_CIN,401873156,BAL,CIN,Baltimore Ravens,Cincinnati Bengals,0,1,1539.0,1538.9,0.1,0.0797,-0.0076,0.0074,-0.0049,0.1097,0.0297,0.0219,0.0265,0.075,00-0034796,00-0036442,00-0034796,00-0036442,0.1553,0.1139,0.0414,0,0,4,4,0,0,0,680,0,0.68,0.118,6.12,0.459,5.5,1.0,10.0,,
2026,17,REG,2027-01-03,2026_17_BUF_MIA,401873161,MIA,BUF,Miami Dolphins,Buffalo Bills,1,1,1415.5,1643.2,-227.7,-0.0512,0.089,0.1711,0.0413,-0.0002,0.2236,0.2516,0.0697,-0.27,00-0038128,00-0034857,00-0038128,00-0034857,0.0178,0.1913,-0.1735,0,0,7,9,-2,0,0,0,1875,-1.875,-0.294,-11.35,0.0,-18.0,1.0,7.5,,
2026,17,REG,2027-01-03,2026_17_BUF_MIA,401873161,BUF,MIA,Buffalo Bills,Miami Dolphins,0,1,1643.2,1415.5,227.7,0.1711,0.0413,-0.0512,0.089,0.2516,0.0697,-0.0002,0.2236,0.27,00-0034857,00-0038128,00-0034857,00-0038128,0.1913,0.0178,0.1735,0,0,9,7,2,0,0,1875,0,1.875,0.294,11.35,1.0,7.5,0.0,-18.0,,
2026,17,REG,2027-01-03,2026_17_DEN_NE,401873157,NE,DEN,New England Patriots,Denver Broncos,1,0,1610.5,1591.0,19.5,0.0083,-0.1017,-0.0327,-0.0285,0.0878,-0.0909,0.017,-0.0507,0.1141,00-0039851,00-0039732,00-0039851,00-0039732,0.1128,0.0728,0.04,0,0,7,9,-2,0,0,0,2830,-2.83,0.0,4.71,0.541,7.0,0.541,-7.0,,
2026,17,REG,2027-01-03,2026_17_DEN_NE,401873157,DEN,NE,Denver Broncos,New England Patriots,0,0,1591.0,1610.5,-19.5,-0.0327,-0.0285,0.0083,-0.1017,0.017,-0.0507,0.0878,-0.0909,-0.1141,00-0039732,00-0039851,00-0039732,00-0039851,0.0728,0.1128,-0.04,0,0,9,7,2,0,0,2830,0,2.83,0.0,-4.71,0.541,-7.0,0.541,7.0,,
2026,17,REG,2027-01-03,2026_17_IND_CLE,401873162,CLE,IND,Cleveland Browns,Indianapolis Colts,1,0,1433.5,1435.6,-2.1,-0.1243,-0.0306,0.0106,0.0722,-0.0984,-0.0213,0.0048,0.1408,-0.0322,00-0033537,00-0035710,00-0033537,00-0035710,0.0529,0.002,0.0509,0,0,7,7,0,0,0,0,424,-0.424,-0.176,-9.06,0.541,-10.0,0.0,-10.5,,
2026,17,REG,2027-01-03,2026_17_IND_CLE,401873162,IND,CLE,Indianapolis Colts,Cleveland Browns,0,0,1435.6,1433.5,2.1,0.0106,0.0722,-0.1243,-0.0306,0.0048,0.1408,-0.0984,-0.0213,0.0322,00-0035710,00-0033537,00-0035710,00-0033537,0.002,0.0529,-0.0509,0,0,7,7,0,0,0,424,0,0.424,0.176,9.06,0.0,-10.5,0.541,-10.0,,
2026,17,REG,2027-01-03,2026_17_KC_LAC,401873158,LAC,KC,Los Angeles Chargers,Kansas City Chiefs,1,1,1449.3,1538.9,-89.7,-0.0982,-0.0432,0.0161,-0.0386,-0.0238,0.0499,0.0161,-0.0015,-0.1097,00-0036355,00-0033873,00-0036355,00-0033873,0.0634,0.1765,-0.1131,0,0,7,7,0,0,0,0,2199,-2.199,0.294,-0.35,0.0,-12.0,1.0,12.0,,
2026,17,REG,2027-01-03,2026_17_KC_LAC,401873158,KC,LAC,Kansas City Chiefs,Los Angeles Chargers,0,1,1538.9,1449.3,89.7,0.0161,-0.0386,-0.0982,-0.0432,0.0161,-0.0015,-0.0238,0.0499,0.1097,00-0033873,00-0036355,00-0033873,00-0036355,0.1765,0.0634,0.1131,0,0,7,7,0,0,0,2199,0,2.199,-0.294,0.35,1.0,12.0,0.0,-12.0,,
2026,17,REG,2027-01-03,2026_17_LA_TB,401873159,TB,LA,Tampa Bay Buccaneers,Los Angeles Rams,1,0,1443.7,1590.5,-146.8,-0.033,0.0187,0.0812,-0.0325,-0.0154,0.1059,0.1489,0.0074,-0.1653,00-0034855,00-0026498,00-0034855,00-0026498,0.0701,0.1312,-0.0611,0,0,7,9,-2,0,0,0,3463,-3.463,-0.235,-11.94,0.0,-5.0,0.541,1.0,,
2026,17,REG,2027-01-03,2026_17_LA_TB,401873159,LA,TB,Los Angeles Rams,Tampa Bay Buccaneers,0,0,1590.5,1443.7,146.8,0.0812,-0.0325,-0.033,0.0187,0.1489,0.0074,-0.0154,0.1059,0.1653,00-0026498,00-0034855,00-0026498,00-0034855,0.1312,0.0701,0.0611,0,0,9,7,2,0,0,3463,0,3.463,0.235,11.94,0.541,1.0,0.0,-5.0,,
2026,17,REG,2027-01-03,2026_17_MIN_NYJ,401873163,NYJ,MIN,New York Jets,Minnesota Vikings,1,0,1384.7,1597.4,-212.7,-0.0814,0.0524,-0.0518,-0.1117,-0.0333,0.1747,-0.0324,-0.088,-0.1937,00-0030565,00-0032950,00-0030565,00-0032950,-0.006,-0.0006,-0.0053,0,0,7,7,0,0,0,0,1625,-1.625,-0.353,-12.59,0.459,5.0,1.0,11.5,,
2026,17,REG,2027-01-03,2026_17_MIN_NYJ,401873163,MIN,NYJ,Minnesota Vikings,New York Jets,0,0,1597.4,1384.7,212.7,-0.0518,-0.1117,-0.0814,0.0524,-0.0324,-0.088,-0.0333,0.1747,0.1937,00-0032950,00-0030565,00-0032950,00-0030565,-0.0006,-0.006,0.0053,0,0,7,7,0,0,0,1625,0,1.625,0.353,12.59,1.0,11.5,0.459,5.0,,
2026,17,REG,2027-01-03,2026_17_NO_ATL,401873164,ATL,NO,Atlanta Falcons,New Orleans Saints,1,1,1460.5,1471.9,-11.4,-0.0577,-0.0167,-0.0079,-0.035,-0.0759,0.0356,0.0456,-0.0009,-0.0681,00-0039917,00-0040743,00-0039917,00-0040743,0.0404,0.0106,0.0297,0,0,7,7,0,0,0,0,683,-0.683,0.118,1.71,0.389,-5.67,0.541,3.0,,
2026,17,REG,2027-01-03,2026_17_NO_ATL,401873164,NO,ATL,New Orleans Saints,Atlanta Falcons,0,1,1471.9,1460.5,11.4,-0.0079,-0.035,-0.0577,-0.0167,0.0456,-0.0009,-0.0759,0.0356,0.0681,00-0040743,00-0039917,00-0040743,00-0039917,0.0106,0.0404,-0.0297,0,0,7,7,0,0,0,683,0,0.683,-0.118,-1.71,0.541,3.0,0.389,-5.67,,
2026,17,REG,2027-01-03,2026_17_NYG_DAL,401873165,DAL,NYG,Dallas Cowboys,New York Giants,1,1,1465.6,1433.4,32.2,0.1055,0.1358,0.0126,0.0994,0.1911,0.2354,0.0653,0.1631,0.0564,00-0033077,00-0040691,00-0033077,00-0040691,0.1353,0.0622,0.0732,0,0,7,6,1,0,0,0,2229,-2.229,0.206,1.06,0.541,4.5,0.459,-7.0,,
2026,17,REG,2027-01-03,2026_17_NYG_DAL,401873165,NYG,DAL,New York Giants,Dallas Cowboys,0,1,1433.4,1465.6,-32.2,0.0126,0.0994,0.1055,0.1358,0.0653,0.1631,0.1911,0.2354,-0.0564,00-0040691,00-0033077,00-0040691,00-0033077,0.0622,0.1353,-0.0732,0,0,6,7,-1,0,0,2229,0,2.229,-0.206,-1.06,0.459,-7.0,0.541,4.5,,
2026,17,REG,2027-01-03,2026_17_PIT_TEN,401873166,TEN,PIT,Tennessee Titans,Pittsburgh Steelers,1,0,1323.9,1509.5,-185.6,-0.0831,0.0752,-0.1025,-0.0405,-0.0904,0.1751,-0.1142,-0.05,-0.0963,00-0040676,00-0023459,00-0040676,00-0023459,-0.1325,0.0527,-0.1852,0,0,7,7,0,0,0,0,757,-0.757,-0.412,-12.0,0.0,-8.5,0.459,-5.0,,
2026,17,REG,2027-01-03,2026_17_PIT_TEN,401873166,PIT,TEN,Pittsburgh Steelers,Tennessee Titans,0,0,1509.5,1323.9,185.6,-0.1025,-0.0405,-0.0831,0.0752,-0.1142,-0.05,-0.0904,0.1751,0.0963,00-0023459,00-0040676,00-0023459,00-0040676,0.0527,-0.1325,0.1852,0,0,7,7,0,0,0,757,0,0.757,0.412,12.0,0.459,-5.0,0.0,-8.5,,
2026,17,REG,2027-01-03,2026_17_SEA_CAR,401873167,CAR,SEA,Carolina Panthers,Seattle Seahawks,1,0,1454.4,1698.8,-244.3,-0.0027,0.0168,0.0566,-0.1365,0.078,0.0463,0.1964,-0.0865,-0.2126,00-0039150,00-0035704,00-0039150,00-0035704,-0.0406,-0.0273,-0.0133,0,0,7,9,-2,0,0,0,3670,-3.67,-0.353,-15.29,0.541,4.5,1.0,13.5,,
2026,17,REG,2027-01-03,2026_17_SEA_CAR,401873167,SEA,CAR,Seattle Seahawks,Carolina Panthers,0,0,1698.8,1454.4,244.3,0.0566,-0.1365,-0.0027,0.0168,0.1964,-0.0865,0.078,0.0463,0.2126,00-0035704,00-0039150,00-0035704,00-0039150,-0.0273,-0.0406,0.0133,0,0,9,7,2,0,0,3670,0,3.67,0.353,15.29,1.0,13.5,0.541,4.5,,
2026,17,REG,2027-01-03,2026_17_WAS_JAX,401873160,JAX,WAS,Jacksonville Jaguars,Washington Commanders,1,0,1568.7,1431.3,137.3,0.0624,-0.0476,0.0299,0.1186,0.1619,-0.0298,0.0881,0.2129,0.1988,00-0036971,00-0039910,00-0036971,00-0039910,0.0529,0.1086,-0.0557,0,0,7,7,0,0,0,0,1049,-1.049,0.471,13.71,0.459,8.5,0.0,-9.5,,
2026,17,REG,2027-01-03,2026_17_WAS_JAX,401873160,WAS,JAX,Washington Commanders,Jacksonville Jaguars,0,0,1431.3,1568.7,-137.3,0.0299,0.1186,0.0624,-0.0476,0.0881,0.2129,0.1619,-0.0298,-0.1988,00-0039910,00-0036971,00-0039910,00-0036971,0.1086,0.0529,0.0557,0,0,7,7,0,0,0,1049,0,1.049,-0.471,-13.71,0.0,-9.5,0.459,8.5,,
2026,17,REG,2027-01-03,2026_17_LV_ARI,401873168,ARI,LV,Arizona Cardinals,Las Vegas Raiders,1,0,1422.8,1424.7,-1.8,-0.0282,0.0625,-0.1305,-0.0728,0.02,0.2005,-0.0478,0.0299,-0.0331,00-0033119,00-0029604,00-0033119,00-0029604,-0.0124,0.0599,-0.0723,0,0,7,7,0,0,0,0,390,-0.39,0.0,3.41,0.459,-6.0,1.0,13.0,,
2026,17,REG,2027-01-03,2026_17_LV_ARI,401873168,LV,ARI,Las Vegas Raiders,Arizona Cardinals,0,0,1424.7,1422.8,1.8,-0.1305,-0.0728,-0.0282,0.0625,-0.0478,0.0299,0.02,0.2005,0.0331,00-0029604,00-0033119,00-0029604,00-0033119,0.0599,-0.0124,0.0723,0,0,7,7,0,0,0,390,0,0.39,0.0,-3.41,1.0,13.0,0.459,-6.0,,
2026,17,REG,2027-01-03,2026_17_DET_CHI,401873169,CHI,DET,Chicago Bears,Detroit Lions,1,1,1537.6,1545.3,-7.7,0.0616,0.0329,0.0628,0.077,0.1295,0.0955,0.1557,0.0987,0.0429,00-0039918,00-0033106,00-0039918,00-0033106,0.0581,0.1477,-0.0896,0,0,9,6,3,0,0,0,381,-0.381,0.118,-2.47,0.459,8.0,0.459,-4.5,,
2026,17,REG,2027-01-03,2026_17_DET_CHI,401873169,DET,CHI,Detroit Lions,Chicago Bears,0,1,1545.3,1537.6,7.7,0.0628,0.077,0.0616,0.0329,0.1557,0.0987,0.1295,0.0955,-0.0429,00-0033106,00-0039918,00-0033106,00-0039918,0.1477,0.0581,0.0896,0,0,6,9,-3,0,0,381,0,0.381,-0.118,2.47,0.459,-4.5,0.459,8.0,,
2026,17,REG,2027-01-03,2026_17_PHI_SF,401873170,SF,PHI,San Francisco 49ers,Philadelphia Eagles,1,0,1608.6,1573.3,35.2,0.0922,0.0123,0.0233,-0.017,0.2112,0.0635,0.1016,0.0161,0.0396,00-0037834,00-0036389,00-0037834,00-0036389,0.1889,0.109,0.0799,0,0,7,10,-3,0,0,0,4027,-4.027,0.059,0.71,1.0,21.0,1.0,3.0,,
2026,17,REG,2027-01-03,2026_17_PHI_SF,401873170,PHI,SF,Philadelphia Eagles,San Francisco 49ers,0,0,1573.3,1608.6,-35.2,0.0233,-0.017,0.0922,0.0123,0.1016,0.0161,0.2112,0.0635,-0.0396,00-0036389,00-0037834,00-0036389,00-0037834,0.109,0.1889,-0.0799,0,0,10,7,3,0,0,4027,0,4.027,-0.059,-0.71,1.0,3.0,1.0,21.0,,
2026,17,REG,2027-01-04,2026_17_HOU_GB,401873171,GB,HOU,Green Bay Packers,Houston Texans,1,0,1470.6,1547.4,-76.8,0.0101,0.0636,-0.0465,-0.0628,0.111,0.1593,0.0143,0.0008,-0.0698,00-0036264,00-0039163,00-0036264,00-0039163,0.144,0.034,0.11,0,0,10,11,-1,0,0,0,1770,-1.77,-0.147,-4.59,0.33,-11.67,0.0,-9.5,,
2026,17,REG,2027-01-04,2026_17_HOU_GB,401873171,HOU,GB,Houston Texans,Green Bay Packers,0,0,1547.4,1470.6,76.8,-0.0465,-0.0628,0.0101,0.0636,0.0143,0.0008,0.111,0.1593,0.0698,00-0039163,00-0036264,00-0039163,00-0036264,0.034,0.144,-0.11,0,0,11,10,1,0,0,1770,0,1.77,0.147,4.59,0.0,-9.5,0.33,-11.67,,
2026,18,REG,2027-01-10,2026_18_ATL_CAR,401873172,CAR,ATL,Carolina Panthers,Atlanta Falcons,1,1,1454.4,1460.5,-6.1,-0.0027,0.0168,-0.0577,-0.0167,0.078,0.0463,-0.0759,0.0356,0.0215,00-0039150,00-0039917,00-0039150,00-0039917,-0.0406,0.0404,-0.081,0,0,7,7,0,0,0,0,364,-0.364,0.0,-1.24,0.541,4.5,0.389,-5.67,,
2026,18,REG,2027-01-10,2026_18_ATL_CAR,401873172,ATL,CAR,Atlanta Falcons,Carolina Panthers,0,1,1460.5,1454.4,6.1,-0.0577,-0.0167,-0.0027,0.0168,-0.0759,0.0356,0.078,0.0463,-0.0215,00-0039917,00-0039150,00-0039917,00-0039150,0.0404,-0.0406,0.081,0,0,7,7,0,0,0,364,0,0.364,0.0,1.24,0.389,-5.67,0.541,4.5,,
2026,18,REG,2027-01-10,2026_18_CHI_MIN,401873173,MIN,CHI,Minnesota Vikings,Chicago Bears,1,1,1597.4,1537.6,59.8,-0.0518,-0.1117,0.0616,0.0329,-0.0324,-0.088,0.1295,0.0955,0.0313,00-0032950,00-0039918,00-0032950,00-0039918,-0.0006,0.0581,-0.0588,0,0,7,7,0,0,0,0,572,-0.572,-0.118,-0.88,1.0,11.5,0.459,8.0,,
2026,18,REG,2027-01-10,2026_18_CHI_MIN,401873173,CHI,MIN,Chicago Bears,Minnesota Vikings,0,1,1537.6,1597.4,-59.8,0.0616,0.0329,-0.0518,-0.1117,0.1295,0.0955,-0.0324,-0.088,-0.0313,00-0039918,00-0032950,00-0039918,00-0032950,0.0581,-0.0006,0.0588,0,0,7,7,0,0,0,572,0,0.572,0.118,0.88,0.459,8.0,1.0,11.5,,
2026,18,REG,2027-01-10,2026_18_CLE_CIN,401873174,CIN,CLE,Cincinnati Bengals,Cleveland Browns,1,1,1538.9,1433.5,105.4,0.0074,-0.0049,-0.1243,-0.0306,0.0219,0.0265,-0.0984,-0.0213,0.106,00-0036442,00-0033537,00-0036442,00-0033537,0.1139,0.0529,0.061,0,0,10,7,3,0,0,0,359,-0.359,0.059,1.29,1.0,10.0,0.541,-10.0,,
2026,18,REG,2027-01-10,2026_18_CLE_CIN,401873174,CLE,CIN,Cleveland Browns,Cincinnati Bengals,0,1,1433.5,1538.9,-105.4,-0.1243,-0.0306,0.0074,-0.0049,-0.0984,-0.0213,0.0219,0.0265,-0.106,00-0033537,00-0036442,00-0033537,00-0036442,0.0529,0.1139,-0.061,0,0,7,10,-3,0,0,359,0,0.359,-0.059,-1.29,0.541,-10.0,1.0,10.0,,
2026,18,REG,2027-01-10,2026_18_DAL_WAS,401873175,WAS,DAL,Washington Commanders,Dallas Cowboys,1,1,1431.3,1465.6,-34.2,0.0299,0.1186,0.1055,0.1358,0.0881,0.2129,0.1911,0.2354,-0.0584,00-0039910,00-0033077,00-0039910,00-0033077,0.1086,0.1353,-0.0268,0,0,7,7,0,0,0,0,1943,-1.943,-0.147,-3.24,0.0,-9.5,0.541,4.5,,
2026,18,REG,2027-01-10,2026_18_DAL_WAS,401873175,DAL,WAS,Dallas Cowboys,Washington Commanders,0,1,1465.6,1431.3,34.2,0.1055,0.1358,0.0299,0.1186,0.1911,0.2354,0.0881,0.2129,0.0584,00-0033077,00-0039910,00-0033077,00-0039910,0.1353,0.1086,0.0268,0,0,7,7,0,0,0,1943,0,1.943,0.147,3.24,0.541,4.5,0.0,-9.5,,
2026,18,REG,2027-01-10,2026_18_DET_GB,401873176,GB,DET,Green Bay Packers,Detroit Lions,1,1,1470.6,1545.3,-74.7,0.0101,0.0636,0.0628,0.077,0.111,0.1593,0.1557,0.0987,-0.0392,00-0036264,00-0033106,00-0036264,00-0033106,0.144,0.1477,-0.0038,0,0,6,7,-1,0,0,0,471,-0.471,0.029,-2.18,0.33,-11.67,0.459,-4.5,,
2026,18,REG,2027-01-10,2026_18_DET_GB,401873176,DET,GB,Detroit Lions,Green Bay Packers,0,1,1545.3,1470.6,74.7,0.0628,0.077,0.0101,0.0636,0.1557,0.0987,0.111,0.1593,0.0392,00-0033106,00-0036264,00-0033106,00-0036264,0.1477,0.144,0.0038,0,0,7,6,1,0,0,471,0,0.471,-0.029,2.18,0.459,-4.5,0.33,-11.67,,
2026,18,REG,2027-01-10,2026_18_JAX_IND,401873177,IND,JAX,Indianapolis Colts,Jacksonville Jaguars,1,1,1435.6,1568.7,-133.1,0.0106,0.0722,0.0624,-0.0476,0.0048,0.1408,0.1619,-0.0298,-0.1716,00-0035710,00-0036971,00-0035710,00-0036971,0.002,0.0529,-0.0509,0,0,7,7,0,0,0,0,1127,-1.127,-0.294,-4.94,0.0,-10.5,0.459,8.5,,
2026,18,REG,2027-01-10,2026_18_JAX_IND,401873177,JAX,IND,Jacksonville Jaguars,Indianapolis Colts,0,1,1568.7,1435.6,133.1,0.0624,-0.0476,0.0106,0.0722,0.1619,-0.0298,0.0048,0.1408,0.1716,00-0036971,00-0035710,00-0036971,00-0035710,0.0529,0.002,0.0509,0,0,7,7,0,0,0,1127,0,1.127,0.294,4.94,0.459,8.5,0.0,-10.5,,
2026,18,REG,2027-01-10,2026_18_LAC_DEN,401873179,DEN,LAC,Denver Broncos,Los Angeles Chargers,1,1,1591.0,1449.3,141.7,-0.0327,-0.0285,-0.0982,-0.0432,0.017,-0.0507,-0.0238,0.0499,0.0507,00-0039732,00-0036355,00-0039732,00-0036355,0.0728,0.0634,0.0094,0,0,7,7,0,0,0,0,1347,-1.347,0.176,3.65,0.541,-7.0,0.0,-12.0,,
2026,18,REG,2027-01-10,2026_18_LAC_DEN,401873179,LAC,DEN,Los Angeles Chargers,Denver Broncos,0,1,1449.3,1591.0,-141.7,-0.0982,-0.0432,-0.0327,-0.0285,-0.0238,0.0499,0.017,-0.0507,-0.0507,00-0036355,00-0039732,00-0036355,00-0039732,0.0634,0.0728,-0.0094,0,0,7,7,0,0,0,1347,0,1.347,-0.176,-3.65,0.0,-12.0,0.541,-7.0,,
2026,18,REG,2027-01-10,2026_18_LV_KC,401873178,KC,LV,Kansas City Chiefs,Las Vegas Raiders,1,1,1538.9,1424.7,114.3,0.0161,-0.0386,-0.1305,-0.0728,0.0161,-0.0015,-0.0478,0.0299,0.1124,00-0033873,00-0029604,00-0033873,00-0029604,0.1765,0.0599,0.1166,0,0,7,7,0,0,0,0,1850,-1.85,0.176,13.24,1.0,12.0,1.0,13.0,,
2026,18,REG,2027-01-10,2026_18_LV_KC,401873178,LV,KC,Las Vegas Raiders,Kansas City Chiefs,0,1,1424.7,1538.9,-114.3,-0.1305,-0.0728,0.0161,-0.0386,-0.0478,0.0299,0.0161,-0.0015,-0.1124,00-0029604,00-0033873,00-0029604,00-0033873,0.0599,0.1765,-0.1166,0,0,7,7,0,0,0,1850,0,1.85,-0.176,-13.24,1.0,13.0,1.0,12.0,,
2026,18,REG,2027-01-10,2026_18_MIA_NE,401873180,NE,MIA,New England Patriots,Miami Dolphins,1,1,1610.5,1415.5,195.0,0.0083,-0.1017,-0.0512,0.089,0.0878,-0.0909,-0.0002,0.2236,0.2501,00-0039851,00-0038128,00-0039851,00-0038128,0.1128,0.0178,0.095,0,0,7,7,0,0,0,0,1973,-1.973,0.412,14.53,0.541,7.0,0.0,-18.0,,
2026,18,REG,2027-01-10,2026_18_MIA_NE,401873180,MIA,NE,Miami Dolphins,New England Patriots,0,1,1415.5,1610.5,-195.0,-0.0512,0.089,0.0083,-0.1017,-0.0002,0.2236,0.0878,-0.0909,-0.2501,00-0038128,00-0039851,00-0038128,00-0039851,0.0178,0.1128,-0.095,0,0,7,7,0,0,0,1973,0,1.973,-0.412,-14.53,0.0,-18.0,0.541,7.0,,
2026,18,REG,2027-01-10,2026_18_NYJ_BUF,401873181,BUF,NYJ,Buffalo Bills,New York Jets,1,1,1643.2,1384.7,258.5,0.1711,0.0413,-0.0814,0.0524,0.2516,0.0697,-0.0333,0.1747,0.2635,00-0034857,00-0030565,00-0034857,00-0030565,0.1913,-0.006,0.1973,0,0,7,7,0,0,0,0,447,-0.447,0.529,18.76,1.0,7.5,0.459,5.0,,
2026,18,REG,2027-01-10,2026_18_NYJ_BUF,401873181,NYJ,BUF,New York Jets,Buffalo Bills,0,1,1384.7,1643.2,-258.5,-0.0814,0.0524,0.1711,0.0413,-0.0333,0.1747,0.2516,0.0697,-0.2635,00-0030565,00-0034857,00-0030565,00-0034857,-0.006,0.1913,-0.1973,0,0,7,7,0,0,0,447,0,0.447,-0.529,-18.76,0.459,5.0,1.0,7.5,,
2026,18,REG,2027-01-10,2026_18_PHI_NYG,401873182,NYG,PHI,New York Giants,Philadelphia Eagles,1,1,1433.4,1573.3,-140.0,0.0126,0.0994,0.0233,-0.017,0.0653,0.1631,0.1016,0.0161,-0.127,00-0040691,00-0036389,00-0040691,00-0036389,0.0622,0.109,-0.0468,0,0,7,7,0,0,0,0,137,-0.137,-0.412,-6.59,0.459,-7.0,1.0,3.0,,
2026,18,REG,2027-01-10,2026_18_PHI_NYG,401873182,PHI,NYG,Philadelphia Eagles,New York Giants,0,1,1573.3,1433.4,140.0,0.0233,-0.017,0.0126,0.0994,0.1016,0.0161,0.0653,0.1631,0.127,00-0036389,00-0040691,00-0036389,00-0040691,0.109,0.0622,0.0468,0,0,7,7,0,0,0,137,0,0.137,0.412,6.59,1.0,3.0,0.459,-7.0,,
2026,18,REG,2027-01-10,2026_18_PIT_BAL,401873183,BAL,PIT,Baltimore Ravens,Pittsburgh Steelers,1,1,1539.0,1509.5,29.5,0.0797,-0.0076,-0.1025,-0.0405,0.1097,0.0297,-0.1142,-0.05,0.1493,00-0034796,00-0023459,00-0034796,00-0023459,0.1553,0.0527,0.1026,0,0,10,7,3,0,0,0,317,-0.317,-0.118,0.94,0.459,5.5,0.459,-5.0,,
2026,18,REG,2027-01-10,2026_18_PIT_BAL,401873183,PIT,BAL,Pittsburgh Steelers,Baltimore Ravens,0,1,1509.5,1539.0,-29.5,-0.1025,-0.0405,0.0797,-0.0076,-0.1142,-0.05,0.1097,0.0297,-0.1493,00-0023459,00-0034796,00-0023459,00-0034796,0.0527,0.1553,-0.1026,0,0,7,10,-3,0,0,317,0,0.317,0.118,-0.94,0.459,-5.0,0.459,5.5,,
2026,18,REG,2027-01-10,2026_18_SEA_LA,401873185,LA,SEA,Los Angeles Rams,Seattle Seahawks,1,1,1590.5,1698.8,-108.3,0.0812,-0.0325,0.0566,-0.1365,0.1489,0.0074,0.1964,-0.0865,-0.0795,00-0026498,00-0035704,00-0026498,00-0035704,0.1312,-0.0273,0.1585,0,0,7,7,0,0,0,0,1553,-1.553,-0.118,-1.12,0.541,1.0,1.0,13.5,,
2026,18,REG,2027-01-10,2026_18_SEA_LA,401873185,SEA,LA,Seattle Seahawks,Los Angeles Rams,0,1,1698.8,1590.5,108.3,0.0566,-0.1365,0.0812,-0.0325,0.1964,-0.0865,0.1489,0.0074,0.0795,00-0035704,00-0026498,00-0035704,00-0026498,-0.0273,0.1312,-0.1585,0,0,7,7,0,0,0,1553,0,1.553,0.118,1.12,1.0,13.5,0.541,1.0,,
2026,18,REG,2027-01-10,2026_18_SF_ARI,401873184,ARI,SF,Arizona Cardinals,San Francisco 49ers,1,1,1422.8,1608.6,-185.7,-0.0282,0.0625,0.0922,0.0123,0.02,0.2005,0.2112,0.0635,-0.1706,00-0033119,00-0037834,00-0033119,00-0037834,-0.0124,0.1889,-0.2013,0,0,7,7,0,0,0,0,978,-0.978,-0.529,-11.71,0.459,-6.0,1.0,21.0,,
2026,18,REG,2027-01-10,2026_18_SF_ARI,401873184,SF,ARI,San Francisco 49ers,Arizona Cardinals,0,1,1608.6,1422.8,185.7,0.0922,0.0123,-0.0282,0.0625,0.2112,0.0635,0.02,0.2005,0.1706,00-0037834,00-0033119,00-0037834,00-0033119,0.1889,-0.0124,0.2013,0,0,7,7,0,0,0,978,0,0.978,0.529,11.71,1.0,21.0,0.459,-6.0,,
2026,18,REG,2027-01-10,2026_18_TB_NO,401873186,NO,TB,New Orleans Saints,Tampa Bay Buccaneers,1,1,1471.9,1443.7,28.2,-0.0079,-0.035,-0.033,0.0187,0.0456,-0.0009,-0.0154,0.1059,0.0788,00-0040743,00-0034855,00-0040743,00-0034855,0.0106,0.0701,-0.0595,0,0,7,7,0,0,0,0,769,-0.769,-0.118,-2.71,0.541,3.0,0.0,-5.0,,
2026,18,REG,2027-01-10,2026_18_TB_NO,401873186,TB,NO,Tampa Bay Buccaneers,New Orleans Saints,0,1,1443.7,1471.9,-28.2,-0.033,0.0187,-0.0079,-0.035,-0.0154,0.1059,0.0456,-0.0009,-0.0788,00-0034855,00-0040743,00-0034855,00-0040743,0.0701,0.0106,0.0595,0,0,7,7,0,0,0,769,0,0.769,0.118,2.71,0.0,-5.0,0.541,3.0,,
2026,18,REG,2027-01-10,2026_18_TEN_HOU,401873187,HOU,TEN,Houston Texans,Tennessee Titans,1,1,1547.4,1323.9,223.5,-0.0465,-0.0628,-0.0831,0.0752,0.0143,0.0008,-0.0904,0.1751,0.1746,00-0039163,00-0040676,00-0039163,00-0040676,0.034,-0.1325,0.1665,0,0,6,7,-1,0,0,0,1081,-1.081,0.529,17.82,0.0,-9.5,0.0,-8.5,,
2026,18,REG,2027-01-10,2026_18_TEN_HOU,401873187,TEN,HOU,Tennessee Titans,Houston Texans,0,1,1323.9,1547.4,-223.5,-0.0831,0.0752,-0.0465,-0.0628,-0.0904,0.1751,0.0143,0.0008,-0.1746,00-0040676,00-0039163,00-0040676,00-0039163,-0.1325,0.034,-0.1665,0,0,7,6,1,0,0,1081,0,1.081,-0.529,-17.82,0.0,-8.5,0.0,-9.5,,
